set,canonicalKey,D,H,P,sH,sP,S,D_only_score,D_only_rank,baseline_A_v3_score,baseline_A_v3_rank,baseline_B_ca7_score,baseline_B_ca7_rank,baseline_C_v2_score,baseline_C_v2_rank,cand_D_additive_c2_score,cand_D_additive_c2_rank,cand_D_additive_c2_damp50_score,cand_D_additive_c2_damp50_rank,cand_D_additive_c4_score,cand_D_additive_c4_rank,cand_D_additive_c4_damp50_score,cand_D_additive_c4_damp50_rank,cand_D_additive_c6_score,cand_D_additive_c6_rank,cand_D_additive_c6_damp50_score,cand_D_additive_c6_damp50_rank,cand_D_additive_c8_score,cand_D_additive_c8_rank,cand_D_additive_c8_damp50_score,cand_D_additive_c8_damp50_rank,cand_E_h_dominant_c4_score,cand_E_h_dominant_c4_rank,cand_F_d_plus_h_c4_score,cand_F_d_plus_h_c4_rank,cand_P_only_control_c4_score,cand_P_only_control_c4_rank,cand_G_multiplicative_g4_score,cand_G_multiplicative_g4_rank,cand_G_multiplicative_g8_score,cand_G_multiplicative_g8_rank
Ascended Heroes,ascendedHeroes,0.9548088847995184,0.23379808,0.27143013281585104,0.9517,0.4286,0.7947,95.4809,1,53.161,3,96.0942,1,96.0432,1,96.6598,1,96.6598,1,97.8388,1,97.8388,1,99.0178,1,99.0178,1,100.0,1,100.0,1,98.4665,1,99.0942,1,94.9095,2,97.7323,1,99.9836,1
Paldean Fates,paldeanFates,0.9533012028197598,0.17910906,0.19879729074496683,0.7595,0.247,0.6057,95.3301,2,49.3708,9,95.7943,2,95.7667,2,95.753,2,95.753,2,96.1759,2,96.1759,2,96.5987,3,96.5987,3,97.0216,4,97.0216,4,96.7908,2,97.4058,2,93.3061,4,96.1364,2,96.9426,4
Scarlet and Violet 151,scarletAndViolet151,0.9361434005159052,0.20715561,0.28963645288998724,0.8644,0.4741,0.7473,93.6143,3,51.9371,5,94.5391,4,94.3811,3,94.6036,3,94.6036,3,95.5928,4,95.5928,4,96.582,4,96.582,4,97.5712,3,97.5712,3,96.0611,3,96.5295,3,93.4071,3,95.4664,4,97.3185,3
Prismatic Evolutions,prismaticEvolutions,0.9327753594294003,0.19949686,0.39877165446569446,0.8372,0.7469,0.8101,93.2775,4,54.2627,1,94.6179,3,94.216,4,94.5181,4,94.5181,4,95.7586,3,95.7586,3,96.9991,2,96.9991,2,98.2396,2,98.2396,2,95.8669,4,95.9753,4,95.253,1,95.5918,3,97.9061,2
Phantasmal Flames,phantasmalFlames,0.907445422181492,0.2427052,0.37136094666667846,0.9786,0.6784,0.8886,90.7445,5,54.0765,2,92.4631,5,92.1059,5,92.2988,5,92.2988,5,93.8531,5,93.8531,5,95.4074,5,95.4074,5,96.9616,5,96.9616,5,94.2134,5,94.5736,5,92.1718,5,93.5654,5,96.3862,5
Paldea Evolved,paldeaEvolved,0.9037416324649468,0.09331525,0.20942319703027942,0.2891,0.2736,0.2845,90.3742,6,44.6513,17,91.3821,6,91.0468,6,89.512,6,89.9431,6,88.6498,9,89.512,8,87.7877,10,89.0809,9,86.9255,12,88.6498,10,88.6685,9,88.6872,9,88.5626,8,88.8158,9,87.2574,11
Surging Sparks,surgingSparks,0.8885475765300535,0.12436211,0.3618839831757332,0.4963,0.6547,0.5438,88.8548,7,48.9417,10,90.8714,7,90.0772,7,89.0301,7,89.0301,7,89.2054,8,89.2054,9,89.3807,8,89.3807,8,89.556,8,89.556,8,89.0153,8,88.8252,8,90.0924,7,89.1663,8,89.4779,8
Destined Rivals,destinedRivals,0.879280330138304,0.14100826,0.3210523998930321,0.5869,0.5526,0.5766,87.928,8,48.1328,11,89.8659,9,89.2139,8,88.2346,10,88.2346,10,88.5411,10,88.5411,10,88.8477,9,88.8477,10,89.1542,9,89.1542,9,88.5823,10,88.6234,10,88.3491,9,88.4671,10,89.0062,9
Journey Together,journeyTogether,0.8745984246247558,0.21166773,0.2990165844271433,0.8799,0.4975,0.7652,87.4598,9,49.8677,8,89.3347,10,89.0061,10,88.5207,8,88.5207,8,89.5816,7,89.5816,7,90.6425,7,90.6425,7,91.7033,7,91.7033,7,90.0405,6,90.4993,6,87.4402,10,89.3155,7,91.1712,7
Obsidian Flames,obsidianFlames,0.8731505164940832,0.1029268,0.24841226105870623,0.3598,0.371,0.3632,87.3151,10,44.7388,16,88.8906,11,88.337,11,86.7679,12,87.0415,11,86.2207,12,86.7679,12,85.6735,13,86.4943,12,85.1263,14,86.2207,14,86.2072,12,86.1938,12,86.2833,12,86.3595,12,85.4039,13
White Flare,whiteFlare,0.8730001072963377,0.08997307,0.1351480307733338,0.2628,0.0879,0.2103,87.3,11,41.4478,20,88.1582,13,87.9861,13,86.1413,13,86.7207,13,84.9827,14,86.1413,13,83.824,17,85.562,15,82.6654,17,84.9827,16,85.1926,14,85.4026,15,84.003,15,85.277,14,83.254,17
Mega Evolution,megaEvolution,0.8719979471533423,0.19036125,0.4466030381700088,0.8034,0.8665,0.8223,87.1998,12,52.7076,4,90.0581,8,89.0741,9,88.4891,9,88.4891,9,89.7785,6,89.7785,6,91.0678,6,91.0678,6,92.3572,6,92.3572,6,89.7028,7,89.627,7,90.1319,6,89.4484,6,91.697,6
Paradox Rift,paradoxRift,0.8664578275633004,0.13839491,0.2982903763399623,0.5734,0.4957,0.5501,86.6458,13,46.9594,12,88.6375,12,87.9969,12,86.8463,11,86.8463,12,87.0467,11,87.0467,11,87.2472,11,87.2472,11,87.4477,11,87.4477,12,87.14,11,87.2332,11,86.6116,11,86.9932,11,87.3406,10
Stellar Crown,stellarCrown,0.8635484270757002,0.10806764,0.2591919249492303,0.395,0.398,0.3959,86.3548,14,44.8041,15,88.1232,14,87.5046,14,85.9384,14,86.1466,14,85.522,13,85.9384,14,85.1056,14,85.7302,14,84.6892,15,85.522,15,85.5184,13,85.5149,14,85.5387,14,85.6357,13,84.9165,15
Temporal Forces,temporalForces,0.8603493983071282,0.09604865,0.2901613232921157,0.31,0.4754,0.3596,86.0349,15,45.0297,14,88.061,15,87.2478,15,85.4733,15,85.7541,15,84.9117,15,85.4733,15,84.35,16,85.1925,16,83.7884,16,84.9117,17,84.7131,16,84.5146,16,85.8382,13,85.0685,15,84.1021,16
Black Bolt,blackBolt,0.8401381207941817,0.12541797,0.1362285900793033,0.5024,0.0906,0.3789,84.0138,16,41.4009,21,85.1027,16,85.0509,16,83.5292,16,83.7715,16,83.0447,18,83.5292,17,82.5601,18,83.287,18,82.0755,19,83.0447,18,83.5389,17,84.0331,17,80.7384,19,83.1996,17,82.3854,18
Perfect Order,perfectOrder,0.8160480150527655,0.26590761,0.347123027309465,1.0,0.6178,0.8853,81.6048,17,50.6268,7,84.7975,17,84.3493,17,83.1462,17,83.1462,17,84.6875,16,84.6875,16,86.2289,12,86.2289,13,87.7703,10,87.7703,11,85.1462,15,85.6048,13,82.5473,17,84.1205,16,86.6361,12
Twilight Masquerade,twilightMasquerade,0.8118023950669438,0.13839883,0.325642878866137,0.5735,0.5641,0.5706,81.1802,18,45.4571,13,84.2445,19,83.1873,18,81.4628,19,81.4628,19,81.7454,19,81.7454,19,82.028,19,82.028,19,82.3106,18,82.3106,19,81.7566,19,81.7679,19,81.6931,18,81.6391,19,82.0979,19
Pitch Black,pitchBlack,0.7990284808099914,0.23232461,0.45016845543413264,0.9471,0.8754,0.9256,79.9028,19,51.3467,6,84.4264,18,83.113,19,81.6053,18,81.6053,18,83.3077,17,83.3077,18,85.0101,15,85.0101,17,86.7125,13,86.7125,13,83.3937,18,83.4797,18,82.9062,16,82.6234,18,85.3439,14
Scarlet and Violet Base Set,scarletAndVioletBase,0.756023677350837,0.10289977,0.33402686135045584,0.3597,0.5851,0.4273,75.6024,20,42.1931,19,79.6771,20,77.9854,20,75.3115,20,75.4569,20,75.0206,20,75.3115,20,74.7297,20,75.166,20,74.4388,20,75.0206,20,74.7501,20,74.4796,20,76.2829,20,75.1625,20,74.7227,20
Chaos Rising,chaosRising,0.6989468578302965,0.1803409,0.37190870532848597,0.7644,0.6798,0.739,69.8947,21,43.5675,18,75.4929,21,73.7627,21,70.8507,21,70.8507,21,71.8068,21,71.8068,21,72.7628,21,72.7628,21,73.7189,21,73.7189,21,71.9083,21,72.0099,21,71.3329,21,71.2311,21,72.5676,21
Shrouded Fable,shroudedFable,0.51074653403283,0.02777778,0.2337089870345707,0.0,0.3343,0.1003,51.0747,22,27.2448,22,56.7918,22,53.7692,22,49.4758,22,50.2752,22,47.8769,22,49.4758,22,46.278,22,48.6763,22,44.6792,22,47.8769,22,47.4758,22,47.0747,22,49.7488,22,49.4414,22,47.8082,22
