canonicalKey,calculationRunId,packCost,ev,p50,p95,p99,stdDev,cv,gapAbsolute,gapCostNormalized,typicalCapture,relativeGap,pearsonSkew2,gmSkew,top1OutcomeShare,top5OutcomeShare,top10OutcomeShare,top1TailMean,simTopCardShare,simTop5CardShare,simTop10CardShare,simCardHhi,simEffectiveCardCount,simCardCount,horizonR80C80,horizonR80C80First,horizonR80C80Status,horizonTau20C80,horizonTau20C80First,horizonTau20C80Status,monotonicityViolations,monotonicityMaxDecrease,reconciliationStatus,reconciliationZ,reconciliationRelative,reconciliationP50Relative,reconciliationP95Relative,cardAttributionAuthoritative,financialRipV3,ripTypicalRetentionRatio,ripTotalRtpRatio,ripJackpotValueShare,ripBaseRtpExTop1,ripTrueWinProbability,ripP95ThresholdRatio,analyticHhi,analyticTop1Share,runtimeSeconds,rarityShare__special_illustration_rare,rarityCopies__special_illustration_rare,rarityShare__regular_reverse,rarityCopies__regular_reverse,rarityShare__illustration_rare,rarityCopies__illustration_rare,rarityShare__mega_attack_rare,rarityCopies__mega_attack_rare,rarityShare__mega_hyper_rare,rarityCopies__mega_hyper_rare,rarityShare__common,rarityCopies__common,rarityShare__uncommon,rarityCopies__uncommon,rarityShare__double_rare,rarityCopies__double_rare,rarityShare__rare,rarityCopies__rare,rarityShare__ultra_rare,rarityCopies__ultra_rare,rarityReconciliation,hitProb__hyper_rare,hitProb__ultra_rare,hitProb__any_premium,hitProb__double_rare,hitProb__any_top_tier,hitProb__ace_spec_rare,hitProb__illustration_rare,hitProb__special_illustration_rare,econHit__0.25x,econHit__0.50x,econHit__0.75x,econHit__1.00x,econHit__2.00x,econHit__5.00x,realize0.50@1,realize0.50@6,realize0.50@9,realize0.50@11,realize0.50@18,realize0.50@36,realize0.50@50,realize0.50@72,realize0.50@100,realize0.50@150,realize0.50@250,realize0.50@500,realize0.50@1000,realize0.70@1,realize0.70@6,realize0.70@9,realize0.70@11,realize0.70@18,realize0.70@36,realize0.70@50,realize0.70@72,realize0.70@100,realize0.70@150,realize0.70@250,realize0.70@500,realize0.70@1000,realize0.75@1,realize0.75@6,realize0.75@9,realize0.75@11,realize0.75@18,realize0.75@36,realize0.75@50,realize0.75@72,realize0.75@100,realize0.75@150,realize0.75@250,realize0.75@500,realize0.75@1000,realize0.80@1,realize0.80@6,realize0.80@9,realize0.80@11,realize0.80@18,realize0.80@36,realize0.80@50,realize0.80@72,realize0.80@100,realize0.80@150,realize0.80@250,realize0.80@500,realize0.80@1000,realize0.90@1,realize0.90@6,realize0.90@9,realize0.90@11,realize0.90@18,realize0.90@36,realize0.90@50,realize0.90@72,realize0.90@100,realize0.90@150,realize0.90@250,realize0.90@500,realize0.90@1000,realize1.00@1,realize1.00@6,realize1.00@9,realize1.00@11,realize1.00@18,realize1.00@36,realize1.00@50,realize1.00@72,realize1.00@100,realize1.00@150,realize1.00@250,realize1.00@500,realize1.00@1000,within0.10@1,within0.10@6,within0.10@9,within0.10@11,within0.10@18,within0.10@36,within0.10@50,within0.10@72,within0.10@100,within0.10@150,within0.10@250,within0.10@500,within0.10@1000,within0.20@1,within0.20@6,within0.20@9,within0.20@11,within0.20@18,within0.20@36,within0.20@50,within0.20@72,within0.20@100,within0.20@150,within0.20@250,within0.20@500,within0.20@1000,within0.25@1,within0.25@6,within0.25@9,within0.25@11,within0.25@18,within0.25@36,within0.25@50,within0.25@72,within0.25@100,within0.25@150,within0.25@250,within0.25@500,within0.25@1000,cltRatioR80C80,cltRatioTau20C80,cltHorizonR80C80,cltHorizonTau20C80,rarityShare__black_white_rare,rarityCopies__black_white_rare,rarityShare__master_ball_pattern,rarityCopies__master_ball_pattern,rarityShare__poke_ball_pattern,rarityCopies__poke_ball_pattern,rarityShare__hyper_rare,rarityCopies__hyper_rare,rarityShare__shiny_rare,rarityCopies__shiny_rare,rarityShare__shiny_ultra_rare,rarityCopies__shiny_ultra_rare,rarityShare__ace_spec_rare,rarityCopies__ace_spec_rare
ascendedHeroes,687b238f-44ef-427f-aa01-c47d24497a04,13.87,9.058324540000001,3.2699999999999996,11.6,76.57,58.76650203364697,6.487568619797648,5.788324540000001,0.41732693150684946,0.36099391069068487,0.6390060893093151,0.29549101986804704,0.8764944816409114,0.44263089518318366,0.5958128654109803,0.6504916404772576,400.94943,0.09118261873662957,0.31076517370891565,0.4426415720124091,0.027635985592093217,36.18470550535041,468,792,1000,resolved,1750,2250,resolved,40,0.05196,reconciled,0.16134272167243324,0.0014991094589330346,-0.0030581039755349674,-0.005172413793103338,True,33.0872,0.235761,0.653088,0.4426309,0.367688,0.04286,0.836337,0.052064314571657395,0.12210736363675508,33.9,0.3984312346130126,0.016895,0.19157945294864495,1.876622,0.10521921640043502,0.107061,0.0721756961910941,0.035922,0.06815867738820783,0.001907,0.0631016384404833,3.998012,0.0492993332296356,2.998509,0.02799677014000137,0.199789,0.01417567779044239,0.718113,0.00986230285804281,0.04717,6.723510637129948e-12,0.0,0.046831,0.338047,0.199587,0.060381,0.0,0.107049,0.013864,0.178345,0.078587,0.041338,0.035015,0.028054,0.01215,0.27738,0.41122,0.45266,0.47764,0.55848,0.71512,0.78794,0.85856,0.90796,0.95826,0.99,0.99968,1.0,0.16836,0.20468,0.2528,0.28664,0.35804,0.3988,0.44122,0.49316,0.55044,0.63252,0.73522,0.86522,0.95911,0.15514,0.1882,0.24172,0.27256,0.31886,0.35042,0.38864,0.4399,0.49532,0.57274,0.66366,0.79896,0.91086,0.14156,0.1773,0.23308,0.2567,0.27888,0.31528,0.34778,0.39754,0.45206,0.51658,0.59874,0.72856,0.84202,0.11608,0.16586,0.21146,0.22382,0.21396,0.25852,0.29306,0.34076,0.381,0.42246,0.49662,0.57262,0.65747,0.0943,0.16004,0.18792,0.1845,0.17538,0.22442,0.25624,0.29862,0.31816,0.3592,0.41126,0.43018,0.45469,0.04554,0.01726,0.0526,0.07274,0.05814,0.05522,0.0611,0.08396,0.10774,0.11254,0.17418,0.26356,0.37354,0.086,0.04176,0.10156,0.13244,0.13738,0.1306,0.1371,0.17792,0.20782,0.2444,0.35088,0.51334,0.68144,0.1036,0.0575,0.1209,0.15794,0.18386,0.17334,0.18772,0.23396,0.26458,0.32046,0.44514,0.61992,0.79354,1.061662198391421,1.0121457489878543,746.0,1729.0,,,,,,,,,,,,,,
blackBolt,48c725d9-21dd-4264-8f69-13043e89ff51,14.59,6.04392326,1.7999999999999998,21.43,57.61,28.006688894266507,4.633859115919104,4.24392326,0.2908789074708705,0.2978197972685709,0.7021802027314291,0.4545974652007661,0.9539715594895977,0.3253612141329538,0.5477258524953541,0.6846289176742459,196.645821,0.0722031525383811,0.2558366695425553,0.31631488669429325,0.01827432017551258,54.721597870436284,407,458,500,resolved,875,1000,resolved,29,0.04632,reconciled,0.9473007582306899,0.006223985378662804,0.0,0.00046663555762956434,True,31.8285,0.123372,0.414251,0.32536121,0.282293,0.085986,1.468814,0.046922636314560624,0.12172856325705306,28.852,0.0955895525384229,0.006828,0.06306689770894672,1.528752,0.3607928966325921,0.087626,,,,,0.08413860469829444,3.998064,0.07538078172089045,2.998548,0.011771286123187542,0.099814,0.025306064193906203,0.868967,0.011403060071281574,0.029319,3.268496584496461e-13,0.0,0.029235,0.2097,0.100465,0.03749,0.0,0.083553,0.006831,0.133657,0.117297,0.100243,0.074239,0.031094,0.006038,0.15622,0.52426,0.6243,0.65874,0.74326,0.86664,0.91552,0.95722,0.98076,0.99506,0.99966,1.0,1.0,0.1383,0.39948,0.43424,0.45884,0.50732,0.58358,0.62602,0.67586,0.72566,0.79346,0.87812,0.96258,0.99577,0.13568,0.36596,0.40004,0.41692,0.45742,0.51522,0.54816,0.5906,0.6323,0.70008,0.79272,0.90748,0.9776,0.1336,0.34064,0.3711,0.37498,0.41294,0.4476,0.47264,0.508,0.54668,0.60928,0.70265,0.82885,0.93127,0.1304,0.29274,0.30682,0.3127,0.32974,0.33946,0.35076,0.38002,0.41416,0.46872,0.543,0.64539,0.73434,0.1263,0.25588,0.25872,0.26052,0.25972,0.25766,0.2713,0.30226,0.33406,0.37162,0.42438,0.44747,0.46236,0.00798,0.06598,0.08638,0.09234,0.12334,0.1345,0.12728,0.12474,0.14018,0.17114,0.2234,0.36358,0.50012,0.01362,0.14894,0.18662,0.19166,0.24646,0.27596,0.27686,0.28932,0.32174,0.35958,0.48121,0.66526,0.8355,0.01698,0.18994,0.22756,0.25078,0.30792,0.35482,0.36296,0.38872,0.42722,0.47212,0.61092,0.78706,0.91944,1.2020997375328084,0.9920634920634921,381.0,882.0,0.14279419887934833,0.001416,0.09940895411037586,0.052053,0.030347703322753886,0.328613,,,,,,,,
chaosRising,d2572d76-ef4d-4478-b2c1-38dcd65e0c25,5.54,2.83880102,1.24,6.97,28.36,11.024491971072724,3.883502892031765,1.59880102,0.2885922418772563,0.4368041265533996,0.5631958734466004,0.43506794440826213,0.9093386528890157,0.30398586724475674,0.45192220622775453,0.5438937491997942,86.295539,0.13668259067880859,0.3029827872071303,0.41565343156265694,0.03165014283694497,31.595434028585412,198,333,500,resolved,625,750,resolved,24,0.07150000000000001,reconciled,0.12986791644406592,0.0007137414654023918,0.0,0.0,True,33.0334,0.223827,0.512419,0.30398587,0.360253,0.065252,1.258123,0.07896582610824593,0.22052421896593663,6.536,0.2602700593646422,0.011919,0.1492765632447223,1.875922,0.1648337614024258,0.111095,,,0.06502886207922273,0.001064,0.094225438174547,4.0,0.08774905611387575,3.0,0.04571502866372418,0.199925,0.04256525172014707,0.717898,0.09033597923669297,0.082177,9.71667191151937e-13,0.0,0.082271,0.371714,0.200376,0.094338,0.0,0.110665,0.012067,0.192754,0.107684,0.06204,0.057647,0.013073,0.009144,0.3726,0.71608,0.7998,0.83886,0.91928,0.98388,0.9949,0.99896,0.99986,1.0,1.0,1.0,1.0,0.20674,0.41014,0.45412,0.47684,0.52274,0.62228,0.67614,0.73918,0.80158,0.87044,0.94091,0.99,0.99972,0.19802,0.36378,0.3945,0.4024,0.43722,0.5225,0.57122,0.6323,0.68972,0.7615,0.85392,0.9519,0.99404,0.19332,0.31864,0.33738,0.34048,0.36828,0.44444,0.48756,0.53682,0.58686,0.65412,0.75029,0.88401,0.9671,0.1823,0.2526,0.24546,0.24668,0.27604,0.33434,0.36146,0.39536,0.428,0.48654,0.59123,0.68831,0.78564,0.16482,0.19346,0.18594,0.19378,0.22474,0.26078,0.2806,0.30156,0.33326,0.40228,0.44882,0.45887,0.46728,0.04082,0.1046,0.0922,0.08454,0.08682,0.12192,0.13762,0.14882,0.1398,0.14442,0.30086,0.42736,0.5845,0.06746,0.19918,0.20438,0.19982,0.20598,0.26618,0.30176,0.3191,0.32098,0.41198,0.55561,0.75239,0.90314,0.07844,0.2541,0.2691,0.269,0.28768,0.35872,0.39728,0.42242,0.43588,0.56684,0.69614,0.86202,0.96148,1.242537313432836,1.0080645161290323,268.0,620.0,,,,,,,,,,,,,,
destinedRivals,5a4f1a2c-216b-44f0-bd80-7a683a6b9d68,9.44,4.47159789,1.86,11.66,62.93,19.318401776814962,4.320245749291863,2.6115978899999996,0.27665231885593217,0.4159586898812138,0.5840413101187862,0.4055611722188608,0.9181361435915745,0.312624666704993,0.5131978828266242,0.6010316392738078,139.79317999999998,0.10588292506116286,0.26932686538262207,0.3713238682898083,0.02258819321228312,44.27091580995575,409,375,500,resolved,750,750,resolved,17,0.0373,reconciled,-1.0178076163493879,-0.006183791718356095,-1.1937881985216736e-16,-0.0017152658662093782,True,32.6367,0.197034,0.473686,0.31262467,0.328889,0.060909,1.235169,0.05579953074510982,0.16989048802526252,6.739,0.2803561793432416,0.010627,0.12169475954399062,1.899331,0.22647424587631135,0.083465,,,,,0.11292616474506666,4.0,0.09812000783456785,3.0,0.03286167128945791,0.198801,0.036024363988603425,0.739735,0.05477161543253479,0.061464,1.3624656958199921e-12,0.006657,0.061379,0.336356,0.198587,0.078577,0.0,0.083095,0.010541,0.133457,0.090976,0.065952,0.052966,0.031147,0.010451,0.25944,0.56798,0.65598,0.69838,0.8041,0.92286,0.9613,0.98598,0.9955,0.99964,1.0,1.0,1.0,0.15214,0.35156,0.39294,0.41318,0.4965,0.59756,0.65576,0.71912,0.77568,0.84556,0.92299,0.98323,0.99892,0.14494,0.3207,0.34692,0.3747,0.44974,0.52814,0.57884,0.63092,0.68644,0.75614,0.84551,0.93997,0.98938,0.13962,0.29092,0.31718,0.3459,0.40338,0.47108,0.50716,0.5516,0.5998,0.6618,0.74731,0.86153,0.95092,0.13156,0.237,0.27696,0.30072,0.31856,0.3702,0.38992,0.41874,0.45062,0.49138,0.5522,0.6526,0.75076,0.12484,0.20774,0.24724,0.25432,0.25974,0.29322,0.30356,0.3202,0.3406,0.3638,0.39998,0.44453,0.45814,0.01692,0.04406,0.06322,0.09308,0.09274,0.13408,0.14878,0.168,0.18692,0.21652,0.257,0.38282,0.53352,0.03314,0.11748,0.13648,0.17198,0.2063,0.27834,0.31076,0.34756,0.39298,0.44644,0.53557,0.71179,0.86996,0.0423,0.15186,0.18438,0.21348,0.2714,0.3531,0.40078,0.4462,0.501,0.56162,0.67155,0.83165,0.94222,1.1329305135951662,0.9778357235984355,331.0,767.0,,,,,,,0.0367709919462257,0.006577,,,,,,
journeyTogether,75220055-ecfe-4bcc-81dd-a85bc6b268f4,6.4,3.44404084,1.8900000000000001,9.17,24.53,6.798821800092432,1.9740828044572292,1.5540408399999999,0.24281888124999998,0.5487739802760295,0.4512260197239705,0.6857250648835387,0.8636345059666406,0.1665112426483305,0.36069634121992583,0.45692653865277627,57.347152,0.05888227659267215,0.21061389892867793,0.3211657799766382,0.014457459347626952,69.16844626397929,333,150,72,resolved,150,150,resolved,18,0.02976,reconciled,-0.7294140944135898,-0.0020324439590559207,0.0,-0.0021810250817885877,True,38.4388,0.295312,0.538131,0.16651124,0.453057,0.076227,1.432812,0.051894059656143104,0.11725020328593347,3.559,0.17061257032010235,0.011656,0.1855154772210854,1.8979,0.20342067139945888,0.083125,,,,,0.17666302122007763,4.0,0.09975813759510611,3.0,0.054762640387232435,0.198538,0.04410350430088396,0.73613,0.04152800929036659,0.065332,1.1617373729677638e-12,0.007238,0.065274,0.340415,0.197703,0.083907,0.0,0.083342,0.011395,0.191518,0.105423,0.075033,0.052548,0.039173,0.009508,0.66722,0.9571,0.98576,0.99256,0.99904,1.0,1.0,1.0,1.0,1.0,1.0,1.0,1.0,0.27608,0.5274,0.59942,0.63398,0.72874,0.8682,0.91886,0.95842,0.98188,0.995776,0.99979,1.0,1.0,0.25068,0.45946,0.5216,0.55416,0.6493,0.78644,0.8413,0.89636,0.93908,0.975148,0.99556,0.99989,1.0,0.23154,0.40514,0.4597,0.48996,0.58166,0.69398,0.74836,0.80866,0.86016,0.91956,0.97007,0.99681,0.99996,0.19788,0.3251,0.37334,0.4058,0.45514,0.52152,0.55668,0.60416,0.64504,0.703472,0.77667,0.87782,0.95496,0.16276,0.27126,0.32442,0.33512,0.34102,0.37956,0.39794,0.41648,0.43132,0.44678,0.45786,0.47065,0.4794,0.06028,0.08322,0.10262,0.14166,0.1874,0.2439,0.28002,0.3244,0.37536,0.460976,0.57479,0.74593,0.89332,0.10912,0.18148,0.24176,0.2861,0.36752,0.49016,0.5528,0.62702,0.70648,0.805092,0.90227,0.9761,0.9979,0.13332,0.24982,0.32918,0.37158,0.45974,0.61186,0.67426,0.7529,0.82604,0.899176,0.95961,0.99299,0.99966,2.142857142857143,0.9316770186335404,70.0,161.0,,,,,,,0.02363596826568656,0.007319,,,,,,
megaEvolution,bc40be6a-0eef-4545-b200-91a1ce4e027e,8.3,3.79534727,1.7,9.46,23.95,13.173287470757007,3.470904382026946,2.0953472700000004,0.25245147831325304,0.44791685162448913,0.5520831483755109,0.47718094848793063,0.8926771049975353,0.28158483637256204,0.46381424274780536,0.5564494760976115,106.871224,0.051347538731778726,0.2017419770211422,0.31819940297601823,0.014774172318993705,67.68568677883891,310,250,250,resolved,500,500,resolved,19,0.033519999999999994,reconciled,0.09575074985801156,0.0004707421674223327,0.0,-1.877755644186311e-16,True,30.5196,0.204819,0.457271,0.28158484,0.331829,0.058837,1.139759,0.03626298824030813,0.08497193772935446,5.557,0.22811692011533866,0.009891,0.11863875634161976,1.878757,0.1969497932136841,0.110555,,,0.05063465773453184,0.000797,0.11936078513320736,4.0,0.10662562638183244,3.0,0.038459882486636156,0.199446,0.03833521405277188,0.718316,0.10287836454037771,0.082238,-2.7773339184022916e-12,0.0,0.082393,0.369136,0.199619,0.092202,0.0,0.11064,0.009809,0.158275,0.101323,0.060342,0.04171,0.02936,0.007678,0.3693,0.68342,0.77056,0.81282,0.90374,0.97656,0.99256,0.99878,0.99984,1.0,1.0,1.0,1.0,0.1905,0.3955,0.44526,0.47734,0.5615,0.66514,0.71576,0.77982,0.83518,0.89938,0.959176,0.994996,0.999868,0.18282,0.35524,0.3995,0.428,0.50058,0.5715,0.61802,0.6769,0.73538,0.8066,0.89184,0.97154,0.997304,0.17754,0.31512,0.36362,0.38754,0.43468,0.48828,0.52896,0.5807,0.6369,0.70772,0.804044,0.918076,0.980588,0.16334,0.26692,0.30472,0.32552,0.32136,0.3655,0.39266,0.43432,0.47754,0.54428,0.628504,0.7169,0.814772,0.14538,0.23298,0.26322,0.24992,0.24738,0.28492,0.30544,0.34022,0.38158,0.43046,0.442844,0.458732,0.469716,0.03528,0.06192,0.10206,0.13298,0.1212,0.13298,0.14414,0.14826,0.15592,0.23008,0.340468,0.474688,0.638048,0.06474,0.12768,0.20566,0.23178,0.26644,0.29368,0.31594,0.33024,0.38104,0.49778,0.629932,0.811796,0.935364,0.0743,0.17496,0.25774,0.28544,0.34428,0.39072,0.41672,0.44198,0.51638,0.63412,0.760052,0.904772,0.977252,1.1682242990654206,1.0101010101010102,214.0,495.0,,,,,,,,,,,,,,
obsidianFlames,528199b8-05af-4ba9-9bc5-8d5ed376685c,13.09,4.36567297,1.8299999999999998,16.8,41.89,10.133849599116388,2.3212571506739286,2.5356729700000002,0.19371069289534,0.41917935964864533,0.5808206403513547,0.7506544117906869,0.9236767360986564,0.18303811473995957,0.4388403834105788,0.5632710963230946,79.908455,0.13416132538345105,0.338210191352262,0.4526125882577798,0.03329861985128086,30.031274703462948,406,150,150,resolved,250,250,resolved,16,0.03512,reconciled,-0.03361696452796461,-0.00011024646218531868,0.0,0.0,True,27.8688,0.139801,0.333512,0.18303811,0.275219,0.064942,1.283422,0.08624222284715255,0.21659124500473176,3.705,0.18055404640176728,0.031517,0.12507168396515606,1.872655,0.2772001586734664,0.076291,,,,,0.12623287263776495,4.0,0.10688004649144876,3.0,0.04029863693615091,0.139779,0.030101922636649826,0.796464,0.05111373470560961,0.063757,-1.2665424264923786e-12,0.019291,0.063457,0.310934,0.140534,0.114066,0.0,0.076897,0.031318,0.125363,0.0794,0.073001,0.060284,0.024557,0.00531,0.32832,0.65334,0.7498,0.79792,0.8932,0.97768,0.99264,0.9986,0.9997,0.999996,1.0,1.0,1.0,0.18022,0.43048,0.52096,0.56064,0.64902,0.77632,0.8289,0.88552,0.9286,0.968724,0.99314,0.999764,1.0,0.17458,0.4047,0.48428,0.5136,0.59028,0.70748,0.75992,0.8196,0.86864,0.926284,0.973484,0.997608,0.99988,0.16956,0.38754,0.44654,0.47216,0.54104,0.6377,0.68658,0.74276,0.79512,0.86034,0.92752,0.983908,0.99874,0.15822,0.34476,0.37968,0.39912,0.46304,0.5057,0.54328,0.58474,0.62316,0.673032,0.739132,0.832848,0.91896,0.13986,0.30102,0.32518,0.34038,0.3718,0.39786,0.42178,0.43778,0.4485,0.458764,0.467912,0.478576,0.48084,0.0329,0.08218,0.0993,0.09434,0.16422,0.18852,0.21904,0.271,0.3233,0.397384,0.503024,0.66552,0.82898,0.05046,0.15196,0.19332,0.2005,0.30154,0.38504,0.44492,0.53182,0.61006,0.713416,0.832208,0.948036,0.9933,0.05944,0.1834,0.24014,0.2695,0.37434,0.48344,0.55482,0.64768,0.72584,0.823344,0.916644,0.983556,0.999,1.5625,1.1261261261261262,96.0,222.0,,,,,,,0.0625468975519862,0.019537,,,,,,
paldeaEvolved,14323aa8-03e8-408d-a34d-351aa4a60da0,16.05,5.772340799999999,1.69,22.29,62.45,20.584753143077897,3.566101492669646,4.082340799999999,0.25435145171339557,0.2927755062556251,0.7072244937443749,0.5949560004375541,0.9506629246804249,0.25666026683663584,0.5281646624191004,0.6698820277555337,148.153053,0.14167968551826027,0.2648325570289827,0.3689614822133846,0.029087911003397506,34.37854302714274,455,250,250,resolved,500,500,confirmation_did_not_ratify,22,0.02338,reconciled,0.9785672470670806,0.004966806533668481,0.0,0.0,True,29.5973,0.105296,0.359647,0.25666027,0.270041,0.074441,1.388785,0.052047016194741384,0.19019247749921894,5.066,0.14213040054743448,0.031485,0.07295856301464221,1.873898,0.5043792147546292,0.077216,,,,,0.09300883274254432,4.0,0.07251020764403003,3.0,0.025228470571255306,0.141051,0.02460664311441077,0.795764,0.04590066650259086,0.063185,-1.922018100231071e-12,0.017671,0.064001,0.309029,0.139879,0.112971,0.0,0.076862,0.031299,0.147176,0.117076,0.087531,0.068429,0.038329,0.006488,0.17974,0.54296,0.6374,0.67678,0.775,0.89764,0.93984,0.97448,0.99022,0.9981,0.999916,1.0,1.0,0.16026,0.4147,0.45872,0.4899,0.56272,0.6731,0.72326,0.78152,0.83118,0.89062,0.95096,0.991932,0.99974,0.15804,0.38476,0.42364,0.46174,0.5194,0.61288,0.6553,0.70888,0.75462,0.81736,0.8931,0.96734,0.996464,0.15548,0.36038,0.40072,0.43192,0.48054,0.55224,0.58882,0.63124,0.66952,0.73082,0.810504,0.912368,0.977124,0.14916,0.30956,0.36056,0.35924,0.40506,0.44104,0.45864,0.4802,0.50242,0.54764,0.614384,0.709196,0.807652,0.14038,0.27194,0.29904,0.31646,0.33744,0.34768,0.3497,0.3566,0.36864,0.40022,0.439244,0.456632,0.470496,0.01874,0.05552,0.09468,0.07744,0.12612,0.17136,0.19344,0.21164,0.22254,0.24644,0.3226,0.462952,0.622964,0.02886,0.12376,0.1618,0.18638,0.24652,0.34296,0.38508,0.42132,0.44434,0.50802,0.63218,0.798752,0.92718,0.03268,0.1631,0.1952,0.23706,0.3074,0.42792,0.47482,0.51898,0.54948,0.63158,0.756884,0.895048,0.973452,1.1061946902654867,0.9560229445506692,226.0,523.0,,,,,,,0.01927700110846291,0.017401,,,,,,
paldeanFates,993f324e-2189-472f-9149-02dfd800b200,23.1,7.62288221,1.76,16.75,55.36,49.36895201498372,6.476415436436833,5.86288221,0.25380442467532466,0.23088379847863344,0.7691162015213666,0.35626939426750964,0.9283723698955901,0.447802288683141,0.6062460317093106,0.6881336842800303,341.35441,0.2760218243173372,0.46236360979423236,0.5254711276085601,0.08923261420600777,11.206664837716621,326,833,1000,resolved,1750,2250,resolved,35,0.08148,reconciled,-0.4943930964474297,-0.004501932347187716,0.0,0.0005970149253730155,True,19.3675,0.07619,0.329995,0.44780229,0.184063,0.035727,0.725108,0.12614101047564635,0.3299159942668417,33.861,0.4345120190438102,0.017091,0.04910408552671538,1.573481,0.024235733271311954,0.071229,,,,,0.0461745833535582,4.0,0.04611885377666711,3.0,0.022104855533398308,0.158878,0.016469985569928663,0.778582,0.006298617593356598,0.06254,-5.293543381412746e-13,0.016155,0.063099,0.538421,0.159237,0.096553,0.0,0.071537,0.017299,0.142634,0.065521,0.041472,0.035411,0.014488,0.006417,0.30918,0.46194,0.51218,0.53858,0.61824,0.73484,0.79152,0.85048,0.90044,0.9496,0.9859,0.99938,1.0,0.2053,0.28078,0.30894,0.3205,0.3473,0.39092,0.42516,0.48056,0.53828,0.61668,0.70764,0.84182,0.94833,0.19478,0.25454,0.27734,0.28628,0.30184,0.33864,0.3746,0.42992,0.48298,0.55006,0.63192,0.778,0.90164,0.1831,0.2329,0.2505,0.25616,0.26434,0.29902,0.33816,0.39022,0.43758,0.48868,0.5688,0.72378,0.83406,0.1561,0.1966,0.20578,0.20514,0.20856,0.24976,0.29036,0.33164,0.35794,0.39392,0.48564,0.59518,0.66069,0.14288,0.17008,0.17024,0.1648,0.17104,0.22314,0.25424,0.28186,0.29088,0.33822,0.44234,0.4383,0.4636,0.0328,0.04992,0.06638,0.06716,0.06208,0.0487,0.06364,0.0982,0.1072,0.08514,0.10646,0.26696,0.36888,0.0724,0.10676,0.13268,0.13644,0.1332,0.11732,0.13822,0.19124,0.20896,0.1952,0.285,0.49372,0.66858,0.0887,0.13568,0.16784,0.17468,0.1755,0.1651,0.18898,0.24232,0.2627,0.26058,0.39308,0.59466,0.78256,1.1211305518169583,1.0156703424260012,743.0,1723.0,,,,,,,0.023230759064818893,0.016042,0.2739229496765131,0.246503,0.0578275575899216,0.075654,,
paradoxRift,73be42a8-991a-46b5-9ae3-c810f48e7664,8.4,3.9621937000000003,1.5699999999999998,16.63,47.81,9.1515001752762,2.309705397612489,2.3921937000000004,0.2847849642857143,0.39624514066538435,0.6037548593346156,0.78419723133354,0.9197503799661001,0.1752015808818231,0.4524216698441573,0.5939665796752946,69.41826,0.06809555583904274,0.1787244509201297,0.26954261231344,0.012702000461092025,78.72775655009127,428,150,100,resolved,250,250,resolved,15,0.0198,reconciled,0.23359798665658735,0.0007635719576253233,0.0,0.0,True,38.488,0.186905,0.47169,0.17520158,0.392979,0.091377,1.979762,0.029156491610272034,0.10629970162127725,3.776,0.11004274223139826,0.021179,0.10306553917335808,1.889725,0.4311333946142703,0.076857,,,,,0.11850241698175844,4.0,0.09495461567161044,3.0,0.03830897262795597,0.164503,0.03383666982260982,0.77144,0.052314082978838654,0.064057,6.319389456166391e-13,0.012359,0.064346,0.317327,0.164017,0.097772,0.0,0.076939,0.021067,0.155522,0.107637,0.097762,0.08206,0.045392,0.010367,0.27652,0.59382,0.69722,0.75142,0.86408,0.9629,0.98514,0.9965,0.9995,0.999964,1.0,1.0,1.0,0.17312,0.4526,0.5231,0.5592,0.64762,0.77446,0.8302,0.88634,0.93024,0.967648,0.992404,0.999748,1.0,0.1663,0.42512,0.48656,0.51908,0.60104,0.71384,0.76848,0.82404,0.87558,0.927244,0.973184,0.99752,1.0,0.1604,0.4007,0.4554,0.48322,0.55606,0.65136,0.69928,0.75378,0.80602,0.862836,0.928648,0.9834,0.99886,0.14554,0.3509,0.39544,0.41914,0.4704,0.5306,0.5585,0.59454,0.62914,0.675956,0.739896,0.832744,0.92208,0.13046,0.31632,0.34734,0.36694,0.39366,0.41632,0.4279,0.441,0.44978,0.460356,0.469584,0.479152,0.4843,0.0221,0.06866,0.085,0.10064,0.14434,0.20928,0.24048,0.28228,0.33176,0.401944,0.505596,0.66796,0.83138,0.04026,0.14888,0.18224,0.20936,0.28608,0.4075,0.46586,0.54192,0.62254,0.718108,0.834488,0.948904,0.99312,0.04812,0.18608,0.23018,0.2643,0.35912,0.50072,0.57044,0.65278,0.73462,0.825968,0.917976,0.984272,0.9992,1.5789473684210527,1.1363636363636365,95.0,220.0,,,,,,,0.017841565898200146,0.012239,,,,,,
perfectOrder,774a1fcb-ed7d-4b99-94d2-49f5dbc06f9c,5.45,2.9143974900000003,1.39,6.369999999999999,42.44,8.378918250775676,2.8750087383501266,1.5243974900000004,0.27970596146788995,0.47694249146501966,0.5230575085349803,0.5457974804297249,0.8605129375685715,0.251193515130292,0.4340687343921642,0.5270821517211779,73.207775,0.09174722128478804,0.27184884907950696,0.38408048741792655,0.02314163430348238,43.21215981921894,203,250,250,resolved,333,500,resolved,24,0.033019999999999994,reconciled,1.529183519654685,0.006273166259143243,0.0,0.0015698587127159617,True,36.846,0.255046,0.534752,0.25119352,0.40447,0.076123,1.168807,0.05771759333121949,0.1476873501004285,4.325,0.24987217512321117,0.012283,0.1500959500206523,1.876212,0.1621627494608782,0.110957,,,0.025508421639491203,0.000548,0.10853205545408003,4.0,0.08620297020655794,3.0,0.05471465390258628,0.19913,0.051284349685608334,0.718664,0.1116266745069347,0.082206,2.424727085781342e-13,0.0,0.082334,0.371675,0.200342,0.094684,0.0,0.11064,0.01235,0.206958,0.092582,0.082859,0.046551,0.027552,0.010852,0.45502,0.76232,0.8434,0.87868,0.9497,0.9928,0.99818,0.9999,1.0,1.0,1.0,1.0,1.0,0.22908,0.43276,0.46216,0.49062,0.56496,0.69578,0.75906,0.82884,0.88628,0.94286,0.982856,0.999092,1.0,0.21794,0.36812,0.39838,0.42644,0.49244,0.61066,0.6679,0.74312,0.80834,0.87794,0.943392,0.990812,0.99974,0.20712,0.3144,0.35066,0.3754,0.43962,0.53562,0.59216,0.66372,0.72556,0.79408,0.875552,0.959352,0.99494,0.18058,0.24976,0.2834,0.30292,0.35576,0.42546,0.4768,0.51826,0.55368,0.60884,0.677176,0.7716,0.86958,0.1614,0.21294,0.24014,0.26292,0.28618,0.35672,0.37554,0.38998,0.41554,0.43608,0.45406,0.46744,0.47972,0.04392,0.06472,0.06736,0.07812,0.11812,0.13272,0.19036,0.21768,0.24336,0.31628,0.411508,0.562224,0.73372,0.09224,0.14976,0.15958,0.1845,0.22702,0.3059,0.3674,0.42476,0.50634,0.60972,0.737632,0.887976,0.97436,0.11002,0.21144,0.22132,0.25238,0.28816,0.40698,0.4638,0.53392,0.6267,0.73304,0.847916,0.953036,0.99324,1.7006802721088434,0.9794117647058823,147.0,340.0,,,,,,,,,,,,,,
phantasmalFlames,a1c0ed85-ff61-4dfb-9969-3cc315f561fd,11.69,4.5541453700000005,1.54,7.47,22.89,34.69874370003917,7.619155929587545,3.0141453700000005,0.25783963815226696,0.3381534568800995,0.6618465431199005,0.26059837174997763,0.93704746214008,0.45878178016965676,0.5875820033386417,0.6540778143847437,208.93589200000002,0.3741596805913393,0.5149475231439978,0.5793413937741334,0.1476397118917368,6.773245403874083,214,1167,1500,resolved,2438,3375,resolved,73,0.09086,reconciled,1.0991718922576559,0.011922265450213082,0.0,1.1889938684071288e-16,True,20.7631,0.131737,0.389576,0.45878178,0.212975,0.03552,0.639008,0.28655828470401185,0.5222144269804572,40.362,0.4093964154685598,0.012488,0.09802637898627016,1.874961,0.14215318295837528,0.111776,,,0.049583781731601995,0.000775,0.09704708437977404,4.0,0.07078658975699083,3.0,0.051609435120014195,0.199679,0.02587832632140823,0.718371,0.05551880527700555,0.08195,-1.3740120152760937e-12,0.0,0.082259,0.372611,0.200073,0.094886,0.0,0.112122,0.012627,0.109719,0.052631,0.035366,0.035366,0.008295,0.003364,0.2161,0.44764,0.48852,0.51804,0.60504,0.7342,0.78892,0.8471,0.89608,0.94572,0.98352,0.99878,1.0,0.16822,0.23478,0.27572,0.29162,0.27278,0.2659,0.2747,0.2956,0.3357,0.41596,0.56776,0.77576,0.9188,0.16024,0.21726,0.25102,0.24684,0.214,0.20624,0.21578,0.24788,0.29938,0.39638,0.55902,0.7404,0.84409,0.14198,0.20526,0.21942,0.20416,0.17142,0.16654,0.18366,0.22516,0.28634,0.39114,0.54122,0.72736,0.7792,0.11908,0.17446,0.15516,0.13524,0.11576,0.12768,0.15702,0.21224,0.28072,0.38798,0.48492,0.53622,0.62021,0.11354,0.14978,0.10562,0.09264,0.08346,0.11474,0.15134,0.21056,0.2804,0.35532,0.47558,0.42668,0.47239,0.00748,0.06488,0.0811,0.06538,0.04726,0.01616,0.00664,0.00182,0.00252,0.06308,0.03054,0.16626,0.31273,0.04648,0.1222,0.16294,0.14876,0.11058,0.0559,0.03344,0.01474,0.02966,0.07196,0.27126,0.48678,0.58563,0.0765,0.1444,0.20006,0.19684,0.1547,0.09574,0.06558,0.03746,0.05722,0.07752,0.34928,0.53614,0.69606,1.1352140077821011,1.0226510067114094,1028.0,2384.0,,,,,,,,,,,,,,
pitchBlack,c6cd123b-c1cb-4d05-91a7-3aabf68501c6,5.97,3.79974642,1.67,9.930000000000001,38.33,13.00100877267211,3.421546423266874,2.12974642,0.3567414438860972,0.43950301294053196,0.560496987059468,0.4914418082256869,0.91755153076718,0.2876578563892693,0.44878463231764815,0.5453535238806804,109.30269100000001,0.12590782287301275,0.28292745358503285,0.39208387010747964,0.027803884482896512,35.966197479174085,194,250,250,resolved,500,500,resolved,22,0.03585999999999999,reconciled,-0.004367155468755425,-2.1151411467097795e-05,-0.005988023952095681,0.0,True,42.0739,0.279732,0.636473,0.28765786,0.457967,0.092577,1.663317,0.06841621625198259,0.19817663981279585,5.445,0.27209896548831186,0.012515,0.11930882745608379,1.875475,0.13233597309362424,0.111069,,,0.04235773186147896,0.000941,0.12573161395331192,4.0,0.10871654166852997,3.0,0.0345862053605449,0.200435,0.03502736637881825,0.717454,0.1298367747392962,0.082111,5.81756864903582e-13,0.0,0.082348,0.371817,0.199887,0.095032,0.0,0.110948,0.012684,0.189527,0.129931,0.097568,0.064986,0.032654,0.013569,0.34816,0.70866,0.79716,0.83656,0.91742,0.98368,0.9947,0.99916,0.99996,1.0,1.0,1.0,1.0,0.20774,0.41544,0.46402,0.48908,0.54302,0.64748,0.70472,0.77426,0.83116,0.89666,0.960996,0.995332,0.999932,0.20016,0.37832,0.40762,0.41942,0.46212,0.55274,0.60682,0.67146,0.73272,0.8071,0.898432,0.973192,0.997772,0.19412,0.33214,0.35254,0.36194,0.39492,0.47628,0.524,0.5835,0.64078,0.71122,0.81248,0.921816,0.98222,0.1792,0.2615,0.268,0.27046,0.29992,0.36784,0.40226,0.4489,0.48842,0.54756,0.63128,0.72216,0.81978,0.16168,0.20574,0.20778,0.2128,0.24224,0.29596,0.32114,0.35054,0.38312,0.42574,0.445972,0.461688,0.473404,0.03628,0.0954,0.09944,0.0934,0.09488,0.12354,0.14056,0.16644,0.17424,0.23218,0.345428,0.481328,0.644044,0.06898,0.19674,0.20742,0.20726,0.21622,0.26726,0.30846,0.34196,0.38792,0.49816,0.639612,0.817584,0.939448,0.07886,0.25478,0.2703,0.27326,0.29524,0.36002,0.4087,0.44642,0.5125,0.63438,0.768824,0.90848,0.979476,1.2019230769230769,1.0395010395010396,208.0,481.0,,,,,,,,,,,,,,
prismaticEvolutions,25bf50bf-bd10-40b0-bf34-df74cba05dc3,15.1,8.532834580000001,1.78,10.08,90.83040000000037,99.78117467823556,11.693789882217024,6.752834580000001,0.44720758807947025,0.20860594252842057,0.7913940574715794,0.20302931695610538,0.959610345512865,0.6413311108628101,0.7605273358059169,0.8000426102248428,547.2372280000001,0.22527458268592143,0.45415808595316226,0.6090916648101088,0.0707429076326399,14.135692657600242,448,2812,3375,resolved,5906,7593,resolved,36,0.04980000000000001,reconciled,0.112833788411297,0.0018652031573781268,0.0,0.001984126984126942,True,24.1442,0.117881,0.565088,0.64133111,0.204727,0.032292,0.66755,0.08616303698879507,0.245441379861217,57.86,0.6908880893832353,0.031011,0.04083982488269799,1.518273,,,,,,,0.049053946385067174,3.998494,0.04833978628470917,2.998494,0.0472312285233314,0.165555,0.02488940316485886,0.75822,0.0056915975042868255,0.074311,7.087663789206999e-13,0.005434,0.074228,0.322766,0.165846,0.103938,0.075254,0.0,0.024276,0.096207,0.053186,0.035936,0.030966,0.020793,0.010712,0.1162,0.19882,0.24214,0.26854,0.30528,0.39392,0.44966,0.52438,0.60064,0.68988,0.78484,0.90194,0.975,0.08364,0.15716,0.16596,0.17604,0.21206,0.29502,0.34892,0.3929,0.4152,0.45432,0.51392,0.63734,0.76632,0.07796,0.14898,0.15344,0.16506,0.1996,0.28452,0.32652,0.36364,0.37134,0.40808,0.46342,0.58056,0.69994,0.07268,0.13682,0.14332,0.15668,0.1888,0.27596,0.30564,0.3315,0.33796,0.36878,0.42094,0.53092,0.63926,0.06082,0.11548,0.12994,0.14112,0.17588,0.25078,0.2741,0.2697,0.28696,0.30712,0.36152,0.4424,0.53428,0.0566,0.1029,0.12018,0.12744,0.16062,0.22416,0.23728,0.22986,0.24004,0.26298,0.3238,0.3698,0.43742,0.00704,0.02102,0.0211,0.02192,0.02246,0.04418,0.07772,0.06582,0.08018,0.0747,0.07586,0.12296,0.19198,0.02342,0.0483,0.042,0.0428,0.0399,0.08754,0.13876,0.15652,0.15438,0.1569,0.17256,0.24634,0.38158,0.03356,0.0631,0.05452,0.05282,0.05182,0.10768,0.1686,0.20082,0.19628,0.203,0.23206,0.30916,0.47868,1.1610239471511148,1.0518254674977738,2422.0,5615.0,,,0.054895600706699556,0.050361,0.021829578231435515,0.324377,0.012215312393879504,0.005655,,,,,0.0041256325397987905,0.075249
scarletAndViolet151,6d902b21-a0da-4d63-8a2f-064880697869,28.92,12.821582720000002,3.7300000000000004,68.00999999999999,122.5701000000001,33.63084248421079,2.622986819852673,9.091582720000002,0.3143700802213002,0.2909157224545832,0.7090842775454168,0.811004011356692,0.8924499209642981,0.2011417534262104,0.4837994205133515,0.6581792204823838,257.895563,0.13300081798044702,0.30684704891127723,0.46298561663036375,0.03449430601347062,28.990291893667397,361,150,150,resolved,292,500,resolved,13,0.028399999999999995,reconciled,-0.3098665009879326,-0.0011455177040737606,0.0026809651474530255,-0.00014703720041157046,True,36.9376,0.128976,0.443347,0.20114175,0.357749,0.095863,2.35166,0.06017558405510056,0.1735806261215275,3.521,0.2983972286064767,0.03172,0.1293121532820336,1.864786,0.32690277335725604,0.084354,,,,,0.05061973113406374,4.0,0.042079057771727935,3.0,0.04214304441189165,0.122697,0.03323233482992266,0.817649,0.057795584693571635,0.059165,8.540723683836404e-12,0.019455,0.059386,0.297161,0.122594,0.110378,0.0,0.08436,0.031537,0.187862,0.133786,0.102708,0.088675,0.059346,0.004549,0.245,0.57022,0.66252,0.70704,0.8155,0.92872,0.96278,0.98546,0.99538,0.999488,0.99998,1.0,1.0,0.19656,0.45054,0.52954,0.56604,0.63798,0.73804,0.78862,0.84568,0.89288,0.9412,0.98165,0.99867,1.0,0.18662,0.4329,0.50364,0.53112,0.59054,0.67852,0.72506,0.78116,0.83454,0.891664,0.9511,0.99212,0.99974,0.17392,0.41464,0.4775,0.49888,0.54504,0.61918,0.65962,0.70962,0.76362,0.823468,0.89722,0.96834,0.99622,0.1617,0.38074,0.42124,0.4387,0.45786,0.50332,0.53328,0.56764,0.60522,0.64946,0.70989,0.80138,0.89084,0.15576,0.35126,0.37412,0.37196,0.37918,0.40146,0.42058,0.43666,0.44992,0.460296,0.47188,0.47824,0.48556,0.00876,0.0626,0.09952,0.12312,0.14494,0.18126,0.20308,0.24218,0.2901,0.355692,0.45337,0.60933,0.77278,0.02494,0.1296,0.2032,0.23014,0.28784,0.35816,0.40478,0.47518,0.55514,0.653176,0.77866,0.91583,0.98362,0.04264,0.15978,0.2491,0.2827,0.35612,0.44354,0.50118,0.58438,0.668,0.76522,0.87522,0.96811,0.99662,1.2295081967213115,1.0318021201413428,122.0,283.0,,,,,,,0.019518091913056052,0.019629,,,,,,
scarletAndVioletBase,b0caac26-e38e-4201-96b7-44ddc8126bd9,9.18,4.03064178,1.74,16.62,44.11,7.835805388466359,1.9440589901458223,2.2906417799999996,0.24952524836601303,0.43169303921620145,0.5683069607837985,0.8769903027600571,0.9212058276671455,0.14628109918515259,0.4070839805565653,0.5433441544884695,58.960671,0.05674355202625301,0.2038937772099176,0.3074123624940361,0.01397065684773546,71.57859583116829,446,150,72,resolved,250,250,resolved,15,0.020019999999999996,reconciled,0.8722195050453061,0.0024054978162807547,0.0,0.00120336943441634,True,36.2552,0.189542,0.439068,0.1462811,0.378627,0.083644,1.810458,0.03557952087752019,0.09200914705451939,3.504,0.14432009882060592,0.031188,0.11600421360202097,1.873037,0.35795470020658365,0.07718,,,,,0.1404492363496797,4.0,0.10196378205559295,3.0,0.027839616151659745,0.140862,0.03621446855524211,0.796027,0.050801038935301794,0.063111,-7.744915819785092e-13,0.018355,0.062975,0.309185,0.140183,0.112737,0.0,0.076873,0.031407,0.150352,0.128022,0.088482,0.072575,0.038384,0.006393,0.31126,0.67466,0.7795,0.83046,0.92204,0.9866,0.99654,0.99948,0.99996,1.0,1.0,1.0,1.0,0.2031,0.48004,0.55214,0.59658,0.69128,0.81912,0.87472,0.92456,0.9588,0.984912,0.998008,0.999984,1.0,0.1902,0.44394,0.51506,0.55208,0.6363,0.75566,0.81454,0.8717,0.91554,0.957252,0.988832,0.999512,1.0,0.17456,0.41088,0.4806,0.50672,0.58262,0.6921,0.74624,0.80346,0.85122,0.9063,0.960144,0.994144,0.99988,0.15598,0.36502,0.4106,0.43766,0.4877,0.5607,0.59552,0.63534,0.66972,0.718048,0.787668,0.87864,0.95274,0.14994,0.32676,0.36292,0.3697,0.40702,0.43522,0.4488,0.45782,0.46462,0.468828,0.478556,0.484656,0.48672,0.01288,0.08358,0.10172,0.12306,0.15512,0.23192,0.27634,0.33362,0.38974,0.467936,0.585836,0.752728,0.89722,0.0336,0.15622,0.21788,0.23454,0.30882,0.45126,0.53218,0.62048,0.70182,0.795744,0.9,0.978388,0.99876,0.05194,0.19938,0.26732,0.29752,0.3889,0.55226,0.6397,0.73354,0.8092,0.888992,0.959932,0.995228,0.99992,2.2388059701492535,1.6025641025641026,67.0,156.0,,,,,,,0.024452845323313068,0.018595,,,,,,
shroudedFable,e6940d26-49f9-4b46-9625-2c97d5395035,14.79,5.97231984,2.01,31.509999999999998,59.570100000000096,11.38306661080143,1.9059706974436637,3.96231984,0.2679053306288033,0.33655263848025924,0.6634473615197407,1.0442668857547073,0.9178541065288531,0.11693555916456076,0.4040934552493759,0.5977616932183591,69.83765600000001,0.07028419234882523,0.2530455197066,0.3900084117876336,0.022865671243899724,43.73368222316183,168,150,72,resolved,250,150,resolved,16,0.028980000000000006,reconciled,1.2644791490906566,0.003414033498915736,0.0,0.008568708346556748,True,36.101,0.135903,0.403808,0.11693556,0.36019,0.101451,2.130494,0.04317617936220363,0.09828611768262939,3.836,0.07539769671813613,0.014909,0.0903590906810648,1.83777,0.46009189119412247,0.083225,,,,,0.10320648701227049,4.0,0.08491222566540217,3.0,0.05744940311174704,0.166348,0.021005150989830138,0.763886,0.0653455374888229,0.069766,-7.220890552162018e-13,0.006958,0.070217,0.358733,0.165231,0.092055,0.05727,0.083578,0.01488,0.175102,0.124655,0.111784,0.09417,0.047798,0.005665,0.24858,0.62662,0.726,0.77312,0.87834,0.96844,0.98748,0.997,0.99938,0.999968,1.0,1.0,1.0,0.2263,0.49896,0.58652,0.6306,0.70928,0.82256,0.87184,0.9196,0.95474,0.98252,0.997232,0.99996,1.0,0.22212,0.47808,0.5578,0.59588,0.66458,0.7677,0.81744,0.86998,0.9146,0.956416,0.987416,0.999288,1.0,0.21182,0.45636,0.53256,0.55788,0.621,0.7083,0.75654,0.80822,0.85656,0.907368,0.959748,0.99398,0.99988,0.17832,0.41772,0.4705,0.48038,0.53218,0.5826,0.61546,0.64878,0.68326,0.728824,0.793156,0.883124,0.95626,0.1647,0.38388,0.40468,0.42008,0.44546,0.45696,0.46494,0.47132,0.4768,0.479336,0.484472,0.489312,0.49416,0.01606,0.0678,0.1151,0.11136,0.16736,0.24012,0.2857,0.3399,0.39898,0.478804,0.593236,0.761256,0.9044,0.05818,0.14912,0.21698,0.24334,0.32792,0.46174,0.53882,0.62584,0.7102,0.803464,0.905172,0.98178,0.99906,0.07724,0.19278,0.26146,0.30888,0.40392,0.56172,0.6443,0.73524,0.81444,0.895132,0.962948,0.996584,0.99996,2.3076923076923075,1.6666666666666667,65.0,150.0,,,,,,,0.035592261582565954,0.006868,,,,,0.006640255556037848,0.057228
stellarCrown,ad120bac-9242-43cf-a0eb-c379c6b684bd,10.58,4.47968157,1.7800000000000002,11.459999999999999,102.83,12.580539670638233,2.8083557891455735,2.69968157,0.2551683903591683,0.397349671441044,0.602650328558956,0.6437756186964213,0.9121219304891584,0.25097097470702584,0.4712413320038727,0.5690005082213913,112.42700499999998,0.15374444640766075,0.37974661112348274,0.4631209800544975,0.048435091835464475,20.646187755708844,300,250,250,resolved,333,500,resolved,23,0.08376,reconciled,0.7731092811273058,0.003079477812080182,0.0,-0.0034904013961604844,True,30.6413,0.168242,0.42341,0.25097097,0.32035,0.056103,1.083176,0.12751494814551137,0.2577489865277799,4.82,0.0795851299761218,0.011148,0.12233661733210088,1.855894,0.4169528661387844,0.076908,,,,,0.158209613546314,4.0,0.08174163816740303,3.0,0.04257573379262658,0.165637,0.03227182507081979,0.768821,0.047453160828150966,0.065542,-1.4015455462867976e-12,0.007188,0.065311,0.341107,0.165596,0.083538,0.048874,0.077073,0.011039,0.19938,0.086066,0.06913,0.043137,0.017465,0.013783,0.32214,0.663,0.74588,0.78656,0.878,0.9655,0.9856,0.99598,0.99932,1.0,1.0,1.0,1.0,0.21984,0.4007,0.4466,0.46848,0.5271,0.64144,0.7069,0.78236,0.84904,0.91836,0.973288,0.997592,0.99996,0.20932,0.35822,0.39286,0.4114,0.45906,0.57008,0.63538,0.71846,0.79234,0.86752,0.936008,0.987308,0.99926,0.20316,0.3201,0.3495,0.36036,0.40526,0.51366,0.58256,0.66846,0.73778,0.7998,0.876348,0.95648,0.99336,0.19694,0.25976,0.2748,0.28438,0.33128,0.43936,0.51368,0.57794,0.59164,0.63324,0.692604,0.780888,0.87398,0.16244,0.21666,0.22286,0.23556,0.28398,0.39908,0.45774,0.44374,0.44316,0.45978,0.468096,0.477176,0.48218,0.06204,0.0805,0.08424,0.0768,0.077,0.07054,0.14814,0.2546,0.2634,0.32782,0.422184,0.573608,0.7438,0.07896,0.17064,0.17844,0.17326,0.16812,0.19006,0.32098,0.42066,0.51966,0.61654,0.741136,0.892848,0.97558,0.0895,0.2188,0.22858,0.23356,0.2284,0.2809,0.41262,0.50196,0.6141,0.72668,0.846168,0.955756,0.99452,1.7857142857142858,1.0277777777777777,140.0,324.0,,,,,,,0.014523487659417406,0.007397,,,,,0.004349927488261106,0.048653
surgingSparks,c5c81ccc-460f-43e7-b0bb-cc19d880e4ae,7.78,3.5596749899999995,1.6300000000000001,10.2,34.3701000000001,12.433584935394478,3.4928989220430147,1.9296749899999994,0.24803020437017986,0.45790697313071277,0.5420930268692872,0.4655958036302529,0.9039946037517115,0.2553832562112644,0.4337912714890861,0.542734093822425,90.908139,0.08618883500395576,0.23151211742678776,0.3181698889611806,0.01705117224553077,58.64699421250096,417,250,250,resolved,500,500,resolved,17,0.0344,reconciled,1.092681122090002,0.0054685020555768,0.0,0.0,True,32.5125,0.209512,0.457542,0.25538326,0.344135,0.070993,1.311054,0.044920721889119594,0.14072377214961915,4.633,0.22043370032500909,0.011409,0.1415133098990179,1.857576,0.19815857683123964,0.076847,,,,,0.11768975290635919,4.0,0.10126819752158643,3.0,0.06014198785043644,0.166079,0.040597793451912244,0.768106,0.06831040212466412,0.065815,-3.859135233597044e-13,0.005345,0.065676,0.33937,0.165022,0.082507,0.048696,0.076901,0.011486,0.158023,0.104818,0.082867,0.061228,0.019014,0.004012,0.37152,0.69926,0.7972,0.84232,0.92602,0.98728,0.99628,0.99956,0.99998,1.0,1.0,1.0,1.0,0.18418,0.446,0.50578,0.52546,0.588,0.70128,0.7596,0.8227,0.87462,0.93024,0.976328,0.99796,0.999976,0.1743,0.40512,0.43988,0.45748,0.51004,0.61244,0.66434,0.7242,0.77622,0.8414,0.917436,0.98092,0.998692,0.16876,0.37178,0.38478,0.39594,0.44462,0.52876,0.56884,0.61596,0.66418,0.72874,0.821352,0.926832,0.984496,0.16292,0.28788,0.29602,0.30826,0.34826,0.38586,0.40542,0.43742,0.47526,0.52792,0.60346,0.709832,0.813548,0.15212,0.23054,0.23894,0.25212,0.27934,0.28124,0.29622,0.3232,0.3537,0.38488,0.424324,0.448584,0.462724,0.02886,0.10302,0.09298,0.09564,0.12852,0.1707,0.17562,0.18226,0.19898,0.24356,0.320296,0.471156,0.634856,0.04224,0.21276,0.2075,0.21076,0.27504,0.35384,0.3767,0.40738,0.44802,0.5165,0.648256,0.81762,0.936948,0.05022,0.25568,0.27394,0.2855,0.3603,0.45124,0.48632,0.53442,0.58548,0.65916,0.785152,0.910964,0.977024,1.152073732718894,0.998003992015968,217.0,501.0,,,,,,,0.03392841771771236,0.005452,,,,,0.017957861372062626,0.048716
temporalForces,2116e5f9-e556-4c1f-88cc-ad226f751e85,11.37,5.50882873,1.9399999999999997,25.369999999999997,63.11,11.172088858016954,2.0280334360688963,3.568828730000001,0.31388115479331585,0.35216197400277494,0.6478380259972251,0.9583244750436406,0.9173883340673782,0.14276912362820907,0.42822527176298686,0.5824271705030845,78.649065,0.062205457600590514,0.21030115386599285,0.3384473337967904,0.01693073919071397,59.064166586918525,358,150,100,resolved,250,250,resolved,16,0.027999999999999997,reconciled,-1.3080014435972118,-0.0037412598957311752,1.1445598192011924e-16,-0.0035474970437524584,True,39.525,0.170624,0.484506,0.14276912,0.419528,0.101841,2.23131,0.03567477776747742,0.09749899564205215,3.526,0.08486548646067496,0.011446,0.09600668416492042,1.855668,0.3666439145222698,0.077034,,,,,0.14437711153890434,4.0,0.0912890915016487,3.0,0.03464163424811685,0.165323,0.03278049996673147,0.769086,0.07549302953186089,0.065591,3.872457909892546e-13,0.007035,0.065272,0.341808,0.166359,0.083848,0.048351,0.076999,0.011541,0.206353,0.124851,0.107155,0.087572,0.054242,0.012752,0.30084,0.64338,0.7377,0.78322,0.88026,0.9678,0.98788,0.99752,0.99962,0.999992,1.0,1.0,1.0,0.2249,0.47864,0.5506,0.58794,0.6818,0.80056,0.85444,0.90708,0.9464,0.97912,0.996144,0.999912,1.0,0.21696,0.44866,0.51586,0.55094,0.63304,0.74422,0.79644,0.85344,0.90078,0.94798,0.98388,0.99888,1.0,0.2104,0.4218,0.48598,0.51502,0.58732,0.6837,0.7322,0.7859,0.83802,0.894276,0.950736,0.991396,0.99968,0.20102,0.37462,0.42834,0.44616,0.4991,0.56038,0.5908,0.62558,0.66346,0.711132,0.7761,0.865868,0.94596,0.18172,0.3405,0.3755,0.38988,0.41966,0.4431,0.45046,0.4597,0.46654,0.472796,0.478272,0.484892,0.48798,0.05114,0.06918,0.09868,0.10772,0.15254,0.22288,0.26422,0.31576,0.3716,0.452068,0.564348,0.730104,0.88288,0.07282,0.1464,0.19322,0.2224,0.30496,0.43308,0.50678,0.59326,0.6761,0.776704,0.88328,0.972948,0.99822,0.08156,0.18958,0.24262,0.2768,0.37714,0.53084,0.61206,0.70696,0.78412,0.87342,0.95032,0.9937,0.99992,2.0547945205479454,1.4792899408284024,73.0,169.0,,,,,,,0.014672329448149836,0.007236,,,,,0.05923021861672269,0.048616
twilightMasquerade,cb69a4d0-34c6-49b4-9269-b0745cdcbf89,8.86,4.710418970000001,1.9800000000000002,15.090000000000002,56.349999999999994,15.396389722787747,3.26858180150114,2.7304189700000006,0.3081736986455983,0.4203447745540987,0.5796552254459013,0.5320245237671765,0.9178754960494465,0.24826043446407065,0.4343637801713423,0.541040643354916,116.94106599999999,0.08603854260762293,0.2634971066767397,0.3422918957026355,0.02040705335616506,49.00266503678718,373,250,250,resolved,417,500,resolved,17,0.027280000000000002,reconciled,1.6056922954445587,0.007472080556774325,0.0,0.003976143141152996,True,37.5468,0.223476,0.53165,0.24826043,0.403699,0.07824,1.70316,0.05113936998183446,0.13587430826922087,4.324,0.179147242607203,0.011452,0.12570214959012105,1.856726,0.2679729039050862,0.076486,,,,,0.13147791394874656,4.0,0.09794572052686625,3.0,0.04365605507910399,0.165283,0.037219672202506326,0.768777,0.06128508989086338,0.06594,-1.240785252321075e-12,0.006903,0.064665,0.340919,0.166161,0.08315,0.048482,0.077243,0.011582,0.207863,0.132069,0.087156,0.059914,0.02348,0.011635,0.32758,0.72072,0.80554,0.84358,0.9215,0.9847,0.99512,0.99906,0.9999,1.0,1.0,1.0,1.0,0.223,0.44146,0.5111,0.53508,0.60032,0.71702,0.77478,0.8393,0.88974,0.94044,0.98224,0.99888,1.0,0.2169,0.40188,0.453,0.4715,0.52736,0.6324,0.68652,0.7484,0.80538,0.86966,0.938316,0.988616,0.99968,0.2117,0.371,0.40132,0.41496,0.46314,0.55236,0.60078,0.6565,0.71046,0.77432,0.85682,0.94738,0.9914,0.19826,0.3059,0.31396,0.32484,0.36042,0.42122,0.4576,0.48928,0.51968,0.56216,0.627428,0.729096,0.83656,0.17146,0.24612,0.25304,0.26382,0.28972,0.32742,0.34442,0.35608,0.36828,0.38244,0.417084,0.44906,0.46378,0.0379,0.10184,0.10248,0.10688,0.12332,0.16128,0.1975,0.22946,0.26162,0.2991,0.35556,0.501616,0.67084,0.06726,0.20044,0.222,0.22904,0.26716,0.3483,0.40278,0.46352,0.52468,0.58262,0.693088,0.8496,0.95226,0.07894,0.24292,0.28702,0.2985,0.34804,0.45144,0.51128,0.58198,0.64208,0.70444,0.815712,0.928628,0.9828,1.3157894736842106,0.9498861047835991,190.0,439.0,,,,,,,0.010199869758084915,0.006822,,,,,0.04539338249141844,0.048514
whiteFlare,b572193b-a72a-48d9-9c06-797f70ca2971,13.45,5.60919832,1.74,20.349999999999998,53.809999999999995,23.631536822566346,4.212997201098489,3.8691983199999997,0.2876727375464684,0.31020475667546016,0.6897952433245398,0.491190862750645,0.9451214036718981,0.2907033406513607,0.5135690299500768,0.6572787945212107,163.06126899999998,0.06706390720292645,0.20525770652985428,0.2773560045950174,0.01435217384498672,69.67585613166918,405,375,500,resolved,708,750,resolved,19,0.04104000000000001,reconciled,-2.0707383571167726,-0.01219830822455213,0.0,-0.002948402948402886,True,32.6782,0.129368,0.417041,0.29070334,0.298794,0.091637,1.513011,0.03908023320817612,0.12428139923049757,9.499,0.08350683346849558,0.006659,0.06974238700114896,1.528674,0.36522849133271235,0.087881,,,,,0.08366036164683001,3.997924,0.08989365703153417,2.998443,0.010072571297504404,0.099995,0.029747641370737453,0.869026,0.013366972555181067,0.029008,-1.2168044349891716e-13,0.0,0.029337,0.209028,0.10001,0.037329,0.0,0.083501,0.006608,0.128943,0.122531,0.109588,0.080408,0.029447,0.007811,0.19584,0.5504,0.67054,0.70762,0.78698,0.90478,0.94536,0.9757,0.99078,0.99814,0.99995,1.0,1.0,0.14708,0.43702,0.46636,0.49,0.55248,0.64142,0.69218,0.74384,0.79706,0.85892,0.92792,0.98448,0.99896,0.14036,0.40008,0.4274,0.45058,0.49764,0.57146,0.61174,0.65964,0.70802,0.76974,0.85114,0.94362,0.98948,0.13548,0.36998,0.39342,0.4118,0.4469,0.50434,0.53782,0.57446,0.61444,0.66964,0.75049,0.86652,0.95538,0.12784,0.3108,0.33372,0.34174,0.36284,0.3875,0.4029,0.42068,0.44656,0.48648,0.55175,0.65982,0.76358,0.12592,0.26996,0.2808,0.28516,0.29376,0.29456,0.29998,0.31336,0.32834,0.35948,0.41056,0.44872,0.46672,0.00258,0.07444,0.09176,0.10544,0.12554,0.16132,0.17096,0.18048,0.19336,0.20278,0.24628,0.39265,0.54774,0.01134,0.1626,0.18996,0.21446,0.25244,0.32484,0.3532,0.3801,0.40674,0.4346,0.54303,0.72174,0.87606,0.01688,0.20616,0.2397,0.2687,0.32332,0.4092,0.44352,0.48238,0.51644,0.55608,0.68643,0.84089,0.94452,1.1904761904761905,0.9711934156378601,315.0,729.0,0.13603511882960523,0.001452,0.08911334053170678,0.052218,0.02963262493454423,0.32872,,,,,,,,
