market_date,set_id,set_canonical_key,calculation_run_id,research_method_version,ev,p50,typical_capture,pack_cost,ev_to_cost,coefficient_of_variation,top1_outcome_ev_share,top5_outcome_ev_share,top10_outcome_ev_share,horizon_r80_c80_stable,horizon_r80_c80_status,horizon_tau20_c80_stable,horizon_tau20_c80_status,realization_ge_80_n1,realization_ge_80_n6,realization_ge_80_n9,realization_ge_80_n18,realization_ge_80_n36,source_artifact_sha256,built_at
2026-08-17,75cd439d-aaa2-41cb-86f3-2fefa5b26e29,ascendedHeroes,d023c938-042f-42b0-8f2e-c2b9c9b378e9,ev_representativeness_v1,9.365745829999998,3.3499999999999996,0.357686409689809,13.25,0.7068487418867923,6.60586490956783,0.4467929736675333,0.5955566637451659,0.6512345733815413,833,resolved,1750,resolved,0.13758,0.1778,0.22888,0.27336,0.30652,a3bc4832121ba20e1f125390fc18f9fc6a1fe734e7c7164d2edb78f2132d3d02,2026-08-23T18:36:29.45678+00:00
2026-08-17,41a0ac1c-27ca-444b-8665-8ba35e583a3b,blackBolt,0de3387e-3756-451c-bfcc-9931bb63d8ed,ev_representativeness_v1,6.076951000000003,1.83,0.30113785679693633,14.99,0.405400333555704,4.58620145643591,0.32268683094532113,0.5455254271426576,0.6823482088303823,417,resolved,875,resolved,0.13446,0.34148,0.3716,0.41738,0.45904,62875880a16f7948ab23cae56d1c1f78d9c56bda692434759ea1d0674d8367ac,2026-08-23T18:37:38.776718+00:00
2026-08-17,5bdbfae1-3f2e-44e7-b8c9-1035ad45b896,chaosRising,6c909305-6a8d-4801-848b-32e2209e0076,ev_representativeness_v1,3.1135194300000006,1.41,0.4528637227743267,5.67,0.5491215925925927,3.6933135128485146,0.28700021313179985,0.4330876778886844,0.5257298619138535,292,resolved,583,resolved,0.19652,0.34428,0.35894,0.38594,0.4636,19ee22294d2ded347499ae8c3bf49bb9c447e3f98af813505f2b4cec50fce313,2026-08-23T18:37:45.610906+00:00
2026-08-17,de291399-ead5-41dc-bc12-e7c587684f85,destinedRivals,fb119198-3176-493d-9c1a-b0b51dc6d39a,ev_representativeness_v1,4.492739040000001,1.84,0.40954971646873123,8.48,0.5298041320754717,4.386728517957499,0.31548265932668096,0.5147035582106722,0.602158866988188,375,resolved,792,resolved,0.14814,0.28832,0.31938,0.40092,0.46522,6836eeb53a4c198bc40c38ba546d4cb6d6e4975c13ce8df079f7b3eeb5b593b7,2026-08-23T18:38:12.126288+00:00
2026-08-17,142d3869-9d39-48b6-a810-751af2aac748,journeyTogether,566f66f8-5755-45eb-b359-f42523dd73f8,ev_representativeness_v1,3.37730078,1.8199999999999998,0.5388918898718875,6.27,0.5386444625199363,2.012417680280401,0.16960091425437088,0.36410257187694123,0.46270103310135136,150,resolved,250,resolved,0.23026,0.40132,0.45554,0.57862,0.6857,89e3e8393f0571a71e136366a4c96ab7173c49f29acbcb143deadf9060a17508,2026-08-23T18:38:16.371367+00:00
2026-08-17,b3c96740-a4a9-4c3d-a8f6-81ed4584549d,megaEvolution,178472f0-bccd-4f4a-8393-507e205dda3c,ev_representativeness_v1,3.95883915,1.82,0.4597307268722954,8.44,0.4690567713270143,3.3932169712007414,0.27768275707791773,0.45400304783789974,0.5438684140526397,250,resolved,500,resolved,0.17838,0.31486,0.36436,0.43244,0.49074,8bdf9f9d51575240660879c9d0d815ee6c491a77aaca595bc815ccfe67b807c8,2026-08-23T18:38:21.822214+00:00
2026-08-17,b4b34b61-ce48-4fc4-bd91-201a350b2600,obsidianFlames,f854d62d-53e4-40de-81bd-d2638423bdb0,ev_representativeness_v1,4.326216069999998,1.8099999999999998,0.418379473126963,12.92,0.3348464450464395,2.3051453778901374,0.18144336235152492,0.4414725822975366,0.5652869506353622,150,resolved,250,resolved,0.16646,0.38232,0.44406,0.53318,0.63712,1b40ede2ae344d2d789983f6230e3f8863326f1ec0a3250fb6c91172713b1d66,2026-08-23T18:38:25.972084+00:00
2026-08-17,202518a0-5e86-4949-b1cd-c1c8ad95b616,paldeaEvolved,0a58cd45-5166-48c6-8b20-3927bc11cd9d,ev_representativeness_v1,5.790641869999997,1.72,0.29703097490986796,16.07,0.36033863534536387,3.5759522332116793,0.25595626586383935,0.5279822476743842,0.6695226292763291,250,resolved,542,resolved,0.15674,0.36382,0.40274,0.4853,0.55642,0116bc2fb693f01a5b669829e0eed55b987f46b7433228cd9339dde22f501359,2026-08-23T18:38:32.396756+00:00
2026-08-17,fd1538dd-36b9-4d02-98dc-fd65a5230d27,paldeanFates,9e9960c5-c7d6-4184-b75c-0190b62cc685,ev_representativeness_v1,7.7597096500000005,1.7899999999999998,0.23067873422300017,23.43,0.33118692488262913,6.537685827325187,0.45667352643793824,0.6129056400969849,0.6939407881066787,833,resolved,1750,resolved,0.1726,0.22814,0.23984,0.2562,0.29224,e55f314bde580e3e54f31277157461abbc736484ca159deb0b187a40cda59645,2026-08-23T18:39:31.530845+00:00
2026-08-17,5d3d5c23-7098-4393-ad63-6ad9372aee30,paradoxRift,109d3f0e-502a-4db5-8fd1-2c8274a5c0cf,ev_representativeness_v1,3.952140910000001,1.54,0.3896622198118942,8.41,0.4699335208085614,2.3614930243187193,0.17843810381750785,0.4572639187604268,0.5982380850889245,150,resolved,250,resolved,0.15974,0.39584,0.45054,0.55232,0.6479,92034f5b561731c1c4256a38f2651f2fb4064519bc89757e48f2900db658c714,2026-08-23T18:38:36.618139+00:00
2026-08-17,5e99f658-39f0-4845-9228-db8db3965f32,perfectOrder,16d711b2-e585-4c4a-aa78-ee90bffef779,ev_representativeness_v1,3.099203919999999,1.53,0.4936751628786016,5.35,0.5792904523364485,2.718360532098687,0.2364303733844012,0.4189067494468063,0.5113026605877549,150,resolved,292,resolved,0.2113,0.3291,0.36084,0.44732,0.55734,c5aca9bc51baa2de5a1a1e1dc5f0dcf7b77abfa5b016f81568767e0cf154b67b,2026-08-23T18:36:33.664682+00:00
2026-08-17,0f7e51e2-5a78-4500-9c9c-f690e934a069,phantasmalFlames,105c6049-3d0e-4ad8-bdd0-f3ffe82e3283,ev_representativeness_v1,4.541990499999998,1.5599999999999998,0.3434617487641158,10.3,0.44096995145631046,7.656948339882191,0.45579399604644705,0.5861349489832707,0.6503259264853152,1167,resolved,2438,resolved,0.13078,0.20288,0.23182,0.18662,0.17566,79c924088727bb3225849d21a93a017929c88dbac5c6f3c013cd5626c112eceb,2026-08-23T18:37:11.511203+00:00
2026-08-17,472f851c-2e41-4c80-b6fc-8478d1d92730,pitchBlack,6a714ee9-9d56-47af-8195-e595f34be1d8,ev_representativeness_v1,3.6851466399999997,1.5,0.407039433307327,6.03,0.6111354295190712,3.4855131075870203,0.29450815015600035,0.466072660815473,0.5650951870941017,250,resolved,500,resolved,0.19126,0.33132,0.35556,0.39486,0.4748,f71a5e78a2b0dcb28000c7d7d6423fcaf9a917907777a9725c9129f77e63db6b,2026-08-23T18:38:42.070779+00:00
2026-08-17,7a3dd188-4375-41af-94de-c5247fe0b1a6,prismaticEvolutions,6cb2056a-b332-4132-adfb-feb450d1c9af,ev_representativeness_v1,8.34465428,1.69,0.20252486721355217,14.77,0.5649732078537577,11.851001101156495,0.6447029582632393,0.7652468293749374,0.8054853483995985,2812,resolved,5906,resolved,0.0737,0.13442,0.14284,0.18872,0.27498,478092a99ff2a602d979f471568711f5454c1229baa10d834ddfa1e22a7dbf29,2026-08-23T18:40:31.387096+00:00
2026-08-17,d001d563-988b-4f8e-904f-acb926748e22,scarletAndViolet151,46853402-13dd-44a7-bdf5-291eda6a92e5,ev_representativeness_v1,12.730332689999997,3.8900000000000006,0.3055693904257267,28.86,0.44110646881496873,2.569248077669898,0.19629008925767513,0.4806626848649939,0.653784175376488,150,resolved,292,resolved,0.17274,0.40538,0.47358,0.54454,0.62312,b566f10f3f8d0d1f41109952d307e55162addabf57ea102a6be149704d8b9aa2,2026-08-23T18:38:46.231802+00:00
2026-08-17,3c459327-59d0-41d5-b21e-aae36361cc77,scarletAndVioletBase,80ba53f0-161c-4ef5-b55a-badb040220d3,ev_representativeness_v1,3.99765776,1.72,0.4302519383250056,8.97,0.4456697614269788,1.9531881705467913,0.14748138920226125,0.4074038468965887,0.5427402694922038,150,resolved,250,resolved,0.17714,0.41384,0.48424,0.57998,0.69244,21b1b6f391572609e2719f207144c69b09746af2b69ebd6423ae90e8cd071441,2026-08-23T18:40:56.471561+00:00
2026-08-17,3b753fb6-a465-4e68-8ad9-4e34e114d4b7,shroudedFable,f879708e-0ad8-4395-9c68-68323c2727ce,ev_representativeness_v1,6.039257789999999,2.0500000000000003,0.3394456854275135,14.73,0.4099971344195518,1.889455122984544,0.11561846575852165,0.401506906033233,0.5935308931397679,150,resolved,150,resolved,0.20972,0.4578,0.52928,0.61558,0.71208,4b6cdcf4e1844161e1106cf31dec9ec03aa07fbba2fabb05042acea19e42c540,2026-08-23T18:40:35.415312+00:00
2026-08-17,4b15f040-4351-41ea-90e1-c07eb1b2f4d6,stellarCrown,43373ecd-5ba8-40b2-acbd-c96dec471098,ev_representativeness_v1,4.491741890000001,1.7700000000000002,0.3940564803913966,10.59,0.4241493758262513,2.860976848311177,0.2557370610625181,0.4788255987701022,0.5752744488174498,250,resolved,375,resolved,0.2,0.31662,0.34368,0.39956,0.50722,de17e8dc9f341d41006987ea2fb404c6525e337d0e8803f6c3832f4ae90da7da,2026-08-23T18:40:40.67099+00:00
2026-08-17,f59f25a2-d3da-4100-a918-901271a99925,surgingSparks,c8fa7886-18d7-4c33-8904-04df1191c202,ev_representativeness_v1,3.539430459999999,1.6,0.4520501301217825,8.07,0.4385911350681535,3.6022532927526605,0.26404365350915804,0.43936332909334797,0.5469432729015956,292,resolved,542,resolved,0.16746,0.3716,0.3772,0.43734,0.51788,9b531a9fae05976adc8f847b22fa4569f4d7ec66fdb07c45b5a2385b5eb88665,2026-08-23T18:40:47.834984+00:00
2026-08-17,91442900-3949-4ba4-8398-9e3dc2db1fa6,temporalForces,310d49b8-4165-4edc-972b-a96cb3e2820e,ev_representativeness_v1,5.5531387599999995,1.9399999999999997,0.34935197621461916,11.49,0.4833018938207136,2.0247306159202823,0.14303300967757557,0.42900578086761143,0.5791555747114088,150,resolved,250,resolved,0.2131,0.42132,0.48198,0.58704,0.68648,906ca3c34fe183a60c06a99d0e7d2be150da119f2b9ca66c7c63cb8f924612aa,2026-08-23T18:40:52.286034+00:00
2026-08-17,cb68bfe9-53a6-4345-b0e3-f6cd6c33383b,twilightMasquerade,a2b49b31-69a7-4f22-8181-4edd8699ecdb,ev_representativeness_v1,4.6820548199999985,1.99,0.42502706108853305,8.79,0.5326569761092149,3.3110243100576717,0.2502573966017767,0.4344730782114167,0.5395518393353627,250,resolved,417,resolved,0.20556,0.37326,0.39846,0.45896,0.54742,31acbdbd19efbedabea779ce53c9ae4a84859f8790abfec72a492d7304b74d94,2026-08-23T18:38:51.343382+00:00
2026-08-17,c38df164-ea0d-4e9e-bae6-4c3a517beb8f,whiteFlare,92e133b2-484d-47a2-8f9e-0630b5185c93,ev_representativeness_v1,5.6227535899999985,1.76,0.31301389467433527,14.37,0.39128417466945015,4.231071563168705,0.28984290417748865,0.5136948709858012,0.6571293407862109,375,resolved,708,resolved,0.13634,0.36562,0.3933,0.44492,0.50216,5395c70debab7819d385536708621dcb5e4485a968fb82185f19db3c2afc21b3,2026-08-23T18:38:58.945968+00:00
2026-08-18,75cd439d-aaa2-41cb-86f3-2fefa5b26e29,ascendedHeroes,11ad1e8a-0295-413e-a3b1-c7cb805f9333,ev_representativeness_v1,9.269525180000006,3.33,0.3592417017416202,13.61,0.6810819382806764,6.497048509098364,0.44227658163608335,0.5941495700214496,0.6493150601701047,833,resolved,1750,resolved,0.14478,0.17596,0.22786,0.27976,0.31078,14a0b8533702b5ced98e842f1c4997806d81a1e0d644c96c149a3416725c29d6,2026-08-23T18:41:28.83149+00:00
2026-08-18,41a0ac1c-27ca-444b-8665-8ba35e583a3b,blackBolt,e0865483-2745-49d2-97c7-de75b993cb7c,ev_representativeness_v1,6.117188690000001,1.83,0.2991570299264383,14.7,0.4161352850340137,4.601665517239993,0.3253501928514159,0.5473442490785747,0.6837831562786074,458,resolved,875,resolved,0.13608,0.339,0.36918,0.40926,0.4524,297566d4b23f1e98976df82404ca9c174dc9e6af753137f29e243565728dbfdb,2026-08-23T18:41:55.578732+00:00
2026-08-18,5bdbfae1-3f2e-44e7-b8c9-1035ad45b896,chaosRising,51cbbf47-026d-47c0-b826-61de932c1f2b,ev_representativeness_v1,3.10910818,1.41,0.4535062527158511,5.8,0.5360531344827587,3.660490842213712,0.2873318322426466,0.43500084644851444,0.5280856293652672,292,resolved,542,resolved,0.19084,0.33974,0.35638,0.38948,0.46444,4dac7083694a2b1ed0201fa240e6e01ca6532eb893a357f7f59d192b4cf6f80a,2026-08-23T18:42:02.298137+00:00
2026-08-18,de291399-ead5-41dc-bc12-e7c587684f85,destinedRivals,c85abc7e-cf70-4a2a-be4d-f663d3d7b04a,ev_representativeness_v1,4.461225450000001,1.84,0.4124427291608856,9.02,0.4945926219512196,4.363803505233349,0.31406894713200384,0.512681503240326,0.6009288299922166,375,resolved,750,resolved,0.14042,0.2898,0.31814,0.40024,0.4673,3fd3a6dd2b38931177383d3a1911c50a089e29b060eb602ff61380d32ba2b442,2026-08-23T18:42:10.06953+00:00
2026-08-18,142d3869-9d39-48b6-a810-751af2aac748,journeyTogether,d3831926-585b-4449-aa8c-685c8f7b0615,ev_representativeness_v1,3.3810774300000013,1.8199999999999998,0.5382899497808896,6.71,0.5038863532041731,1.993932327721599,0.16776277140745635,0.36246173457198816,0.4609817202559599,150,resolved,250,resolved,0.23546,0.40162,0.45696,0.58304,0.68986,09319e51d608533eba9d269dbc81699cf34e12aa9d8ca8022399b20229972506,2026-08-23T18:42:14.301137+00:00
2026-08-18,b3c96740-a4a9-4c3d-a8f6-81ed4584549d,megaEvolution,13b9dd96-d7a2-415a-b872-ac8ecb32215c,ev_representativeness_v1,3.9645581400000007,1.8100000000000003,0.4565452027902408,8.44,0.4697343767772513,3.3939279281640515,0.27703477442255403,0.45585189223634404,0.5448710559204968,250,resolved,500,resolved,0.17818,0.30992,0.36078,0.43564,0.489,0fc5328028b0b351eb0d9bd9bd15f8314640a0af19c8a5abd1d1bf17e0c59ef4,2026-08-23T18:42:19.825213+00:00
2026-08-18,b4b34b61-ce48-4fc4-bd91-201a350b2600,obsidianFlames,81c2a4ec-855c-4c1b-a00c-4df2afd59943,ev_representativeness_v1,4.332870290000002,1.8099999999999998,0.41773694545561835,12.92,0.33536147755417967,2.3114609160395108,0.18084437510359905,0.43956491713948814,0.5644467330684851,150,resolved,250,resolved,0.16694,0.38824,0.4509,0.54444,0.6418,03d008baa8111ffb812768b01ba992150d04a8fc54fddf73c8346a3f6fa3b28e,2026-08-23T18:42:23.914843+00:00
2026-08-18,202518a0-5e86-4949-b1cd-c1c8ad95b616,paldeaEvolved,29e24b5d-a318-4bf6-bcc1-986dfdf0a05d,ev_representativeness_v1,5.796073809999998,1.72,0.2967526046739561,16.03,0.3615766568933249,3.5803527176865546,0.25727621298183573,0.5292038456632423,0.6702800580795226,250,resolved,542,resolved,0.15628,0.3623,0.40128,0.48156,0.5521,2e3406262e443deafe8205b4905c29c4a2402eecc2f17ceefd123f82704c49ae,2026-08-23T18:42:30.481933+00:00
2026-08-18,fd1538dd-36b9-4d02-98dc-fd65a5230d27,paldeanFates,e14d0df2-8d9c-428f-92b5-e60bdfdf29da,ev_representativeness_v1,7.7561092799999996,1.78,0.22949650858967785,23.44,0.3308920341296928,6.489503599907691,0.45467599961407457,0.6123030760082329,0.6935906452313421,833,resolved,1750,resolved,0.1756,0.22794,0.24006,0.25644,0.29546,6d17b551159bfe10eaa79593e7a235155a3d737fab306332f40508b43f63f64d,2026-08-23T18:43:03.23933+00:00
2026-08-18,5d3d5c23-7098-4393-ad63-6ad9372aee30,paradoxRift,63ead6e2-039f-4f4e-91f5-9d8d07041953,ev_representativeness_v1,3.9642246099999996,1.54,0.3884744562947457,8.41,0.4713703460166468,2.367693721350318,0.1793516790664392,0.4584504383065218,0.5988981209619201,150,resolved,250,resolved,0.16212,0.39554,0.4476,0.55476,0.6477,e1a9275d7d7c1dba61f900654e8d833a6cabe70585b6ace24c9d8b23c905f203,2026-08-23T18:43:07.377996+00:00
2026-08-18,5e99f658-39f0-4845-9228-db8db3965f32,perfectOrder,0cff4713-9b17-4f50-bfc3-88188d87064c,ev_representativeness_v1,3.1049647500000015,1.49,0.47987662339805925,5.63,0.5515035079928955,2.7369791114239805,0.23667227784147948,0.420145848676704,0.515461909833276,150,resolved,333,resolved,0.211,0.32888,0.36336,0.44722,0.56164,dd78fc1905de9ecc3ceb955f3f96fdde5a3a08b9e19605d9f54d7c8568e868d5,2026-08-23T18:43:11.869176+00:00
2026-08-18,0f7e51e2-5a78-4500-9c9c-f690e934a069,phantasmalFlames,33492f0e-00ce-4f6c-97f7-3bd7e385828b,ev_representativeness_v1,4.650570839999999,1.5399999999999998,0.33114214426201494,11.6,0.4009112793103448,7.8049316785278355,0.4715836991744437,0.5980428609060819,0.6625155977626179,1167,resolved,2625,resolved,0.1356,0.19904,0.21192,0.17402,0.16754,603f94ffb7ba385b2b0ba53236d3e626b18d96421cdbf9207a677fead5ba3429,2026-08-23T18:43:49.875829+00:00
2026-08-18,472f851c-2e41-4c80-b6fc-8478d1d92730,pitchBlack,edbb0ac7-9a05-4648-9315-03cb0e77b7e1,ev_representativeness_v1,3.667902810000001,1.5,0.4089530387529542,6.05,0.6062649272727275,3.474993825799905,0.2911967751948149,0.4628882110428656,0.5633231732222479,250,resolved,500,resolved,0.18672,0.33664,0.35936,0.40118,0.48408,0c29aa89c45c3992e3da06079769b8c7fb950de286246c3e86079caba36be915,2026-08-23T18:43:55.115577+00:00
2026-08-18,7a3dd188-4375-41af-94de-c5247fe0b1a6,prismaticEvolutions,44e371eb-2a1b-4f4a-af66-a1924cad265a,ev_representativeness_v1,8.860319750000002,1.69,0.19073803741676473,14.93,0.5934574514400537,12.00657062386668,0.6622805548298637,0.7793621883679762,0.8161993217005515,2812,resolved,5906,resolved,0.06584,0.12452,0.1372,0.18636,0.27252,cce812faf5a69627276c2fe5a205105ddfae262968479fb15383c91282467b96,2026-08-23T18:44:55.364038+00:00
2026-08-18,d001d563-988b-4f8e-904f-acb926748e22,scarletAndViolet151,e536973a-8798-4723-af88-c30dd0ec4f69,ev_representativeness_v1,13.02080114000001,3.9299999999999997,0.3018247462459899,28.83,0.45164069164065246,2.528635533373988,0.19313195654871967,0.47294155972341345,0.6466174208079489,150,resolved,292,resolved,0.18074,0.4149,0.48252,0.55004,0.62538,765040b64fcc50ca5312a88b213020cb16ce5c775c56b48312d7505bb1e9a48f,2026-08-23T18:44:59.895137+00:00
2026-08-18,3c459327-59d0-41d5-b21e-aae36361cc77,scarletAndVioletBase,18b3e40e-52e3-4dd1-8ddb-28c4f0fe2f1f,ev_representativeness_v1,4.026542929999999,1.72,0.42716544437786497,9.13,0.4410233220153339,1.956872715399753,0.14713393357512275,0.4084858794737848,0.5440409001177594,150,resolved,250,resolved,0.1785,0.40612,0.47968,0.57766,0.68792,481b29d6580f3fd41a46ac9264d7d26be7c39b1ee987de98c92cc46dd2e9253d,2026-08-23T18:45:04.128072+00:00
2026-08-18,3b753fb6-a465-4e68-8ad9-4e34e114d4b7,shroudedFable,a7bd5ce0-beb6-4a08-8017-179fa5c12731,ev_representativeness_v1,6.08102078,2.06,0.338758914749178,14.73,0.41283236795655126,1.879669179737838,0.11448516707749189,0.39943204568361956,0.5910791345791125,150,resolved,150,resolved,0.2094,0.45738,0.5285,0.62138,0.71428,53584cd03b4ffe5e4e81b25cd7609dd9b8c6fce838e48f43857f5dcde12299ea,2026-08-23T18:45:07.847036+00:00
2026-08-18,4b15f040-4351-41ea-90e1-c07eb1b2f4d6,stellarCrown,ca690ecb-b4d8-42d4-a60e-fb8e43d18149,ev_representativeness_v1,4.46881198,1.7700000000000002,0.39607842261468346,10.57,0.4227825903500473,2.8263294942974326,0.25338573989411844,0.47367074951316274,0.5715311522235941,250,resolved,333,resolved,0.20252,0.32042,0.34904,0.40148,0.50776,8ead6741cab155ea5f4289b4ee1bf5b7a4cd9abb4ad54f34bc8a28c205a8f175,2026-08-23T18:45:12.597718+00:00
2026-08-18,f59f25a2-d3da-4100-a918-901271a99925,surgingSparks,4f44ec14-73c0-43e6-b8c5-4d1def20c4ec,ev_representativeness_v1,3.530299490000001,1.6,0.4532193386233075,8.1,0.43583944320987666,3.565773310199509,0.259676495605193,0.43570402577941064,0.5441512527312521,250,resolved,500,resolved,0.1643,0.36712,0.37602,0.43982,0.5193,e776fa499c394a23768cbdba51e842cbf81f85427415d35845d904db27df37a0,2026-08-23T18:45:18.071785+00:00
2026-08-18,91442900-3949-4ba4-8398-9e3dc2db1fa6,temporalForces,5c7d8351-45fb-4829-8901-a013e8a0bd78,ev_representativeness_v1,5.537781409999999,1.94,0.350320797512302,11.53,0.4802932705984388,2.0138835521073384,0.14203536610882592,0.4264470579744317,0.5766448065706516,150,resolved,250,resolved,0.20812,0.42992,0.48716,0.5904,0.68972,a07a8354b0ffb8f163bf28c2101d793d4290e35929fd614972b55f0679c884aa,2026-08-23T18:45:22.244411+00:00
2026-08-18,cb68bfe9-53a6-4345-b0e3-f6cd6c33383b,twilightMasquerade,125f2716-4f9e-4f0c-9da1-2038eae4c308,ev_representativeness_v1,4.715121990000002,1.99,0.4220463445527947,8.79,0.5364188839590446,3.2837833447372495,0.24756146340977275,0.433681303333575,0.539669831532821,250,resolved,417,resolved,0.2099,0.37096,0.39814,0.46372,0.55196,c64e0a9b9a3fe85c99cda15f1c8da82d3c3e00cc45de4d4eab64c9c68c376784,2026-08-23T18:45:27.277793+00:00
2026-08-18,c38df164-ea0d-4e9e-bae6-4c3a517beb8f,whiteFlare,de567c41-4fe1-4879-a405-6e1139e5bc27,ev_representativeness_v1,5.62328434,1.76,0.31298435106342143,14.23,0.39517107097680954,4.265002748066425,0.2925509436359037,0.5152256039039279,0.6581547288430377,375,resolved,750,resolved,0.1379,0.36774,0.39564,0.44756,0.50456,fa48fe4cd22fa66a01ee72327b0390fc07358030af5405f300b9b5658e203aee,2026-08-23T18:45:35.089515+00:00
2026-08-20,75cd439d-aaa2-41cb-86f3-2fefa5b26e29,ascendedHeroes,892e6bcc-2059-448e-bf4f-0ffd896a546c,ev_representativeness_v1,9.223800569999996,3.3200000000000003,0.3599383979309086,13.92,0.6626293512931032,6.464979197151724,0.44511447627710365,0.5968051670484025,0.6510898760682984,792,resolved,1750,resolved,0.13962,0.17514,0.23028,0.2759,0.31006,6a65920ba5ce8951f13e0f5a79e1203914df6195f737aa932f595e5fc25ee777,2026-08-23T18:49:14.421553+00:00
2026-08-20,41a0ac1c-27ca-444b-8665-8ba35e583a3b,blackBolt,8a887d42-33b2-4f35-a440-2611c3c824c8,ev_representativeness_v1,6.068808870000002,1.82,0.29989410426102275,14.71,0.41256348538409254,4.602284365374846,0.32541617511839693,0.5474229344118396,0.6840073050446884,458,resolved,875,resolved,0.13756,0.34504,0.37338,0.41408,0.45208,7660b5762a54c24780c3cf61ad807c376b33801469fe1550a7e1206dc4f05dc8,2026-08-23T18:46:01.869272+00:00
2026-08-20,5bdbfae1-3f2e-44e7-b8c9-1035ad45b896,chaosRising,84080871-1155-4e75-b8ab-60605ad64038,ev_representativeness_v1,2.94194569,1.27,0.43168709888726736,5.62,0.5234778807829181,3.804385553238876,0.2994025562722064,0.4514253252581288,0.5447645296266499,333,resolved,,confirmation_did_not_ratify,0.18904,0.33356,0.34174,0.377,0.45466,27848619731b567ba8d7865cc77d9f25c59005e8a97385b2e65456528f504d3b,2026-08-23T18:50:09.170663+00:00
2026-08-20,de291399-ead5-41dc-bc12-e7c587684f85,destinedRivals,1f72718d-390e-4fce-bda2-15ed058b0b29,ev_representativeness_v1,4.507028970000001,1.9100000000000001,0.4237824990062133,9.27,0.48619514239482214,4.283160522825539,0.30865799382691783,0.5066890351050927,0.5942321910568948,375,resolved,750,resolved,0.13604,0.28876,0.31984,0.40948,0.47022,87d36992b9a318a54de3e567d1f0cf10579db8eea15693bcbe132a31f67805c9,2026-08-23T18:46:09.704458+00:00
2026-08-20,142d3869-9d39-48b6-a810-751af2aac748,journeyTogether,f9194acd-d61b-4511-b429-419768c93715,ev_representativeness_v1,3.3834807199999997,1.86,0.5497297469453292,6.55,0.5165619419847328,1.9738739985459075,0.16721195030187735,0.3592546258103106,0.4555065146048773,150,resolved,250,resolved,0.23524,0.4035,0.46202,0.5858,0.69626,fda4b0b0bf1c8dc5f5c444748728614d4986f1d4cf0d5abe9e334ad71ede5d00,2026-08-23T18:46:13.786159+00:00
2026-08-20,b3c96740-a4a9-4c3d-a8f6-81ed4584549d,megaEvolution,47d51e4c-7c43-4ac0-9ff0-2ba351bdc4f8,ev_representativeness_v1,3.8320985999999997,1.71,0.4462306893669177,8.3,0.461698626506024,3.49907907682931,0.2844829853803866,0.4664949591850272,0.5574490750316288,292,resolved,500,resolved,0.17426,0.30734,0.35496,0.42934,0.48284,7d36803f64be2a7baea0871b916cddaca2a0b5f52f51ebbb87917235d27e6c48,2026-08-23T18:49:20.201941+00:00
2026-08-20,b4b34b61-ce48-4fc4-bd91-201a350b2600,obsidianFlames,1ffdc6cc-4263-48aa-814a-4e44c2c4b4b3,ev_representativeness_v1,4.32688145,1.7999999999999998,0.4160040021433912,12.99,0.33309326020015395,2.3330830003683345,0.18204505233209006,0.44224655380840155,0.5678802108155747,150,resolved,250,resolved,0.16888,0.38606,0.44618,0.53968,0.63646,f6994913bb111f25adeef67a733c49b6089354250fc2e42b894575b36492a282,2026-08-23T18:46:17.970902+00:00
2026-08-20,202518a0-5e86-4949-b1cd-c1c8ad95b616,paldeaEvolved,b088cf28-10e6-4f6d-9878-011e5e307728,ev_representativeness_v1,5.872314649999998,1.72,0.2928998363532854,16.03,0.3663327916406736,3.6058116646591096,0.26159613058200143,0.5311469864783217,0.6711581130960003,250,resolved,542,resolved,0.15502,0.36458,0.4016,0.48058,0.5486,47177ff4d8f8b3d7d609263c254f025194503e34e787b8cc754f7e01c76f6fca,2026-08-23T18:46:24.548632+00:00
2026-08-20,fd1538dd-36b9-4d02-98dc-fd65a5230d27,paldeanFates,752b8938-be68-41c1-a163-08144f561a19,ev_representativeness_v1,7.551158460000002,1.7400000000000002,0.23042821961916554,23.14,0.32632491184096807,6.446914809469113,0.4450471669746949,0.6030127554759325,0.6854403966514033,833,resolved,1750,resolved,0.1848,0.23502,0.24846,0.2631,0.29918,c9d546ecfcff2d43ba1d192dcdc3a0593d822ab89807ecabac6f74e9c00b768e,2026-08-23T18:46:57.202463+00:00
2026-08-20,5d3d5c23-7098-4393-ad63-6ad9372aee30,paradoxRift,a4f0fece-12f5-4254-8af9-bf25e2588974,ev_representativeness_v1,3.964651269999998,1.5399999999999998,0.38843265021894363,8.42,0.470861195961995,2.341152814519227,0.1771813388268068,0.45766392967016234,0.5998619419558683,150,resolved,250,resolved,0.15858,0.3947,0.44806,0.55536,0.65276,d86e6cb086509f0eeea2549dbd7fe4308a9d06c82a90e1b6771a22cda5be4885,2026-08-23T18:47:01.324221+00:00
2026-08-20,5e99f658-39f0-4845-9228-db8db3965f32,perfectOrder,f7ddfed2-0aa3-4215-a0db-7bef3a7b82a2,ev_representativeness_v1,2.9103022999999992,1.3699999999999999,0.4707414758941022,5.48,0.5310770620437955,2.874939062626407,0.24973404652843104,0.43648525790602566,0.5301779784182556,250,resolved,333,resolved,0.21088,0.31852,0.35036,0.43006,0.53628,6bb2e8c07e9c70ad1508d809981496cd8db79b2c72405f4745c3434ccd043260,2026-08-23T18:49:24.95604+00:00
2026-08-20,0f7e51e2-5a78-4500-9c9c-f690e934a069,phantasmalFlames,ad91c981-d7ab-4b2a-acea-da404bc96eaa,ev_representativeness_v1,4.55581478,1.55,0.3402245426667675,12.03,0.3787044704904406,7.668025638029767,0.4599120884365716,0.5868642030262696,0.6528173122964406,1167,resolved,2438,resolved,0.13722,0.20226,0.21668,0.17854,0.17032,1e2fd50f672d9737f1335f12292d999eab7742d392838b0b39e2e3d6df50f672,2026-08-23T18:50:02.370007+00:00
2026-08-20,472f851c-2e41-4c80-b6fc-8478d1d92730,pitchBlack,755a31f9-0084-4396-89af-6e1befa2ce6b,ev_representativeness_v1,3.7461518799999993,1.6199999999999997,0.43244375879389063,5.97,0.6274961273031825,3.428563780699387,0.288840107038052,0.45425874991485926,0.5489054250518001,250,resolved,500,resolved,0.18722,0.33448,0.35642,0.39764,0.48436,039b4c0f2217870ef4e146334d32f5e9f2b94e4702de14a3f400aaceaecfb15a,2026-08-23T18:50:14.592241+00:00
2026-08-20,7a3dd188-4375-41af-94de-c5247fe0b1a6,prismaticEvolutions,59c016cb-699a-4c86-b6a6-c3a59e97d921,ev_representativeness_v1,8.334140169999998,1.71,0.20518013437731758,15.28,0.5454280215968585,11.775257800181867,0.642938590028538,0.7630992244278512,0.8018132229230314,2812,resolved,5906,resolved,0.06544,0.133,0.14002,0.18676,0.27218,20699705b271b79573cacb798dd45d9571f7f7253573288140dc829149f5253b,2026-08-23T18:48:01.354165+00:00
2026-08-20,d001d563-988b-4f8e-904f-acb926748e22,scarletAndViolet151,f1b38102-cbda-4d90-a522-a345cc2f7e5a,ev_representativeness_v1,12.887841959999996,3.83,0.29717931146945886,28.38,0.4541170528541225,2.5899775916592778,0.19851657383297083,0.4798487209258112,0.6523221339998493,150,resolved,292,resolved,0.17934,0.414,0.4818,0.54576,0.62254,4e2e4367203cb38823252aa1d5c695d635f373a77755f5c952a57b0c294d30cc,2026-08-23T18:48:05.753859+00:00
2026-08-20,3c459327-59d0-41d5-b21e-aae36361cc77,scarletAndVioletBase,fe35ccb6-7a58-4dd2-aec8-db80316203d8,ev_representativeness_v1,4.030698729999998,1.7399999999999998,0.4316869397976565,9.18,0.4390739357298473,1.9486506960551817,0.14668422514425927,0.4075036736868697,0.54270029256193,150,resolved,250,resolved,0.17746,0.4097,0.48084,0.57722,0.68564,5474b41cb4bdb788d3d58922ca3e53b329b423dd07688ebc8afc8ecaf1d8a74c,2026-08-23T18:48:09.8875+00:00
2026-08-20,3b753fb6-a465-4e68-8ad9-4e34e114d4b7,shroudedFable,ea8a9d22-0ab0-4492-ae4a-9d019777de4f,ev_representativeness_v1,6.032294799999998,2.02,0.3348642708907397,14.77,0.4084153554502368,1.8887410952001578,0.11484435740773147,0.40054948740237295,0.5933768306548943,150,resolved,150,resolved,0.22564,0.45788,0.5322,0.62142,0.71174,3534909120c465a07047684601eb3a0fb241d104e548acd87fdc0ccb729fcbdb,2026-08-23T18:48:13.561206+00:00
2026-08-20,4b15f040-4351-41ea-90e1-c07eb1b2f4d6,stellarCrown,018ba637-d4cb-42ca-9f6e-b7922a1cc484,ev_representativeness_v1,4.445876620000002,1.74,0.3913738838753468,10.56,0.4210110435606062,2.8594004127736072,0.2545730520070077,0.47886037827113603,0.576478237940845,250,resolved,375,resolved,0.20674,0.32234,0.34856,0.40516,0.5107,06fc6bd3b9ccb2e6c5120f4b5e803086615bbfdda10c1c7b8305fe385f3bb7c5,2026-08-23T18:48:18.540433+00:00
2026-08-20,f59f25a2-d3da-4100-a918-901271a99925,surgingSparks,5c10198f-78af-4101-8993-22c34c3dadd2,ev_representativeness_v1,3.5671693799999984,1.6199999999999999,0.45414159727957765,7.79,0.45791648010269553,3.587687571085501,0.262424824918182,0.4398011876856825,0.5480986103328795,250,resolved,542,resolved,0.16626,0.36242,0.37252,0.4354,0.51722,923d482918369e669b61414c5b4f0ce0656b0cc037fa2f8ab2d979370079aea5,2026-08-23T18:48:24.881935+00:00
2026-08-20,91442900-3949-4ba4-8398-9e3dc2db1fa6,temporalForces,c3b46892-be05-44bd-bdde-f6890d5b404a,ev_representativeness_v1,5.511200959999997,1.94,0.3520103901273818,11.47,0.4804883138622491,2.022924118528147,0.14283117340725676,0.42758018934588066,0.578830375294462,150,resolved,250,resolved,0.20444,0.42304,0.48302,0.58692,0.688,b1853b79f37bb010c29263be748fe4352b8dfc1bf38bd58d9020b8db7133b3b0,2026-08-23T18:48:29.277075+00:00
2026-08-20,cb68bfe9-53a6-4345-b0e3-f6cd6c33383b,twilightMasquerade,30f66902-a189-4a2b-b693-c6b6c43e28d8,ev_representativeness_v1,4.681829210000001,1.97,0.420775707877648,8.75,0.5350661954285716,3.2802744532289156,0.24734180980514667,0.43544443604340727,0.5430957978067723,250,resolved,417,resolved,0.2113,0.37268,0.40414,0.46432,0.55286,dfcc992907674e118560a0103352f891096906ab1bbc2e130b412eab4d3b3a49,2026-08-23T18:48:34.301659+00:00
2026-08-20,c38df164-ea0d-4e9e-bae6-4c3a517beb8f,whiteFlare,3178c30b-45ee-4a1e-9c3b-1db578ef93d8,ev_representativeness_v1,5.649289900000002,1.7899999999999998,0.31685398194912945,13.5,0.41846591851851866,4.239523341318531,0.2914727619129619,0.5136417888556224,0.6565883581226731,375,resolved,750,resolved,0.13506,0.37006,0.39398,0.44714,0.5017,af37370dd413f129a5c16f15fa2d1499bc65d53f1e6337049419c9c841d5d145,2026-08-23T18:48:42.041741+00:00
2026-08-22,75cd439d-aaa2-41cb-86f3-2fefa5b26e29,ascendedHeroes,687b238f-44ef-427f-aa01-c47d24497a04,ev_representativeness_v1,9.058324540000001,3.2699999999999996,0.36099391069068487,13.87,0.653087565969719,6.487568619797648,0.44263089518318366,0.5958128654109803,0.6504916404772576,792,resolved,1750,resolved,0.14156,0.1773,0.23308,0.27888,0.31528,21812c0ffffeb497d6aca2d8adda0e9ec3064823feb0b4d02bf8addebd9c3852,2026-08-23T16:49:49.201102+00:00
2026-08-22,41a0ac1c-27ca-444b-8665-8ba35e583a3b,blackBolt,48c725d9-21dd-4264-8f69-13043e89ff51,ev_representativeness_v1,6.04392326,1.7999999999999998,0.2978197972685709,14.59,0.41425108019191226,4.633859115919104,0.3253612141329538,0.5477258524953541,0.6846289176742459,458,resolved,875,resolved,0.1336,0.34064,0.3711,0.41294,0.4476,9219ddb220f5869cb549a24f727dc5e4c23049858ab7367e85c3b11bd1df40ae,2026-08-23T16:51:01.278688+00:00
2026-08-22,5bdbfae1-3f2e-44e7-b8c9-1035ad45b896,chaosRising,d2572d76-ef4d-4478-b2c1-38dcd65e0c25,ev_representativeness_v1,2.83880102,1.24,0.4368041265533996,5.54,0.5124189566787004,3.883502892031765,0.30398586724475674,0.45192220622775453,0.5438937491997942,333,resolved,625,resolved,0.19332,0.31864,0.33738,0.36828,0.44444,1fa367dfc83e086ad92a08c12201a6d2fb4a2fb682b7761c68330d59089286ef,2026-08-23T16:51:44.421901+00:00
2026-08-22,de291399-ead5-41dc-bc12-e7c587684f85,destinedRivals,5a4f1a2c-216b-44f0-bd80-7a683a6b9d68,ev_representativeness_v1,4.47159789,1.86,0.4159586898812138,9.44,0.473686217161017,4.320245749291863,0.312624666704993,0.5131978828266242,0.6010316392738078,375,resolved,750,resolved,0.13962,0.29092,0.31718,0.40338,0.47108,d6a51dc120f57cc230cc8a0541a9495cb2bf3c94501fb7e81db4e7d0e318711a,2026-08-23T16:52:31.965656+00:00
2026-08-22,142d3869-9d39-48b6-a810-751af2aac748,journeyTogether,75220055-ecfe-4bcc-81dd-a85bc6b268f4,ev_representativeness_v1,3.44404084,1.8900000000000001,0.5487739802760295,6.4,0.5381313812499999,1.9740828044572292,0.1665112426483305,0.36069634121992583,0.45692653865277627,150,resolved,150,resolved,0.23154,0.40514,0.4597,0.58166,0.69398,d988ae7e4d42fb77533f4f8618d50d16ce3f4ac0098fb0b4bb5e62e06a912617,2026-08-23T16:53:17.860411+00:00
2026-08-22,b3c96740-a4a9-4c3d-a8f6-81ed4584549d,megaEvolution,bc40be6a-0eef-4545-b200-91a1ce4e027e,ev_representativeness_v1,3.79534727,1.7,0.44791685162448913,8.3,0.4572707554216867,3.470904382026946,0.28158483637256204,0.46381424274780536,0.5564494760976115,250,resolved,500,resolved,0.17754,0.31512,0.36362,0.43468,0.48828,65727b03276831c8d8a891fbfd6f623d02b392b4c30c448bd5090cfc358230f5,2026-08-23T16:54:07.229642+00:00
2026-08-22,b4b34b61-ce48-4fc4-bd91-201a350b2600,obsidianFlames,528199b8-05af-4ba9-9bc5-8d5ed376685c,ev_representativeness_v1,4.36567297,1.8299999999999998,0.41917935964864533,13.09,0.3335120679908327,2.3212571506739286,0.18303811473995957,0.4388403834105788,0.5632710963230946,150,resolved,250,resolved,0.16956,0.38754,0.44654,0.54104,0.6377,05601c73a7ad0ff937deb0d081d6672e620c6fe30b01082677f3a6c5040e5795,2026-08-23T16:54:53.423256+00:00
2026-08-22,202518a0-5e86-4949-b1cd-c1c8ad95b616,paldeaEvolved,14323aa8-03e8-408d-a34d-351aa4a60da0,ev_representativeness_v1,5.772340799999999,1.69,0.2927755062556251,16.05,0.35964740186915883,3.566101492669646,0.25666026683663584,0.5281646624191004,0.6698820277555337,250,resolved,,confirmation_did_not_ratify,0.15548,0.36038,0.40072,0.48054,0.55224,a63ad4946832dcf6590088c37a40f4561b5e13b1627a21e9ea1a2bb05582f3d2,2026-08-23T16:55:40.823424+00:00
2026-08-22,fd1538dd-36b9-4d02-98dc-fd65a5230d27,paldeanFates,993f324e-2189-472f-9149-02dfd800b200,ev_representativeness_v1,7.62288221,1.76,0.23088379847863344,23.1,0.32999490086580086,6.476415436436833,0.447802288683141,0.6062460317093106,0.6881336842800303,833,resolved,1750,resolved,0.1831,0.2329,0.2505,0.26434,0.29902,f0d1751cae9ff7d605b91e87522b9f61a6eba9a3b5f9ebbae4103d2e3414fedf,2026-08-23T16:56:55.16415+00:00
2026-08-22,5d3d5c23-7098-4393-ad63-6ad9372aee30,paradoxRift,73be42a8-991a-46b5-9ae3-c810f48e7664,ev_representativeness_v1,3.9621937000000003,1.5699999999999998,0.39624514066538435,8.4,0.4716897261904762,2.309705397612489,0.1752015808818231,0.4524216698441573,0.5939665796752946,150,resolved,250,resolved,0.1604,0.4007,0.4554,0.55606,0.65136,502ec3e45990d2aa0d4708677175373b7afcc9d1e37873d9bcf8ae58b19bd344,2026-08-23T16:57:41.227856+00:00
2026-08-22,5e99f658-39f0-4845-9228-db8db3965f32,perfectOrder,774a1fcb-ed7d-4b99-94d2-49f5dbc06f9c,ev_representativeness_v1,2.9143974900000003,1.39,0.47694249146501966,5.45,0.5347518330275229,2.8750087383501266,0.251193515130292,0.4340687343921642,0.5270821517211779,250,resolved,333,resolved,0.20712,0.3144,0.35066,0.43962,0.53562,b3f0559b8191981c3ea0f8719bf3466b4e9ef33c182e94ab1a4be6fa709210a0,2026-08-23T16:58:25.277387+00:00
2026-08-22,0f7e51e2-5a78-4500-9c9c-f690e934a069,phantasmalFlames,a1c0ed85-ff61-4dfb-9969-3cc315f561fd,ev_representativeness_v1,4.5541453700000005,1.54,0.3381534568800995,11.69,0.3895761650983747,7.619155929587545,0.45878178016965676,0.5875820033386417,0.6540778143847437,1167,resolved,2438,resolved,0.14198,0.20526,0.21942,0.17142,0.16654,db362b9ca33355da4fa96f0c063b972ed99b45205e85f84ef0b3303a428af650,2026-08-23T16:59:50.82054+00:00
2026-08-22,472f851c-2e41-4c80-b6fc-8478d1d92730,pitchBlack,c6cd123b-c1cb-4d05-91a7-3aabf68501c6,ev_representativeness_v1,3.79974642,1.67,0.43950301294053196,5.97,0.6364734371859296,3.421546423266874,0.2876578563892693,0.44878463231764815,0.5453535238806804,250,resolved,500,resolved,0.19412,0.33214,0.35254,0.39492,0.47628,c06d36f5074f75472d0fe974f0464317163de7ab115251d69490059f26327edd,2026-08-23T17:00:37.082508+00:00
2026-08-22,7a3dd188-4375-41af-94de-c5247fe0b1a6,prismaticEvolutions,25bf50bf-bd10-40b0-bf34-df74cba05dc3,ev_representativeness_v1,8.532834580000001,1.78,0.20860594252842057,15.1,0.565088382781457,11.693789882217024,0.6413311108628101,0.7605273358059169,0.8000426102248428,2812,resolved,5906,resolved,0.07268,0.13682,0.14332,0.1888,0.27596,4a720a6756ae1609749d356c36ca158f4932fddf8fe2258d0977b5d45c7640db,2026-08-23T17:56:15.483575+00:00
2026-08-22,d001d563-988b-4f8e-904f-acb926748e22,scarletAndViolet151,6d902b21-a0da-4d63-8a2f-064880697869,ev_representativeness_v1,12.821582720000002,3.7300000000000004,0.2909157224545832,28.92,0.44334656708160447,2.622986819852673,0.2011417534262104,0.4837994205133515,0.6581792204823838,150,resolved,292,resolved,0.17392,0.41464,0.4775,0.54504,0.61918,00b7f2967eb1bc6571539189fabf89e06b3b1e00d5ce8173d3b7e23becbccedb,2026-08-23T17:57:06.341213+00:00
2026-08-22,3c459327-59d0-41d5-b21e-aae36361cc77,scarletAndVioletBase,b0caac26-e38e-4201-96b7-44ddc8126bd9,ev_representativeness_v1,4.03064178,1.74,0.43169303921620145,9.18,0.4390677320261438,1.9440589901458223,0.14628109918515259,0.4070839805565653,0.5433441544884695,150,resolved,250,resolved,0.17456,0.41088,0.4806,0.58262,0.6921,feea154d249b817767c5adceb19246e38d15125ae06daf7b220c5ac54ed455ac,2026-08-23T16:45:52.114901+00:00
2026-08-22,3b753fb6-a465-4e68-8ad9-4e34e114d4b7,shroudedFable,e6940d26-49f9-4b46-9625-2c97d5395035,ev_representativeness_v1,5.97231984,2.01,0.33655263848025924,14.79,0.40380796754563897,1.9059706974436637,0.11693555916456076,0.4040934552493759,0.5977616932183591,150,resolved,250,resolved,0.21182,0.45636,0.53256,0.621,0.7083,dc976a98e7a93b196e07d41143ebed5d7680ae3646b62e862b9617b220d54cd6,2026-08-23T17:04:35.490151+00:00
2026-08-22,4b15f040-4351-41ea-90e1-c07eb1b2f4d6,stellarCrown,ad120bac-9242-43cf-a0eb-c379c6b684bd,ev_representativeness_v1,4.47968157,1.7800000000000002,0.397349671441044,10.58,0.42341035633270324,2.8083557891455735,0.25097097470702584,0.4712413320038727,0.5690005082213913,250,resolved,333,resolved,0.20316,0.3201,0.3495,0.40526,0.51366,f5fe86a7db388e8318f0b6b64dddbdb24b9a247d1d7a8bc9821526695517555d,2026-08-23T17:05:24.944292+00:00
2026-08-22,f59f25a2-d3da-4100-a918-901271a99925,surgingSparks,c5c81ccc-460f-43e7-b0bb-cc19d880e4ae,ev_representativeness_v1,3.5596749899999995,1.6300000000000001,0.45790697313071277,7.78,0.4575417724935732,3.4928989220430147,0.2553832562112644,0.4337912714890861,0.542734093822425,250,resolved,500,resolved,0.16876,0.37178,0.38478,0.44462,0.52876,97d8a4f470293bf666a533548c505e7145a231fccade1f1d9bc3c5dd8cb5a7d9,2026-08-23T17:06:11.72593+00:00
2026-08-22,91442900-3949-4ba4-8398-9e3dc2db1fa6,temporalForces,2116e5f9-e556-4c1f-88cc-ad226f751e85,ev_representativeness_v1,5.50882873,1.9399999999999997,0.35216197400277494,11.37,0.48450560510114343,2.0280334360688963,0.14276912362820907,0.42822527176298686,0.5824271705030845,150,resolved,250,resolved,0.2104,0.4218,0.48598,0.58732,0.6837,e1f88b3be9f362fc986a2435174fd60c51900ba2334958201c0e735f4faebd7c,2026-08-23T17:06:55.774111+00:00
2026-08-22,cb68bfe9-53a6-4345-b0e3-f6cd6c33383b,twilightMasquerade,cb69a4d0-34c6-49b4-9269-b0745cdcbf89,ev_representativeness_v1,4.710418970000001,1.9800000000000002,0.4203447745540987,8.86,0.5316499966139956,3.26858180150114,0.24826043446407065,0.4343637801713423,0.541040643354916,250,resolved,417,resolved,0.2117,0.371,0.40132,0.46314,0.55236,50a78c29355d7889044eead4ad044a9c3afaacc40dabaefd259fd6e04b61567d,2026-08-23T17:51:55.222288+00:00
2026-08-22,c38df164-ea0d-4e9e-bae6-4c3a517beb8f,whiteFlare,b572193b-a72a-48d9-9c06-797f70ca2971,ev_representativeness_v1,5.60919832,1.74,0.31020475667546016,13.45,0.4170407672862454,4.212997201098489,0.2907033406513607,0.5135690299500768,0.6572787945212107,375,resolved,708,resolved,0.13548,0.36998,0.39342,0.4469,0.50434,10f785c8d2b01fd91b45ac68749e8b7503b1d228647ae7a5f38097475d9ff360,2026-08-23T17:08:00.837243+00:00
