set_canonical_key,market_date,calculation_run_id,contract_version,ev,p50,pack_cost,typical_capture,top1_outcome_ev_share,horizon_r80_c80_stable,horizon_tau20_c80_stable,coefficient_of_variation,financial_rip,bucket_under_25,bucket_recover_25_50,bucket_recover_50_75,bucket_recover_75_100,bucket_recover_100_150,bucket_recover_150_200,bucket_recover_200_500,bucket_recover_500_plus,prob_below_25,prob_below_50,prob_below_75,prob_at_least_100,prob_at_least_150,prob_at_least_200,prob_at_least_500
surgingSparks,2026-08-17,c8fa7886-18d7-4c33-8904-04df1191c202,opening_outcome_profile_v1,3.539430459999999,1.6,8.07,0.4520501301217825,0.26404365350915804,292,542,3.6022532927526605,31.0588,0.746496,0.125352,0.038064,0.023473,0.036169,0.010756,0.015488,0.004202,0.746496,0.8718480000000001,0.909912,0.06661500000000001,0.030446,0.01969,0.004202
ascendedHeroes,2026-08-17,d023c938-042f-42b0-8f2e-c2b9c9b378e9,opening_outcome_profile_v1,9.365745829999998,3.3499999999999996,13.25,0.357686409689809,0.4467929736675333,833,1750,6.60586490956783,35.1445,0.491935,0.34467,0.079599,0.037625,0.011106,0.006416,0.015086,0.013563,0.491935,0.836605,0.916204,0.046171,0.035065,0.028649,0.013563
perfectOrder,2026-08-17,16d711b2-e585-4c4a-aa78-ee90bffef779,opening_outcome_profile_v1,3.099203919999999,1.53,5.35,0.4936751628786016,0.2364303733844012,150,292,2.718360532098687,40.2501,0.317621,0.48143,0.098788,0.01545,0.051762,0.002438,0.021442,0.011069,0.317621,0.799051,0.8978389999999999,0.086711,0.034949,0.032511,0.011069
phantasmalFlames,2026-08-17,105c6049-3d0e-4ad8-bdd0-f3ffe82e3283,opening_outcome_profile_v1,4.541990499999998,1.5599999999999998,10.3,0.3434617487641158,0.45579399604644705,1167,2438,7.656948339882191,23.026,0.799654,0.09583,0.062036,0.006993,0.001897,0.011948,0.018502,0.00314,0.799654,0.895484,0.9575199999999999,0.035487,0.03359,0.021642,0.00314
blackBolt,2026-08-17,0de3387e-3756-451c-bfcc-9931bb63d8ed,opening_outcome_profile_v1,6.076951000000003,1.83,14.99,0.30113785679693633,0.32268683094532113,417,875,4.58620145643591,31.2247,0.848664,0.028926,0.015763,0.02322,0.035957,0.013694,0.027634,0.006142,0.848664,0.87759,0.893353,0.08342699999999999,0.04747,0.033776,0.006142
paldeaEvolved,2026-08-17,0a58cd45-5166-48c6-8b20-3927bc11cd9d,opening_outcome_profile_v1,5.790641869999997,1.72,16.07,0.29703097490986796,0.25595626586383935,250,542,3.5759522332116793,29.6596,0.839713,0.040307,0.023665,0.021325,0.030357,0.004382,0.03398,0.006271,0.839713,0.88002,0.9036850000000001,0.07499,0.044633,0.040251,0.006271
paradoxRift,2026-08-17,109d3f0e-502a-4db5-8fd1-2c8274a5c0cf,opening_outcome_profile_v1,3.952140910000001,1.54,8.41,0.3896622198118942,0.17843810381750785,150,250,2.3614930243187193,38.2479,0.7682,0.106752,0.018338,0.016141,0.025114,0.016711,0.036796,0.011948,0.7682,0.874952,0.8932899999999999,0.090569,0.065455,0.048744,0.011948
chaosRising,2026-08-17,6c909305-6a8d-4801-848b-32e2209e0076,opening_outcome_profile_v1,3.1135194300000006,1.41,5.67,0.4528637227743267,0.28700021313179985,292,583,3.6933135128485146,35.704,0.506462,0.316813,0.064658,0.039179,0.02496,0.027063,0.009992,0.010873,0.506462,0.823275,0.887933,0.07288800000000001,0.047928,0.020865,0.010873
journeyTogether,2026-08-17,566f66f8-5755-45eb-b359-f42523dd73f8,opening_outcome_profile_v1,3.37730078,1.8199999999999998,6.27,0.5388918898718875,0.16960091425437088,150,250,2.012417680280401,38.647,0.228071,0.572798,0.094465,0.027216,0.028179,0.009548,0.029984,0.009739,0.228071,0.800869,0.8953340000000001,0.07744999999999999,0.049270999999999995,0.039723,0.009739
obsidianFlames,2026-08-17,f854d62d-53e4-40de-81bd-d2638423bdb0,opening_outcome_profile_v1,4.326216069999998,1.8099999999999998,12.92,0.418379473126963,0.18144336235152492,150,250,2.3051453778901374,27.9877,0.826492,0.064031,0.035575,0.010262,0.02212,0.016364,0.019967,0.005189,0.826492,0.890523,0.926098,0.06364,0.04152,0.025155999999999998,0.005189
pitchBlack,2026-08-17,6a714ee9-9d56-47af-8195-e595f34be1d8,opening_outcome_profile_v1,3.6851466399999997,1.5,6.03,0.407039433307327,0.29450815015600035,250,500,3.4855131075870203,41.0822,0.509402,0.303058,0.054899,0.039948,0.032938,0.024977,0.021324,0.013454,0.509402,0.81246,0.867359,0.092693,0.059754999999999996,0.034778,0.013454
twilightMasquerade,2026-08-17,a2b49b31-69a7-4f22-8181-4edd8699ecdb,opening_outcome_profile_v1,4.6820548199999985,1.99,8.79,0.42502706108853305,0.2502573966017767,250,417,3.3110243100576717,37.1265,0.618479,0.203355,0.057744,0.044479,0.015973,0.032684,0.015748,0.011538,0.618479,0.821834,0.879578,0.07594300000000001,0.05997,0.027286,0.011538
destinedRivals,2026-08-17,fb119198-3176-493d-9c1a-b0b51dc6d39a,opening_outcome_profile_v1,4.492739040000001,1.84,8.48,0.40954971646873123,0.31548265932668096,375,792,4.386728517957499,35.6929,0.706485,0.163421,0.03984,0.023177,0.023922,0.01154,0.021125,0.01049,0.706485,0.8699060000000001,0.909746,0.067077,0.043155,0.031615000000000004,0.01049
megaEvolution,2026-08-17,178472f0-bccd-4f4a-8393-507e205dda3c,opening_outcome_profile_v1,3.95883915,1.82,8.44,0.4597307268722954,0.27768275707791773,250,500,3.3932169712007414,30.9319,0.6678,0.201149,0.043143,0.028779,0.016639,0.012194,0.022444,0.007852,0.6678,0.868949,0.912092,0.059129,0.04249,0.030295999999999997,0.007852
scarletAndViolet151,2026-08-17,46853402-13dd-44a7-bdf5-291eda6a92e5,opening_outcome_profile_v1,12.730332689999997,3.8900000000000006,28.86,0.3055693904257267,0.19629008925767513,150,292,2.569248077669898,36.4918,0.777513,0.078347,0.036337,0.017991,0.012416,0.017284,0.054591,0.005521,0.777513,0.8558600000000001,0.892197,0.089812,0.07739599999999999,0.060112,0.005521
prismaticEvolutions,2026-08-17,6cb2056a-b332-4132-adfb-feb450d1c9af,opening_outcome_profile_v1,8.34465428,1.69,14.77,0.20252486721355217,0.6447029582632393,2812,5906,11.851001101156495,23.8884,0.869129,0.069243,0.020258,0.009136,0.005254,0.003953,0.012152,0.010875,0.869129,0.938372,0.95863,0.032234,0.02698,0.023027,0.010875
temporalForces,2026-08-17,310d49b8-4165-4edc-972b-a96cb3e2820e,opening_outcome_profile_v1,5.5531387599999995,1.9399999999999997,11.49,0.34935197621461916,0.14303300967757557,150,250,2.0247306159202823,39.5244,0.70085,0.115794,0.065721,0.016728,0.028829,0.017047,0.041195,0.013836,0.70085,0.8166439999999999,0.882365,0.10090700000000001,0.072078,0.055031000000000004,0.013836
whiteFlare,2026-08-17,92e133b2-484d-47a2-8f9e-0630b5185c93,opening_outcome_profile_v1,5.6227535899999985,1.76,14.37,0.31301389467433527,0.28984290417748865,375,708,4.231071563168705,30.8313,0.840627,0.035255,0.008232,0.031709,0.038278,0.015566,0.02221,0.008123,0.840627,0.875882,0.8841140000000001,0.08417700000000002,0.045899,0.030333,0.008123
paldeanFates,2026-08-17,9e9960c5-c7d6-4184-b75c-0190b62cc685,opening_outcome_profile_v1,7.7597096500000005,1.7899999999999998,23.43,0.23067873422300017,0.45667352643793824,833,1750,6.537685827325187,19.3695,0.811965,0.105863,0.034829,0.011768,0.016455,0.004168,0.008362,0.00659,0.811965,0.9178280000000001,0.9526570000000001,0.035575,0.019119999999999998,0.014952,0.00659
shroudedFable,2026-08-17,f879708e-0ad8-4395-9c68-68323c2727ce,opening_outcome_profile_v1,6.039257789999999,2.0500000000000003,14.73,0.3394456854275135,0.11561846575852165,150,150,1.889455122984544,36.4673,0.762359,0.08089,0.044062,0.009617,0.02793,0.014918,0.054588,0.005636,0.762359,0.843249,0.8873110000000001,0.103072,0.075142,0.060224,0.005636
stellarCrown,2026-08-17,43373ecd-5ba8-40b2-acbd-c96dec471098,opening_outcome_profile_v1,4.491741890000001,1.7700000000000002,10.59,0.3940564803913966,0.2557370610625181,250,375,2.860976848311177,30.6394,0.748208,0.126244,0.03853,0.032159,0.020454,0.014454,0.006244,0.013707,0.748208,0.874452,0.912982,0.054859000000000005,0.034405000000000005,0.019951,0.013707
scarletAndVioletBase,2026-08-17,80ba53f0-161c-4ef5-b55a-badb040220d3,opening_outcome_profile_v1,3.99765776,1.72,8.97,0.4302519383250056,0.14748138920226125,150,250,1.9531881705467913,36.8381,0.758444,0.100852,0.020068,0.034884,0.025267,0.020857,0.027499,0.012129,0.758444,0.8592960000000001,0.879364,0.085752,0.060485,0.039628,0.012129
destinedRivals,2026-08-18,c85abc7e-cf70-4a2a-be4d-f663d3d7b04a,opening_outcome_profile_v1,4.461225450000001,1.84,9.02,0.4124427291608856,0.31406894713200384,375,750,4.363803505233349,33.8945,0.758441,0.117709,0.038663,0.021271,0.023767,0.008882,0.02073,0.010537,0.758441,0.87615,0.914813,0.063916,0.040149,0.031266999999999996,0.010537
twilightMasquerade,2026-08-18,125f2716-4f9e-4f0c-9da1-2038eae4c308,opening_outcome_profile_v1,4.715121990000002,1.99,8.79,0.4220463445527947,0.24756146340977275,250,417,3.2837833447372495,37.5198,0.616849,0.197031,0.063931,0.045771,0.016112,0.03157,0.017084,0.011652,0.616849,0.8138799999999999,0.8778109999999999,0.076418,0.060306,0.028735999999999998,0.011652
surgingSparks,2026-08-18,4f44ec14-73c0-43e6-b8c5-4d1def20c4ec,opening_outcome_profile_v1,3.530299490000001,1.6,8.1,0.4532193386233075,0.259676495605193,250,500,3.565773310199509,31.1707,0.739553,0.130809,0.041254,0.019801,0.038007,0.010786,0.015652,0.004138,0.739553,0.8703620000000001,0.9116160000000001,0.068583,0.030576,0.01979,0.004138
whiteFlare,2026-08-18,de567c41-4fe1-4879-a405-6e1139e5bc27,opening_outcome_profile_v1,5.62328434,1.76,14.23,0.31298435106342143,0.2925509436359037,375,750,4.265002748066425,31.0628,0.838836,0.036967,0.008158,0.031057,0.038423,0.015657,0.022955,0.007947,0.838836,0.875803,0.883961,0.084982,0.046559,0.030902,0.007947
temporalForces,2026-08-18,5c7d8351-45fb-4829-8901-a013e8a0bd78,opening_outcome_profile_v1,5.537781409999999,1.94,11.53,0.350320797512302,0.14203536610882592,150,250,2.0138835521073384,39.3445,0.701707,0.115738,0.064133,0.01744,0.030156,0.015603,0.041697,0.013526,0.701707,0.817445,0.881578,0.100982,0.070826,0.055222999999999994,0.013526
shroudedFable,2026-08-18,a7bd5ce0-beb6-4a08-8017-179fa5c12731,opening_outcome_profile_v1,6.08102078,2.06,14.73,0.338758914749178,0.11448516707749189,150,150,1.879669179737838,36.6502,0.762339,0.073634,0.050403,0.010215,0.028012,0.014807,0.054979,0.005611,0.762339,0.835973,0.8863759999999999,0.103409,0.075397,0.06059,0.005611
scarletAndVioletBase,2026-08-18,18b3e40e-52e3-4dd1-8ddb-28c4f0fe2f1f,opening_outcome_profile_v1,4.026542929999999,1.72,9.13,0.42716544437786497,0.14713393357512275,150,250,1.956872715399753,36.6218,0.762849,0.095914,0.024059,0.031122,0.025518,0.021069,0.031859,0.00761,0.762849,0.8587629999999999,0.882822,0.08605600000000001,0.060538,0.039469,0.00761
scarletAndViolet151,2026-08-18,e536973a-8798-4723-af88-c30dd0ec4f69,opening_outcome_profile_v1,13.02080114000001,3.9299999999999997,28.83,0.3018247462459899,0.19313195654871967,150,292,2.528635533373988,37.0447,0.769023,0.077161,0.036537,0.024921,0.014339,0.017358,0.054978,0.005683,0.769023,0.846184,0.8827210000000001,0.092358,0.07801899999999999,0.060661,0.005683
stellarCrown,2026-08-18,ca690ecb-b4d8-42d4-a60e-fb8e43d18149,opening_outcome_profile_v1,4.46881198,1.7700000000000002,10.57,0.39607842261468346,0.25338573989411844,250,333,2.8263294942974326,30.624,0.748866,0.124732,0.038145,0.032339,0.02173,0.014078,0.006557,0.013553,0.748866,0.873598,0.911743,0.055918,0.034188,0.020110000000000003,0.013553
prismaticEvolutions,2026-08-18,44e371eb-2a1b-4f4a-af66-a1924cad265a,opening_outcome_profile_v1,8.860319750000002,1.69,14.93,0.19073803741676473,0.6622805548298637,2812,5906,12.00657062386668,24.2626,0.869836,0.065171,0.023296,0.009265,0.005219,0.00377,0.012226,0.011217,0.869836,0.935007,0.958303,0.032432,0.027213,0.023443,0.011217
phantasmalFlames,2026-08-18,33492f0e-00ce-4f6c-97f7-3bd7e385828b,opening_outcome_profile_v1,4.650570839999999,1.5399999999999998,11.6,0.33114214426201494,0.4715836991744437,1167,2625,7.8049316785278355,20.8137,0.819542,0.096704,0.046543,0.001759,0.010894,0.014715,0.006572,0.003271,0.819542,0.916246,0.962789,0.035452000000000004,0.024558,0.009843,0.003271
perfectOrder,2026-08-18,0cff4713-9b17-4f50-bfc3-88188d87064c,opening_outcome_profile_v1,3.1049647500000015,1.49,5.63,0.47987662339805925,0.23667227784147948,150,333,2.7369791114239805,38.8481,0.414001,0.393982,0.09338,0.009086,0.055271,0.004,0.01924,0.01104,0.414001,0.807983,0.901363,0.08955099999999999,0.03428,0.03028,0.01104
pitchBlack,2026-08-18,edbb0ac7-9a05-4648-9315-03cb0e77b7e1,opening_outcome_profile_v1,3.667902810000001,1.5,6.05,0.4089530387529542,0.2911967751948149,250,500,3.474993825799905,40.85,0.521412,0.291985,0.054414,0.039876,0.030372,0.027277,0.021318,0.013346,0.521412,0.8133969999999999,0.8678109999999999,0.09231299999999999,0.061940999999999996,0.034664,0.013346
paradoxRift,2026-08-18,63ead6e2-039f-4f4e-91f5-9d8d07041953,opening_outcome_profile_v1,3.9642246099999996,1.54,8.41,0.3884744562947457,0.1793516790664392,150,250,2.367693721350318,38.2577,0.764876,0.109614,0.018825,0.016292,0.025123,0.016596,0.036169,0.012505,0.764876,0.87449,0.893315,0.090393,0.06527,0.048674,0.012505
paldeanFates,2026-08-18,e14d0df2-8d9c-428f-92b5-e60bdfdf29da,opening_outcome_profile_v1,7.7561092799999996,1.78,23.44,0.22949650858967785,0.45467599961407457,833,1750,6.489503599907691,19.4219,0.811778,0.106414,0.034119,0.011772,0.012279,0.008475,0.00851,0.006653,0.811778,0.918192,0.952311,0.035917000000000004,0.023638,0.015163,0.006653
paldeaEvolved,2026-08-18,29e24b5d-a318-4bf6-bcc1-986dfdf0a05d,opening_outcome_profile_v1,5.796073809999998,1.72,16.03,0.2967526046739561,0.25727621298183573,250,542,3.5803527176865546,29.7311,0.839516,0.04068,0.022896,0.021854,0.030978,0.003696,0.033901,0.006479,0.839516,0.8801960000000001,0.9030920000000001,0.075054,0.044076,0.04038,0.006479
obsidianFlames,2026-08-18,81c2a4ec-855c-4c1b-a00c-4df2afd59943,opening_outcome_profile_v1,4.332870290000002,1.8099999999999998,12.92,0.41773694545561835,0.18084437510359905,150,250,2.3114609160395108,27.8943,0.824301,0.064381,0.03719,0.011041,0.021347,0.01593,0.020615,0.005195,0.824301,0.888682,0.925872,0.063087,0.04174,0.02581,0.005195
megaEvolution,2026-08-18,13b9dd96-d7a2-415a-b872-ac8ecb32215c,opening_outcome_profile_v1,3.9645581400000007,1.8100000000000003,8.44,0.4565452027902408,0.27703477442255403,250,500,3.3939279281640515,30.9563,0.670977,0.196847,0.044627,0.028679,0.016419,0.012057,0.022573,0.007821,0.670977,0.867824,0.912451,0.05887,0.042451,0.030393999999999997,0.007821
journeyTogether,2026-08-18,d3831926-585b-4449-aa8c-685c8f7b0615,opening_outcome_profile_v1,3.3810774300000013,1.8199999999999998,6.71,0.5382899497808896,0.16776277140745635,150,250,1.993932327721599,36.1006,0.360052,0.46302,0.078472,0.026499,0.02724,0.005023,0.030022,0.009672,0.360052,0.823072,0.901544,0.071957,0.044717,0.039694,0.009672
ascendedHeroes,2026-08-18,11ad1e8a-0295-413e-a3b1-c7cb805f9333,opening_outcome_profile_v1,9.269525180000006,3.33,13.61,0.3592417017416202,0.44227658163608335,833,1750,6.497048509098364,34.2238,0.518597,0.321579,0.086765,0.028852,0.010276,0.00539,0.015299,0.013242,0.518597,0.840176,0.926941,0.044206999999999996,0.033931,0.028541,0.013242
chaosRising,2026-08-18,51cbbf47-026d-47c0-b826-61de932c1f2b,opening_outcome_profile_v1,3.10910818,1.41,5.8,0.4535062527158511,0.2873318322426466,292,542,3.660490842213712,34.8475,0.535477,0.290284,0.064553,0.039653,0.027703,0.022796,0.008414,0.01112,0.535477,0.825761,0.8903139999999999,0.070033,0.04233,0.019534,0.01112
blackBolt,2026-08-18,e0865483-2745-49d2-97c7-de75b993cb7c,opening_outcome_profile_v1,6.117188690000001,1.83,14.7,0.2991570299264383,0.3253501928514159,458,875,4.601665517239993,31.8882,0.847363,0.030229,0.014912,0.021662,0.037193,0.013973,0.028072,0.006596,0.847363,0.8775919999999999,0.892504,0.08583400000000001,0.048641,0.034668,0.006596
pitchBlack,2026-08-20,755a31f9-0084-4396-89af-6e1befa2ce6b,opening_outcome_profile_v1,3.7461518799999993,1.6199999999999997,5.97,0.43244375879389063,0.288840107038052,250,500,3.428563780699387,41.0979,0.32438,0.488218,0.055766,0.047928,0.022243,0.026957,0.02092,0.013588,0.32438,0.8125979999999999,0.8683639999999999,0.08370799999999999,0.061465000000000006,0.034508,0.013588
destinedRivals,2026-08-20,1f72718d-390e-4fce-bda2-15ed058b0b29,opening_outcome_profile_v1,4.507028970000001,1.9100000000000001,9.27,0.4237824990062133,0.30865799382691783,375,750,4.283160522825539,33.4715,0.751532,0.129614,0.039513,0.016449,0.022801,0.008778,0.020772,0.010541,0.751532,0.881146,0.920659,0.06289199999999999,0.040091,0.031313,0.010541
journeyTogether,2026-08-20,f9194acd-d61b-4511-b429-419768c93715,opening_outcome_profile_v1,3.3834807199999997,1.86,6.55,0.5497297469453292,0.16721195030187735,150,250,1.9738739985459075,36.942,0.271424,0.540466,0.087259,0.029207,0.025799,0.006326,0.029795,0.009724,0.271424,0.81189,0.899149,0.071644,0.045845,0.039519,0.009724
prismaticEvolutions,2026-08-20,59c016cb-699a-4c86-b6a6-c3a59e97d921,opening_outcome_profile_v1,8.334140169999998,1.71,15.28,0.20518013437731758,0.642938590028538,2812,5906,11.775257800181867,23.2284,0.867888,0.072515,0.01883,0.009026,0.005265,0.003601,0.012081,0.010794,0.867888,0.940403,0.959233,0.031741,0.026476,0.022875,0.010794
twilightMasquerade,2026-08-20,30f66902-a189-4a2b-b693-c6b6c43e28d8,opening_outcome_profile_v1,4.681829210000001,1.97,8.75,0.420775707877648,0.24734180980514667,250,417,3.2802744532289156,37.7323,0.616859,0.203894,0.059437,0.041764,0.017549,0.030081,0.018814,0.011602,0.616859,0.8207530000000001,0.88019,0.078046,0.060497,0.030416,0.011602
ascendedHeroes,2026-08-20,892e6bcc-2059-448e-bf4f-0ffd896a546c,opening_outcome_profile_v1,9.223800569999996,3.3200000000000003,13.92,0.3599383979309086,0.44511447627710365,792,1750,6.464979197151724,33.3108,0.538396,0.309005,0.088158,0.021595,0.009955,0.004228,0.016042,0.012621,0.538396,0.847401,0.9355589999999999,0.042846,0.032891000000000004,0.028663,0.012621
blackBolt,2026-08-20,8a887d42-33b2-4f35-a440-2611c3c824c8,opening_outcome_profile_v1,6.068808870000002,1.82,14.71,0.29989410426102275,0.32541617511839693,458,875,4.602284365374846,31.6705,0.847651,0.030477,0.015399,0.021346,0.03704,0.013831,0.027891,0.006365,0.847651,0.878128,0.8935270000000001,0.085127,0.048087,0.034256,0.006365
obsidianFlames,2026-08-20,1ffdc6cc-4263-48aa-814a-4e44c2c4b4b3,opening_outcome_profile_v1,4.32688145,1.7999999999999998,12.99,0.4160040021433912,0.18204505233209006,150,250,2.3330830003683345,28.1931,0.824859,0.066061,0.035494,0.006027,0.025962,0.015898,0.020544,0.005155,0.824859,0.89092,0.9264140000000001,0.067559,0.041597,0.025699,0.005155
paldeaEvolved,2026-08-20,b088cf28-10e6-4f6d-9878-011e5e307728,opening_outcome_profile_v1,5.872314649999998,1.72,16.03,0.2928998363532854,0.26159613058200143,250,542,3.6058116646591096,29.9278,0.839247,0.040148,0.022359,0.022452,0.030216,0.004897,0.034094,0.006587,0.839247,0.8793949999999999,0.901754,0.07579399999999999,0.045578,0.040681,0.006587
paldeanFates,2026-08-20,752b8938-be68-41c1-a163-08144f561a19,opening_outcome_profile_v1,7.551158460000002,1.7400000000000002,23.14,0.23042821961916554,0.4450471669746949,833,1750,6.446914809469113,19.2028,0.808334,0.109205,0.035676,0.01156,0.012066,0.008576,0.00821,0.006373,0.808334,0.917539,0.953215,0.035225000000000006,0.023159000000000003,0.014583,0.006373
paradoxRift,2026-08-20,a4f0fece-12f5-4254-8af9-bf25e2588974,opening_outcome_profile_v1,3.964651269999998,1.5399999999999998,8.42,0.38843265021894363,0.1771813388268068,150,250,2.341152814519227,38.3633,0.761277,0.112248,0.019339,0.015729,0.025789,0.0166,0.036885,0.012133,0.761277,0.873525,0.892864,0.091407,0.06561800000000001,0.049018,0.012133
scarletAndViolet151,2026-08-20,f1b38102-cbda-4d90-a522-a345cc2f7e5a,opening_outcome_profile_v1,12.887841959999996,3.83,28.38,0.29717931146945886,0.19851657383297083,150,292,2.5899775916592778,37.3435,0.769061,0.07806,0.035681,0.021502,0.016835,0.018459,0.053401,0.007001,0.769061,0.847121,0.882802,0.095696,0.07886099999999999,0.060402,0.007001
scarletAndVioletBase,2026-08-20,fe35ccb6-7a58-4dd2-aec8-db80316203d8,opening_outcome_profile_v1,4.030698729999998,1.7399999999999998,9.18,0.4316869397976565,0.14668422514425927,150,250,1.9486506960551817,36.2043,0.761265,0.09778,0.025242,0.032845,0.021559,0.021777,0.03261,0.006922,0.761265,0.859045,0.8842869999999999,0.082868,0.061309,0.039532,0.006922
shroudedFable,2026-08-20,ea8a9d22-0ab0-4492-ae4a-9d019777de4f,opening_outcome_profile_v1,6.032294799999998,2.02,14.77,0.3348642708907397,0.11484435740773147,150,150,1.8887410952001578,36.3541,0.762043,0.07612,0.048531,0.011243,0.02676,0.015451,0.054354,0.005498,0.762043,0.838163,0.886694,0.102063,0.07530300000000001,0.059852,0.005498
temporalForces,2026-08-20,c3b46892-be05-44bd-bdde-f6890d5b404a,opening_outcome_profile_v1,5.511200959999997,1.94,11.47,0.3520103901273818,0.14283117340725676,150,250,2.022924118528147,39.4977,0.709879,0.101602,0.070027,0.017366,0.030667,0.015407,0.04148,0.013572,0.709879,0.811481,0.881508,0.10112600000000001,0.07045900000000001,0.055052000000000004,0.013572
whiteFlare,2026-08-20,3178c30b-45ee-4a1e-9c3b-1db578ef93d8,opening_outcome_profile_v1,5.649289900000002,1.7899999999999998,13.5,0.31685398194912945,0.2914727619129619,375,750,4.239523341318531,32.7853,0.834251,0.040968,0.006978,0.026476,0.038807,0.020005,0.024287,0.008228,0.834251,0.875219,0.882197,0.091327,0.05252,0.032515,0.008228
stellarCrown,2026-08-20,018ba637-d4cb-42ca-9f6e-b7922a1cc484,opening_outcome_profile_v1,4.445876620000002,1.74,10.56,0.3913738838753468,0.2545730520070077,250,375,2.8594004127736072,30.6599,0.742002,0.133045,0.039141,0.029964,0.02426,0.012498,0.005341,0.013749,0.742002,0.875047,0.914188,0.055847999999999995,0.031588000000000005,0.019090000000000003,0.013749
surgingSparks,2026-08-20,5c10198f-78af-4101-8993-22c34c3dadd2,opening_outcome_profile_v1,3.5671693799999984,1.6199999999999999,7.79,0.45414159727957765,0.262424824918182,250,542,3.587687571085501,32.8282,0.722399,0.143533,0.044134,0.014437,0.043195,0.01189,0.015008,0.005404,0.722399,0.865932,0.910066,0.075497,0.032302,0.020412,0.005404
perfectOrder,2026-08-20,f7ddfed2-0aa3-4215-a0db-7bef3a7b82a2,opening_outcome_profile_v1,2.9103022999999992,1.3699999999999999,5.48,0.4707414758941022,0.24973404652843104,250,333,2.874939062626407,36.8748,0.502274,0.323795,0.076932,0.018634,0.044606,0.003089,0.019803,0.010867,0.502274,0.8260689999999999,0.9030009999999999,0.078365,0.033759000000000004,0.030670000000000003,0.010867
chaosRising,2026-08-20,84080871-1155-4e75-b8ab-60605ad64038,opening_outcome_profile_v1,2.94194569,1.27,5.62,0.43168709888726736,0.2994025562722064,333,,3.804385553238876,34.0309,0.605664,0.22968,0.062693,0.036847,0.018712,0.027075,0.008249,0.01108,0.605664,0.835344,0.898037,0.065116,0.046403999999999994,0.019329,0.01108
megaEvolution,2026-08-20,47d51e4c-7c43-4ac0-9ff0-2ba351bdc4f8,opening_outcome_profile_v1,3.8320985999999997,1.71,8.3,0.4462306893669177,0.2844829853803866,292,500,3.49907907682931,30.6172,0.704423,0.17203,0.038551,0.026085,0.016566,0.012207,0.022332,0.007806,0.704423,0.876453,0.915004,0.058911,0.042345,0.030138,0.007806
phantasmalFlames,2026-08-20,ad91c981-d7ab-4b2a-acea-da404bc96eaa,opening_outcome_profile_v1,4.55581478,1.55,12.03,0.3402245426667675,0.4599120884365716,1167,2438,7.668025638029767,20.055,0.82518,0.106384,0.031458,0.00156,0.010726,0.01617,0.005326,0.003196,0.82518,0.9315640000000001,0.963022,0.035418,0.024692000000000002,0.008522,0.003196
chaosRising,2026-08-22,d2572d76-ef4d-4478-b2c1-38dcd65e0c25,opening_outcome_profile_v1,2.83880102,1.24,5.54,0.4368041265533996,0.30398586724475674,333,625,3.883502892031765,33.0334,0.608879,0.22237,0.069061,0.034438,0.026012,0.020163,0.00807,0.011007,0.608879,0.8312489999999999,0.9003099999999999,0.065252,0.03924,0.019077,0.011007
twilightMasquerade,2026-08-22,cb69a4d0-34c6-49b4-9269-b0745cdcbf89,opening_outcome_profile_v1,4.710418970000001,1.9800000000000002,8.86,0.4203447745540987,0.24826043446407065,250,417,3.26858180150114,37.5468,0.626802,0.186052,0.06751,0.041396,0.01854,0.030152,0.018078,0.01147,0.626802,0.812854,0.8803639999999999,0.07823999999999999,0.0597,0.029547999999999998,0.01147
scarletAndViolet151,2026-08-22,6d902b21-a0da-4d63-8a2f-064880697869,opening_outcome_profile_v1,12.821582720000002,3.7300000000000004,28.92,0.2909157224545832,0.2011417534262104,150,292,2.622986819852673,36.9376,0.774943,0.073059,0.037152,0.018983,0.018608,0.016771,0.055198,0.005286,0.774943,0.848002,0.885154,0.09586299999999999,0.077255,0.060483999999999996,0.005286
prismaticEvolutions,2026-08-22,25bf50bf-bd10-40b0-bf34-df74cba05dc3,opening_outcome_profile_v1,8.532834580000001,1.78,15.1,0.20860594252842057,0.6413311108628101,2812,5906,11.693789882217024,24.1442,0.864751,0.074317,0.01925,0.00939,0.005485,0.003767,0.012224,0.010816,0.864751,0.939068,0.958318,0.032292,0.026807,0.023039999999999998,0.010816
whiteFlare,2026-08-22,b572193b-a72a-48d9-9c06-797f70ca2971,opening_outcome_profile_v1,5.60919832,1.74,13.45,0.31020475667546016,0.2907033406513607,375,708,4.212997201098489,32.6782,0.833374,0.041296,0.006935,0.026758,0.040203,0.018657,0.024523,0.008254,0.833374,0.87467,0.881605,0.091637,0.051433999999999994,0.032777,0.008254
scarletAndVioletBase,2026-08-22,b0caac26-e38e-4201-96b7-44ddc8126bd9,opening_outcome_profile_v1,4.03064178,1.74,9.18,0.43169303921620145,0.14628109918515259,150,250,1.9440589901458223,36.2552,0.760022,0.098887,0.02405,0.033397,0.022518,0.020765,0.033657,0.006704,0.760022,0.8589089999999999,0.8829589999999999,0.08364400000000001,0.061126,0.040361,0.006704
phantasmalFlames,2026-08-22,a1c0ed85-ff61-4dfb-9969-3cc315f561fd,opening_outcome_profile_v1,4.5541453700000005,1.54,11.69,0.3381534568800995,0.45878178016965676,1167,2438,7.619155929587545,20.7631,0.82105,0.103268,0.03816,0.002002,0.010649,0.016149,0.005457,0.003265,0.82105,0.924318,0.962478,0.03552,0.024871,0.008722,0.003265
surgingSparks,2026-08-22,c5c81ccc-460f-43e7-b0bb-cc19d880e4ae,opening_outcome_profile_v1,3.5596749899999995,1.6300000000000001,7.78,0.45790697313071277,0.2553832562112644,250,500,3.4928989220430147,32.5125,0.715694,0.150416,0.040143,0.022754,0.038827,0.011951,0.01452,0.005695,0.715694,0.86611,0.9062530000000001,0.07099300000000001,0.032166,0.020215,0.005695
shroudedFable,2026-08-22,e6940d26-49f9-4b46-9625-2c97d5395035,opening_outcome_profile_v1,5.97231984,2.01,14.79,0.33655263848025924,0.11693555916456076,150,250,1.9059706974436637,36.101,0.762723,0.089083,0.03611,0.010633,0.026476,0.018727,0.05068,0.005568,0.762723,0.8518060000000001,0.887916,0.101451,0.074975,0.056248000000000006,0.005568
perfectOrder,2026-08-22,774a1fcb-ed7d-4b99-94d2-49f5dbc06f9c,opening_outcome_profile_v1,2.9143974900000003,1.39,5.45,0.47694249146501966,0.251193515130292,250,333,2.8750087383501266,36.846,0.485862,0.339855,0.076317,0.021843,0.042475,0.001571,0.021181,0.010896,0.485862,0.825717,0.902034,0.07612300000000001,0.033648,0.032076999999999994,0.010896
paradoxRift,2026-08-22,73be42a8-991a-46b5-9ae3-c810f48e7664,opening_outcome_profile_v1,3.9621937000000003,1.5699999999999998,8.4,0.39624514066538435,0.1752015808818231,150,250,2.309705397612489,38.488,0.752368,0.120116,0.020125,0.016014,0.026957,0.015988,0.035769,0.012663,0.752368,0.872484,0.892609,0.09137700000000001,0.06442,0.048432,0.012663
blackBolt,2026-08-22,48c725d9-21dd-4264-8f69-13043e89ff51,opening_outcome_profile_v1,6.04392326,1.7999999999999998,14.59,0.2978197972685709,0.3253612141329538,458,875,4.633859115919104,31.8285,0.847758,0.028715,0.016312,0.021229,0.037489,0.013912,0.028336,0.006249,0.847758,0.8764730000000001,0.892785,0.085986,0.048497,0.034585,0.006249
ascendedHeroes,2026-08-22,687b238f-44ef-427f-aa01-c47d24497a04,opening_outcome_profile_v1,9.058324540000001,3.2699999999999996,13.87,0.36099391069068487,0.44263089518318366,792,1750,6.487568619797648,33.0872,0.548834,0.298361,0.090681,0.019264,0.010136,0.004133,0.015975,0.012616,0.548834,0.847195,0.937876,0.04286,0.032724,0.028591,0.012616
obsidianFlames,2026-08-22,528199b8-05af-4ba9-9bc5-8d5ed376685c,opening_outcome_profile_v1,4.36567297,1.8299999999999998,13.09,0.41917935964864533,0.18303811473995957,150,250,2.3212571506739286,27.8688,0.822808,0.063232,0.040087,0.008931,0.023469,0.016373,0.019732,0.005368,0.822808,0.8860399999999999,0.9261269999999999,0.064942,0.041472999999999996,0.0251,0.005368
megaEvolution,2026-08-22,bc40be6a-0eef-4545-b200-91a1ce4e027e,opening_outcome_profile_v1,3.79534727,1.7,8.3,0.44791685162448913,0.28158483637256204,250,500,3.470904382026946,30.5196,0.713399,0.158239,0.040256,0.029269,0.016839,0.011716,0.022504,0.007778,0.713399,0.871638,0.911894,0.058837,0.041998,0.030282,0.007778
journeyTogether,2026-08-22,75220055-ecfe-4bcc-81dd-a85bc6b268f4,opening_outcome_profile_v1,3.44404084,1.8900000000000001,6.4,0.5487739802760295,0.1665112426483305,150,150,1.9740828044572292,38.4388,0.182287,0.630783,0.081167,0.029536,0.028219,0.008394,0.029904,0.00971,0.182287,0.81307,0.894237,0.07622699999999999,0.048007999999999995,0.039613999999999996,0.00971
temporalForces,2026-08-22,2116e5f9-e556-4c1f-88cc-ad226f751e85,opening_outcome_profile_v1,5.50882873,1.9399999999999997,11.37,0.35216197400277494,0.14276912362820907,150,250,2.0280334360688963,39.525,0.706224,0.127436,0.046159,0.01834,0.030031,0.015755,0.042562,0.013493,0.706224,0.83366,0.8798189999999999,0.10184100000000001,0.07181000000000001,0.056055,0.013493
stellarCrown,2026-08-22,ad120bac-9242-43cf-a0eb-c379c6b684bd,opening_outcome_profile_v1,4.47968157,1.7800000000000002,10.58,0.397349671441044,0.25097097470702584,250,333,2.8083557891455735,30.6413,0.736997,0.136701,0.042768,0.027431,0.025443,0.011657,0.005382,0.013621,0.736997,0.873698,0.916466,0.056103,0.03066,0.019003,0.013621
pitchBlack,2026-08-22,c6cd123b-c1cb-4d05-91a7-3aabf68501c6,opening_outcome_profile_v1,3.79974642,1.67,5.97,0.43950301294053196,0.2876578563892693,250,500,3.421546423266874,42.0739,0.256025,0.552432,0.064484,0.034482,0.03054,0.027137,0.021405,0.013495,0.256025,0.808457,0.872941,0.09257700000000002,0.062037,0.0349,0.013495
destinedRivals,2026-08-22,5a4f1a2c-216b-44f0-bd80-7a683a6b9d68,opening_outcome_profile_v1,4.47159789,1.86,9.44,0.4159586898812138,0.312624666704993,375,750,4.320245749291863,32.6367,0.781366,0.10063,0.042713,0.014382,0.023104,0.006152,0.021008,0.010645,0.781366,0.881996,0.924709,0.060909000000000005,0.037805,0.031653,0.010645
paldeanFates,2026-08-22,993f324e-2189-472f-9149-02dfd800b200,opening_outcome_profile_v1,7.62288221,1.76,23.1,0.23088379847863344,0.447802288683141,833,1750,6.476415436436833,19.3675,0.807811,0.109543,0.035634,0.011285,0.012503,0.008504,0.008328,0.006392,0.807811,0.917354,0.952988,0.035727,0.023224,0.01472,0.006392
paldeaEvolved,2026-08-22,14323aa8-03e8-408d-a34d-351aa4a60da0,opening_outcome_profile_v1,5.772340799999999,1.69,16.05,0.2927755062556251,0.25666026683663584,250,,3.566101492669646,29.5973,0.839464,0.039303,0.022168,0.024624,0.030084,0.004287,0.03369,0.00638,0.839464,0.878767,0.9009349999999999,0.074441,0.044356999999999994,0.040069999999999995,0.00638
