version,name,live_body_md5,supabase_present,backend_present,supabase_definition,backend_definition,superseded,action
20260618234913,fix_set_value_history_refresh_bounds_scan,2b881a5cb2538e8cef17df3809ea63dc,true,true,exact_normalized,exact_normalized,not_established,none
20260618235838,add_set_value_history_backfill_queue,1e6f1c6e0225026be01c9fc5b5799c10,true,true,exact_normalized,exact_normalized,not_established,none
20260619041847,add_set_value_history_set_date_fix_queue,70bb4ed2ff320cd9a676238686f00c69,true,true,exact_normalized,exact_normalized,not_established,none
20260620161906,refresh_pokemon_set_value_daily_history_scopes,85e6f9e8646be918bbbbb12b268caedf,true,true,exact_normalized,exact_normalized,not_established,none
20260627033451,fix_set_value_hits_rollup,5e0b0c215230367ae73259b5c7a7d655,true,true,exact_normalized,exact_normalized,not_established,none
20260627052827,037_fix_set_value_history_captured_at_date,a0e2112cd665d6cdb52dda49c86000bb,true,true,exact_normalized,exact_normalized,not_established,none
20260713035237,enforce_pokemon_set_value_scope_invariants,c65d0e4a30ae52274c126a8e1fe8b479,true,true,exact_normalized,exact_normalized,not_established,none
20260713035546,pin_pokemon_set_value_scope_invariant_search_path,17fff95a7ef0dc3095d926da601a4cd4,true,true,exact_normalized,exact_normalized,not_established,none
20260823043917,add_pokemon_set_daily_card_constituents_rpc,b784b9b33b53dce859da93871a5da9ff,true,true,exact_normalized,exact_normalized,not_established,none
20260823044130,fix_pokemon_set_daily_card_constituents_captured_at_type,0e805a6675da60e39a5827bd81b67f91,true,true,exact_normalized,exact_normalized,not_established,none
20260823050706,set_card_constituent_rpc_timezone,78b66b51678ed08aeb00eb94475a5bdd,true,true,exact_normalized,exact_normalized,not_established,none
20260824024713,restrict_set_card_constituent_rpc_execute,92e9da8a1dd7007b6ceb60113d3cca8f,true,true,exact_normalized,exact_normalized,not_established,none
20260824035446,set_set_value_history_refresh_timezone,c8e901c630234620b0d55f94eec8db2d,true,true,exact_normalized,exact_normalized,not_established,none
20260825041922,add_pokemon_cards_daily_constituents_batched_rpc,9a4ed8357cd980130e0f1d8501b6b490,true,true,exact_normalized,exact_normalized,not_established,none
20260825042150,add_pokemon_market_explorer_daily_cohort_rpc,f52af87bcb9dc0e5c464b6e96136b86c,true,true,exact_normalized,exact_normalized,not_established,none
20260826005344,market_explorer_interval_constituents,1284578d90fd0e2fd05e3154905e2cf7,true,true,exact_normalized,exact_normalized,not_established,none
20260826005913,market_explorer_interval_constituents_bounded,05c16276a498470c2a8d37b0f461ba19,true,true,exact_normalized,exact_normalized,not_established,none
20260829005654,add_combined_pokemon_set_value_view,138727052a581bff250066feee73dd84,true,true,exact_normalized,exact_normalized,not_established,none
20260829005842,make_set_value_history_respect_canonical_eligibility,e437d5a7bab9c31cffa56ffe0f55a0d4,true,true,exact_normalized,exact_normalized,not_established,none
20260829011146,separate_pack_energy_from_collector_set_value,ba9588a4ca695194d377633780121c5a,true,true,exact_normalized,exact_normalized,not_established,none
20260829011249,allow_pokeball_item_card_in_history_constituents,a8bb08785d0dfae05d3e8c14b660fd5a,true,true,exact_normalized,exact_normalized,not_established,none
20260830090000,unify_pokemon_card_day_constituent_authority,d005a8438b01b61cf56fcc729e566f7b,true,true,formatting_equivalent,exact_normalized,not_established,none
20260830184558,market_explorer_filtered_card_cohorts,aac709d0f04621dbdd57655b1704b2c0,true,true,exact_normalized,exact_normalized,not_established,none
20260830190857,harden_market_explorer_variant_interval_acl,20006038f5dc426aa2e610df6eae4de4,true,true,exact_normalized,exact_normalized,not_established,none
20260830201143,optimize_market_explorer_cohort_execution,96f385f36ed967ee598cc59d302a46c2,true,true,formatting_equivalent,exact_normalized,not_established,none
20260830201610,preserve_market_explorer_observed_date_contract,c5e4060e087ceb1ba98f00a21b110efd,true,true,formatting_equivalent,exact_normalized,not_established,none
20260831021617,add_market_explorer_interval_range_fast_path,c9a5bf2a4b2b5108587fe2bbfbb43ad9,true,true,formatting_equivalent,exact_normalized,not_established,none
20260831030409,correct_market_explorer_instrument_eligibility,fc100987befa880c1f14db399cfb0c39,true,true,formatting_equivalent,exact_normalized,not_established,none
20260831034744,add_market_explorer_query_cache,1e2a29ebc6a6c7c7ae15d9e6008c98c5,true,true,formatting_equivalent,exact_normalized,not_established,none
20260831050000,fix_bounded_set_value_refresh_carry_forward,2277a16343db22220799f7fa7a645163,true,true,formatting_equivalent,exact_normalized,not_established,none
20260831051014,bound_market_explorer_cache_state_invalidation,dd198e2daae34702d32fdfede518837c,true,true,formatting_equivalent,exact_normalized,not_established,none
20260831165231,add_market_explorer_filter_first_candidate,a11cf204c98879dfb6674ca41ba7be00,true,true,exact_normalized,exact_normalized,not_established,none
20260831165345,test_market_explorer_reduced_materialization_candidate,656dc457f627db5dc8712cce2fa7fd5d,true,true,exact_normalized,exact_normalized,not_established,none
20260831165535,restore_market_explorer_filter_first_candidate,a11cf204c98879dfb6674ca41ba7be00,true,true,exact_normalized,exact_normalized,not_established,none
20260831165651,remove_failed_market_explorer_filter_first_candidate,851f5f9cb27185fb531eacdb23e8f2ff,true,true,exact_normalized,exact_normalized,not_established,none
20260831172023,add_market_explorer_open_static_index,d17cc9d2c1615083650d54a1f68d7f80,true,true,exact_normalized,exact_normalized,not_established,none
20260831174428,add_market_explorer_card_daily_serving_projection,363bde6ae09bf315160d8a21c7f2a444,true,true,exact_normalized,exact_normalized,not_established,none
20260831232232,promote_market_explorer_daily_projection_rpc,b874e13e8d66d7892c5a8f1f5f207254,true,true,exact_normalized,exact_normalized,not_established,none
20260831233143,tune_market_explorer_daily_projection_ten_set,9767ed558b13accfd705c746aa83bf66,true,true,exact_normalized,exact_normalized,not_established,none
20260831233320,harden_market_explorer_daily_projection_search_path,5a202ede6ddf90193c68060254d93f4c,true,true,exact_normalized,exact_normalized,not_established,none
20260901171835,fix_market_explorer_staggered_start_coverage,5db6fda9a30a3af23f34cf01986e10f8,true,true,formatting_equivalent,exact_normalized,not_established,none
20260901172910,bound_market_explorer_daily_candidate_build_timeout,506c5a478f8d7db6fde25a5a5fd6f1f1,true,true,formatting_equivalent,exact_normalized,not_established,none
20260901181712,add_market_explorer_slim_summary_and_constituent_pages,645889a3cf44f1e5c22ee6b3a4e60ba3,true,true,formatting_equivalent,exact_normalized,not_established,none
20260901182253,normalize_market_explorer_cache_constituents,e397a1ffd63fbca5b40c62b934d89d8e,true,true,formatting_equivalent,exact_normalized,not_established,none
20260901182637,add_market_explorer_acceptance_oracle,b80e161f5641eb774d7354b081f79cba,true,true,formatting_equivalent,exact_normalized,not_established,none
20260902031454,push_down_market_explorer_daily_scope_filters,854f37aecddaa9b238fab591f23be187,true,true,exact_normalized,exact_normalized,not_established,none
20260902221622,add_market_explorer_vintage_identity_repair_primitives,8298b37c8cd8d1bc1652bac053640866,true,true,exact_normalized,exact_normalized,not_established,none
20260903034704,harden_market_explorer_vintage_top_hits_rebuild,c7ecd8a1e417fb80ac81c82060af1d95,true,true,exact_normalized,exact_normalized,not_established,none
20260903192911,add_market_explorer_current_metadata_projection,c193640f5457e9d31a98f3b568ea1aee,true,true,exact_normalized,exact_normalized,not_established,none
20260905040740,add_batched_market_explorer_cache_publication,b198fb4c57b0dbffab3c4d0befed56b7,true,true,exact_normalized,exact_normalized,not_established,none
20260906003840,harden_market_explorer_reproject_authority_boundary,5b0e08fcd588379f2c28f5f3e3da148e,true,true,exact_normalized,exact_normalized,not_established,none
20260906004022,add_staged_market_set_value_publication_cohort,145b9426876372fe9bbaf253986e0a98,true,true,exact_normalized,exact_normalized,not_established,none
20260906011633,add_price_storage_v2_market_explorer_shadow_state,a351898ab2bf343c93d687cc3c57a633,true,true,exact_normalized,exact_normalized,not_established,none
20260906011959,optimize_v2_market_explorer_shadow_state,44512165b1ea8060c37bb935fc0824b3,true,true,exact_normalized,exact_normalized,not_established,none
20260906061919,add_set_value_canonical_prices_as_of_v2_shadow,9cb432f97ef90af9a1363a68f541ff80,true,true,exact_normalized,exact_normalized,not_established,none
20260906062417,add_set_value_raw_as_of_validation_oracle,0b5d624d4d96270d810b5805064244e3,true,true,exact_normalized,exact_normalized,not_established,none
20260906063514,create_root_set_value_history_v2_shadow_backfill,3a74cbc338fcacf584269cde519e2338,true,true,exact_normalized,exact_normalized,not_established,none
20260906064906,promote_materialized_root_set_value_history_v2,97ac1d241bce1c29269e46a53c386a58,true,true,exact_normalized,exact_normalized,not_established,none
20260906065949,add_market_explorer_filtered_cohort_v2_shadow,4f8538aa201b6e0ee341995f45eaf282,true,true,exact_normalized,exact_normalized,not_established,none
20260906070138,add_market_explorer_v2_acceptance_helper,953f5ad8e5b38778cfc4222c26561c8e,true,true,exact_normalized,exact_normalized,not_established,none
20260906070842,add_market_explorer_v2_compact_interval_fallback,eaa17a648b9ecb559aa7c2659ad445c2,true,true,exact_normalized,exact_normalized,not_established,none
20260906071020,add_market_explorer_v2_hybrid_shadow,651e57c04082a689fd85f74759afad67,true,true,exact_normalized,exact_normalized,not_established,none
20260906174814,promote_market_explorer_v2_hybrid_with_legacy_rollback,4bb6421a811a49d26461fa3a20fc52a0,true,true,exact_normalized,exact_normalized,not_established,none
20260906180909,add_set_market_constituents_v2_shadow,b4e9c4c1d3f39748b1c798c6c20c0d82,true,true,exact_normalized,exact_normalized,not_established,none
20260906181344,align_set_market_v2_constituents_to_standard_print_contract,1e676fec8c419a6623ac350ecdf75675,true,true,exact_normalized,exact_normalized,not_established,none
20260906181721,add_set_market_constituent_v2_hybrid_shadow,de8a5fd260cf41c896918baa7ea9a383,true,true,exact_normalized,exact_normalized,not_established,none
20260906181824,promote_set_market_constituents_v2_hybrid,a48a8385b62bb43356066ea2f9540767,true,true,exact_normalized,exact_normalized,not_established,none
20260906182102,add_set_value_daily_rows_v2_hybrid_shadow,0de9fcbb73f7f5113aaf703726ebfb9d,true,true,exact_normalized,exact_normalized,not_established,none
20260906182327,add_member_set_value_v2_shadow_backfill_v2,e81a22947008ab1ea49fd7a6979af3e3,true,true,exact_normalized,exact_normalized,not_established,none
20260906182408,bound_member_set_value_v2_backfill_through_date,412e75821f50c0baf028162d0c9afe43,true,true,exact_normalized,exact_normalized,not_established,none
20260906183328,rollback_set_market_constituents_to_legacy_during_full_v2_acceptance,0601fa26840566c699b3349e65f5aa17,true,true,exact_normalized,exact_normalized,not_established,none
20260906183641,add_set_market_constituent_v2_full_history_acceptance,270d8f3936df3dce2a61fec9e70c64a4,true,true,exact_normalized,exact_normalized,not_established,none
20260906184522,add_set_market_constituent_legacy_exception_partition,dec08afb6fe28fe4a1a47190f013b520,true,true,exact_normalized,exact_normalized,not_established,none
20260906184615,promote_full_history_accepted_set_market_constituent_hybrid,1df8df00fd341dc6139384b96b0bd7cb,true,true,exact_normalized,exact_normalized,not_established,none
20260906184832,backup_set_value_daily_history_before_v2_repair,bfe060a04d7383892805415c99228f0a,true,true,exact_normalized,exact_normalized,not_established,none
20260906185315,add_safe_member_set_value_v2_shadow_publisher,18b418c3757639f47513d6844209abd4,true,true,exact_normalized,exact_normalized,not_established,none
20260906195219,add_acceptance_bounded_constituent_v2_guard,7000a649352e22bec44934db01c4c547,true,true,exact_normalized,exact_normalized,not_established,none
20260906195341,promote_acceptance_bounded_constituent_guard,6d43689bb6011e6b0728e036eb25c4a7,true,true,exact_normalized,exact_normalized,not_established,none
20260907055306,market_explorer_v2_daily_advance_and_cache_lease_heartbeat,aba0040ef7a8c601a74bf124f4fff2f5,true,true,formatting_equivalent,formatting_equivalent,not_established,none
20260907075615,stage_market_explorer_cache_from_detail,b4697f802e08e6b8bf8f847c306a4ec3,true,true,formatting_equivalent,formatting_equivalent,not_established,none
20260907174821,add_market_explorer_materialized_series_rpc,5bb9dac8aba17274dacc88f5e656ca78,true,true,formatting_equivalent,formatting_equivalent,not_established,none
20260907232036,guard_canonical_rollout_root_set_value_history,51b671b76503869eb16162d97d56726c,true,true,exact_normalized,exact_normalized,not_established,none
20260908052614,20260907200000_add_market_explorer_exact_instrument_foundation,ebc6ffff451c4d46e8d15670b65451ce,true,true,exact_normalized,exact_normalized,not_established,none
20260908053032,20260908054000_fix_market_explorer_v2_exact_variant_predicates,dcefe608e992a489f44bf5d565a0433f,true,true,exact_normalized,exact_normalized,not_established,none
20260908192748,reconcile_market_explorer_cache_publication,d17da9d4d9dcaf98a857ad51950b713a,true,true,formatting_equivalent,formatting_equivalent,not_established,none
20260909172512,prepare_market_candidate_rollout_set_values,60faf6b62d3718be4148639d6e1ca3a9,true,true,exact_normalized,exact_normalized,not_established,none
20260909172730,allow_candidate_rollout_set_value_sources,1911094e2fde660c45ec7c3822c181d5,true,true,exact_normalized,exact_normalized,not_established,none
20260910194750,harden_market_explorer_v2_daily_publication,adabd9b1004469c1f5eefc1924cfadcf,true,true,exact_normalized,exact_normalized,not_established,none
20260910203112,add_market_explorer_filtered_cards_preflight_v1,7bc199f83967e25ea41cba7550a1fc2f,true,true,exact_normalized,exact_normalized,not_established,none
20260910203803,market_explorer_filtered_query_preflight,0d26106f40bcf8e9143bd735ad4a6718,true,true,exact_normalized,exact_normalized,not_established,none
20260910204247,correct_market_explorer_filtered_cards_preflight_history,a0199a883840d17b32eba59ba06a1350,true,true,formatting_equivalent,formatting_equivalent,not_established,none
20260910204843,optimize_market_explorer_filtered_cards_preflight,41772b3d4ab0b8c967023e149401aeb9,true,true,exact_normalized,exact_normalized,not_established,none
20260910205449,restore_market_explorer_v2_materialized_series_hot_path,53fef6c0d0e3876ac228c860b4d7c0f1,true,true,exact_normalized,exact_normalized,not_established,none
20260910205802,optimize_market_explorer_v2_materialized_series_common_link,525a667352a37ba74f9636025269c0d7,true,true,exact_normalized,exact_normalized,not_established,none
20260911002438,retire_market_explorer_v1_coverage,32e014cca29c0a9b548323306f712a23,true,true,exact_normalized,exact_normalized,not_established,none
20260911153742,market_explorer_phase2_enable_pg_trgm,a9f2a818cb67519ee57158cd560ed77a,true,true,exact_normalized,exact_normalized,not_established,none
20260911154138,market_explorer_phase2_card_search_fts,6ed68aa308da90df7f30d78f2881dbe2,true,true,exact_normalized,exact_normalized,not_established,none
20260911154222,market_explorer_phase2_card_name_trgm,2c5a1a60fb8c06dd32e777627eda201f,true,true,exact_normalized,exact_normalized,not_established,none
20260911154613,market_explorer_phase2_canonical_instrument_search_v2,0cb94dddaf76bf6714116db590b822b1,true,true,exact_normalized,exact_normalized,not_established,none
20260911182748,market_explorer_phase3_filter_rarity_key,8eda8d5e71a6003a908c5a78df6f27e6,true,true,exact_normalized,exact_normalized,not_established,none
20260911182822,market_explorer_phase3_use_full_rarity_filter_for_custom_queries,ed8fcf7e8a9e80e6ddebf63f8c111dbb,true,true,exact_normalized,exact_normalized,not_established,none
20260911183142,market_explorer_phase3_options_snapshot_contract,b0ce4b2272f0328cb84050de233376f3,true,true,exact_normalized,exact_normalized,not_established,none
20260911183523,market_explorer_phase3_options_snapshot_least_privilege,8c24634ed0c1db7ccadeb775b9b650cf,true,true,exact_normalized,exact_normalized,not_established,none
20260911191802,market_explorer_phase4_index_filter_rarity_key,5354da7a113d625f93fb6a1b3c9b5871,true,true,exact_normalized,exact_normalized,not_established,none
20260911191928,market_explorer_phase4_optimize_filter_rarity_normalization,77e39c22ca98ad677181928658b42600,true,true,exact_normalized,exact_normalized,not_established,none
20260911192009,market_explorer_phase4_materialize_filter_rarity_key,a7c82410be7e296a33db08880f6b6cfe,true,true,exact_normalized,exact_normalized,not_established,none
20260911200732,market_explorer_phase5_prepared_directory_serving_contract,6338d0a85b16eeec33f628621540d033,true,true,exact_normalized,exact_normalized,not_established,none
20260911200916,market_explorer_phase5_refresh_prepared_directory,f0e0071263c2424f1981516c4bc3fb10,true,true,exact_normalized,exact_normalized,yes,none
20260911201029,market_explorer_phase5_contextual_set_rankings,66f9a79a0dcdc5e23fb1707be86b9c88,true,true,exact_normalized,exact_normalized,not_established,none
20260911201307,market_explorer_phase5_fix_contextual_ranking_metadata_join,545fbfc912f1bcaa36743c041c9e4ec8,true,true,exact_normalized,exact_normalized,not_established,none
20260911211011,market_explorer_phase6_exact_basket_v2_contract,49f8184f49c9edface89cb12983686c8,true,true,exact_normalized,exact_normalized,not_established,none
20260911211033,market_explorer_phase6_search_exact_eligibility,ad8084a3f9ee4fd26d16ce32dcd0a537,true,true,exact_normalized,exact_normalized,not_established,none
20260911211130,market_explorer_phase6_preserve_stale_exact_basket_state,35a28f3e34fbe111103018fede255388,true,true,exact_normalized,exact_normalized,not_established,none
20260911211254,market_explorer_phase6_separate_leaf_identity_from_price_state,fa2cb59a708700fcfe37b379bc56eda3,true,true,exact_normalized,exact_normalized,not_established,none
20260912165833,market_set_value_publication_cohort_v2_20260912002426,bf1c6207d03e96c7049d0bc52c2cae71,true,true,exact_normalized,exact_normalized,not_established,none
20260914231151,align_cards_market_constituents_with_root_set_value,afd26ec7f5e9249b41b2ae8799c2d864,true,true,semantic_alias_text_difference,semantic_alias_text_difference,yes,V6 supersedes reader; retain source alias and exception text
20260915224557,prevent_canonical_set_value_history_provenance_downgrade,f38757b217612c5c5be9a85fe3e5588e,true,true,exact_normalized,exact_normalized,not_established,none
20260916022627,add_authority_routed_cards_constituents_v3_shadow,1bd73f903c12e73f0852f035d5167f8a,true,true,exact_normalized,exact_normalized,yes,none
20260916023456,route_cards_constituents_by_set_value_provenance_v3,1c88d5974e69a96678009ee3fdaf5eec,true,true,exact_normalized,exact_normalized,yes,none
20260916023639,add_bounded_card_filter_constituent_dispatch_v3_shadow,7f40931380ed3dd6dab9ec105cd324da,true,true,exact_normalized,exact_normalized,yes,none
20260916053042,chunk_legacy_cards_constituent_ranges_v4_shadow,83805e864eadc72324617ac0ad1bec59,true,true,exact_normalized,exact_normalized,yes,none
20260916053303,route_cards_constituents_to_chunked_v4,8c3714b2ee7268c80e72ae3f966a385e,true,true,exact_normalized,exact_normalized,yes,none
20260916192410,add_outer_bounded_cards_constituent_v5_shadow,ff6adee59676f5c7ed9a603ebf3bc858,true,true,exact_normalized,exact_normalized,yes,none
20260916192526,add_outer_bounded_cards_constituent_v6_shadow,e785ea7cb0b4e0be5bfdfeed73dc2f9f,true,true,exact_normalized,exact_normalized,not_established,none
20260916192643,route_cards_constituents_to_outer_bounded_v6,180d265a047be622f636470b61090a3c,true,true,exact_normalized,exact_normalized,not_established,none
20260919225518,prepared_constituents_v2,22b8958d6c7f21667a77d23fa664075f,true,true,exact_normalized,exact_normalized,not_established,none
20260919231635,fix_market_explorer_prepared_refresh_guard,ea5e6f31d52482a740689283d8c048c6,true,true,exact_normalized,exact_normalized,yes,none
20260919231744,name_prepared_refresh_guard_rpc,06b08420d0eda4248d3d07c6c78a2bef,true,true,exact_normalized,exact_normalized,not_established,none
