benchmark_row_id,canonical_card_id,target_card_name,target_set_name,target_card_number,target_treatment,listing_title,condition,image_url,item_url,review_reason,review_status
D2-0009,018c983e-b1d0-41df-880e-ebf3f2e2fb12,Penny,Scarlet and Violet Base Set,252,special_illustration_rare,Penny 239/198 Holo SV01: Scarlet & Violet Base Set LP Pokémon TCG,Ungraded,https://i.ebayimg.com/images/g/sAYAAeSwE~Fqlygi/s-l225.jpg,https://www.ebay.com/itm/137687379012?_skw=Penny+252+Scarlet+and+Violet+Base+Set+Pokemon+card&hash=item200eceac44:g:sAYAAeSwE~Fqlygi,DIFFICULT_VARIANT,PENDING_SECOND_REVIEW
D2-0012,018c983e-b1d0-41df-880e-ebf3f2e2fb12,Penny,Scarlet and Violet Base Set,252,special_illustration_rare,Pokemon Scarlet and Violet Base Holo to Ultra Rare Single Cards 1-198 YOU PICK,Ungraded,https://i.ebayimg.com/images/g/PnIAAOSwSlRm9fUI/s-l225.jpg,https://www.ebay.com/itm/364198382892?_skw=Penny+252+Scarlet+and+Violet+Base+Set+Pokemon+card&var=634797169705&hash=item54cbea4d2c:g:PnIAAOSwSlRm9fUI,MATCHER_HUMAN_DISAGREEMENT,PENDING_SECOND_REVIEW
D2-0021,0331d96e-d8af-44d3-9552-85f784d9b4ca,Trubbish,White Flare,140,illustration_rare,Pokemon TCG Trubbish Surging Sparks 140/086 English Reverse Holo 70 HP,Ungraded,https://i.ebayimg.com/images/g/5xAAAeSwsnZqe7eA/s-l225.jpg,https://www.ebay.com/itm/358915121609?_skw=Trubbish+140+White+Flare+Pokemon+card&hash=item53910221c9:g:5xAAAeSwsnZqe7eA,MATCHER_HUMAN_DISAGREEMENT,PENDING_SECOND_REVIEW
D2-0022,0331d96e-d8af-44d3-9552-85f784d9b4ca,Trubbish,White Flare,140,illustration_rare,Pokemon TCG - Trubbish 059/086 Pokeball - White Flare,Ungraded,https://i.ebayimg.com/images/g/pX0AAeSwUtFpboKh/s-l225.jpg,https://www.ebay.com/itm/177790656702?_skw=Trubbish+140+White+Flare+Pokemon+card&hash=item29652620be:g:pX0AAeSwUtFpboKh,DIFFICULT_VARIANT,PENDING_SECOND_REVIEW
D2-0025,0331d96e-d8af-44d3-9552-85f784d9b4ca,Trubbish,White Flare,140,illustration_rare,⚪Pokemon White Flare : Choose Your Card! EX/FullArt/IR/SIR llustration Rares!⚪,Ungraded,https://i.ebayimg.com/images/g/4RcAAeSwinpqdJpd/s-l225.jpg,https://www.ebay.com/itm/178379937316?_skw=Trubbish+140+White+Flare+Pokemon+card&var=477733080981&hash=item298845d624:g:4RcAAeSwinpqdJpd,MATCHER_HUMAN_DISAGREEMENT,PENDING_SECOND_REVIEW
D2-0034,0b81872e-b089-49e9-aec3-16a535b12efb,Haxorus,Black Bolt,147,illustration_rare,Nintendo Pokemon TCG Haxorus 147/086 Dragons Exalted Reverse Holo Rare EN,Ungraded,https://i.ebayimg.com/images/g/RwUAAeSw0DZqhSV5/s-l225.jpg,https://www.ebay.com/itm/188713689905?_skw=Haxorus+147+Black+Bolt+Pokemon+card&hash=item2bf0366331:g:RwUAAeSw0DZqhSV5,MATCHER_HUMAN_DISAGREEMENT,PENDING_SECOND_REVIEW
D2-0043,0b81872e-b089-49e9-aec3-16a535b12efb,Haxorus,Black Bolt,147,illustration_rare,Haxorus 147/086 Pokemon TCG Sv: Black Bolt Extended Art Case,Ungraded,https://i.ebayimg.com/images/g/e5UAAeSwo~RpXUlF/s-l225.jpg,https://www.ebay.com/itm/157595957944?_skw=Haxorus+147+Black+Bolt+Pokemon+card&hash=item24b1737ab8:g:e5UAAeSwo~RpXUlF,MATCHER_HUMAN_DISAGREEMENT,PENDING_SECOND_REVIEW
D2-0044,0b81872e-b089-49e9-aec3-16a535b12efb,Haxorus,Black Bolt,147,illustration_rare,Haxorus 147/086 Pokemon TCG Sv: Black Bolt Magnetic 🧲 Extended Art Case,Ungraded,https://i.ebayimg.com/images/g/2p4AAeSwOPZqVj1f/s-l225.jpg,https://www.ebay.com/itm/157595958798?_skw=Haxorus+147+Black+Bolt+Pokemon+card&hash=item24b1737e0e:g:2p4AAeSwOPZqVj1f&amdata=enc%3AAQALAAABAACCtXRWQnOEpyOqnQQ8KGaIBzKq0F4clJ9PZDJ2jgYq0xqBxBMRddwXIdjHfsRO9jrd7%2BemZ1rGD1JFc29Ff%2BkgmuGlfuFHkbeLn3V9pemxiIJVn5QUrRRSi2QUE3CHOKA8BHtt7FAzw1OtNaHyKiMQywXKWmqAdrYcC%2B9Rmt7XBPVCGUcJv%2FiOtTSiycY8K%2B0HCCprnrFX4fau5SpcdOiMtgGH5E089RK6Mt8k5oNPm9N%2FMIK%2BEGlAf4DBrVHmRJl9VLpyZ%2BenAIChecB9WksE5CFYXG1W3z920UbCGHdNZQf%2BBkEkTQdbSWDO4TdhGbBzviKVTW%2F7%2FDbmGnHQpoQ%3D,HUMAN_AMBIGUOUS,PENDING_SECOND_REVIEW
D2-0052,0dde3317-5162-49d1-b5c9-6b206a086d2c,Tinkatuff,Paldean Fates,166,shiny_rare,Pokemon Trading Card Sword & Shield/Scarlet & Violet Shiny: Choose Your Card,Ungraded,https://i.ebayimg.com/images/g/C6gAAeSws5tpUZKU/s-l225.jpg,https://www.ebay.com/itm/227150554736?_skw=Tinkatuff+166+Paldean+Fates+Pokemon+card&hash=item34e33a6670:g:C6gAAeSws5tpUZKU,HUMAN_AMBIGUOUS,PENDING_SECOND_REVIEW
D2-0053,0dde3317-5162-49d1-b5c9-6b206a086d2c,Tinkatuff,Paldean Fates,166,shiny_rare,2024 Pokemon TCG Paldean Fates Reverse Holos and EX YOU PICK Complete your set,Ungraded,https://i.ebayimg.com/images/g/TgEAAOSw7Y5mdh3z/s-l225.jpg,https://www.ebay.com/itm/355815665036?_skw=Tinkatuff+166+Paldean+Fates+Pokemon+card&hash=item52d8442d8c:g:TgEAAOSw7Y5mdh3z,HUMAN_AMBIGUOUS,PENDING_SECOND_REVIEW
D2-0056,0dde3317-5162-49d1-b5c9-6b206a086d2c,Tinkatuff,Paldean Fates,166,shiny_rare,Tinkatuff 166/091 SV Paldean Fates Shiny Rare Reverse Holo English,Ungraded,https://i.ebayimg.com/images/g/TfYAAeSwmWZqJ3ht/s-l225.jpg,https://www.ebay.com/itm/137394251948?_skw=Tinkatuff+166+Paldean+Fates+Pokemon+card&hash=item1ffd55e8ac:g:TfYAAeSwmWZqJ3ht,MATCHER_HUMAN_DISAGREEMENT,PENDING_SECOND_REVIEW
D2-0064,10a47631-ea19-4b62-8a93-4b1b3e6b3013,Lt. Surge's Bargain,Mega Evolution,185,special_illustration_rare,The Pokémon Company Lt. Surge's Bargain 185/132 MEGA Full Art Holo ENG,Ungraded,https://i.ebayimg.com/images/g/LscAAeSw6B9qPcxT/s-l225.jpg,https://www.ebay.com/itm/117269031991?_skw=Lt.+Surge%27s+Bargain+185+Mega+Evolution+Pokemon+card&hash=item1b4dc76c37:g:LscAAeSw6B9qPcxT&amdata=enc%3AAQALAAABEACCtXRWQnOEpyOqnQQ8KGZ16YkC2nMJiNc0UvFmvZpsMqRw4OhlgRgvqecm%2BliAaAemU0I%2F9kwjVaozOflHyUv6D6Lmd5e4q1R31MG4FN5iIjDxV5PcjDs0nacvxE5SMNGTiuDw7a1aJl5rnsusWAlaYeuNWCdHvZ7ngcFkFMip2ZW9uvvR0d%2F%2BpPgTknE%2BhcHeOz5%2FYFEMNbaoRcNHlx62ah1AcFdGr30HjDMIXsYwaXP%2FvZ5o%2FYOOCUbqaiJhiuC6QHsaMXR34quDVcmWpsofMC5xlEjNXO2p25s%2FsWFfTqM3bt5qmGWQJ54SzKr8KyzgGyyrkcfP%2FdS7UV9cre66qoCVF9b08EF4IhlyxxAx,MATCHER_HUMAN_DISAGREEMENT,PENDING_SECOND_REVIEW
D2-0069,10a47631-ea19-4b62-8a93-4b1b3e6b3013,Lt. Surge's Bargain,Mega Evolution,185,special_illustration_rare,Pokémon TCG Lt. Surge’s Bargain Trainer 185/132 Mega Evolution Extended Art Case,Ungraded,https://i.ebayimg.com/images/g/LPcAAeSwakppEYTW/s-l225.jpg,https://www.ebay.com/itm/177563668909?_skw=Lt.+Surge%27s+Bargain+185+Mega+Evolution+Pokemon+card&hash=item29579e91ad:g:LPcAAeSwakppEYTW,HUMAN_AMBIGUOUS,PENDING_SECOND_REVIEW
D2-0080,147a436d-4ccc-43d1-b19a-20b74d2ff723,Carmine,Twilight Masquerade,217,special_illustration_rare,Pokemon TCG - Twilight Masquerade: Choose Your Card! - All Holos/Reverse Holos!,Ungraded,https://i.ebayimg.com/images/g/RgwAAeSwP45ogduC/s-l225.jpg,https://www.ebay.com/itm/156447979868?_skw=Carmine+217+Twilight+Masquerade+Pokemon+card&var=458683854023&hash=item246d06b95c:g:RgwAAeSwP45ogduC,HUMAN_AMBIGUOUS,PENDING_SECOND_REVIEW
D2-0082,147a436d-4ccc-43d1-b19a-20b74d2ff723,Carmine,Twilight Masquerade,217,special_illustration_rare,Pokemon TCG Carmin Twilight Masquerade SIR 217/167,Ungraded,https://i.ebayimg.com/images/g/YzMAAeSwW~dqoHCm/s-l225.jpg,https://www.ebay.com/itm/377482020715?_skw=Carmine+217+Twilight+Masquerade+Pokemon+card&hash=item57e3ae876b:g:YzMAAeSwW~dqoHCm,MATCHER_HUMAN_DISAGREEMENT,PENDING_SECOND_REVIEW
D2-0094,152906c9-3b9f-4f16-bb22-cb4241c7386b,Giovanni's Charisma,Scarlet and Violet 151,204,special_illustration_rare,Giovanni's Charisma 197/165 Sv: Scarlet & Violet 151 Holo,Ungraded,https://i.ebayimg.com/images/g/5vQAAeSwU7hqciw5/s-l225.jpg,https://www.ebay.com/itm/128010803033?_skw=Giovanni%27s+Charisma+204+Scarlet+and+Violet+151+Pokemon+card&hash=item1dce09d759:g:5vQAAeSwU7hqciw5,DIFFICULT_VARIANT,PENDING_SECOND_REVIEW
D2-0095,152906c9-3b9f-4f16-bb22-cb4241c7386b,Giovanni's Charisma,Scarlet and Violet 151,204,special_illustration_rare,Giovanni's Charisma 197/165 Sv: Scarlet & Violet 151 Holo,Ungraded,https://i.ebayimg.com/images/g/55sAAeSwXVhqn1Gh/s-l225.jpg,https://www.ebay.com/itm/128067870628?_skw=Giovanni%27s+Charisma+204+Scarlet+and+Violet+151+Pokemon+card&hash=item1dd1709fa4:g:55sAAeSwXVhqn1Gh,DIFFICULT_VARIANT,PENDING_SECOND_REVIEW
D2-0096,152906c9-3b9f-4f16-bb22-cb4241c7386b,Giovanni's Charisma,Scarlet and Violet 151,204,special_illustration_rare,Giovanni's Charisma 197/165 Scarlet & Violet 151 Holo Ultra Rare NM,Ungraded,https://i.ebayimg.com/images/g/WvQAAeSwlDZqaq73/s-l225.jpg,https://www.ebay.com/itm/137565616610?_skw=Giovanni%27s+Charisma+204+Scarlet+and+Violet+151+Pokemon+card&hash=item20078cb9e2:g:WvQAAeSwlDZqaq73,DIFFICULT_VARIANT,PENDING_SECOND_REVIEW
D2-0097,152906c9-3b9f-4f16-bb22-cb4241c7386b,Giovanni's Charisma,Scarlet and Violet 151,204,special_illustration_rare,Pokemon 151 Cards! Holo/Reverse Holo Ex Illustration Ultra Double Rare Card!,Ungraded,https://i.ebayimg.com/images/g/UzUAAOSwxHdoM6FP/s-l225.jpg,https://www.ebay.com/itm/156241664107?_skw=Giovanni%27s+Charisma+204+Scarlet+and+Violet+151+Pokemon+card&var=458401936684&hash=item2460ba986b:g:UzUAAOSwxHdoM6FP,MATCHER_HUMAN_DISAGREEMENT,PENDING_SECOND_REVIEW
D2-0098,152906c9-3b9f-4f16-bb22-cb4241c7386b,Giovanni's Charisma,Scarlet and Violet 151,204,special_illustration_rare,Giovanni's Charisma161/165PokemonSV: Scarlet & Violet 151MEWNMUncommonEN,Ungraded,https://i.ebayimg.com/images/g/YRMAAeSw7RNqhLN2/s-l225.jpg,https://www.ebay.com/itm/227481484694?_skw=Giovanni%27s+Charisma+204+Scarlet+and+Violet+151+Pokemon+card&hash=item34f6f3fd96:g:YRMAAeSw7RNqhLN2,DIFFICULT_VARIANT,PENDING_SECOND_REVIEW
D2-0124,209f02db-d953-4dde-bbd6-0822671fe1d1,Oshawott,White Flare,105,illustration_rare,White Flare Pokemon Cards! Holo/Reverse Holo Rare Illustration Full Art SIR Card,Ungraded,https://i.ebayimg.com/images/g/hmMAAeSwDdJoon0n/s-l225.jpg,https://www.ebay.com/itm/157217521409?_skw=Oshawott+105+White+Flare+Pokemon+card&var=458745866820&hash=item249ae4ff01:g:hmMAAeSwDdJoon0n,MATCHER_HUMAN_DISAGREEMENT,PENDING_SECOND_REVIEW
D2-0128,209f02db-d953-4dde-bbd6-0822671fe1d1,Oshawott,White Flare,105,illustration_rare,Oshawott 105/086 Pokemon Sv: White Flare Pokémon Extended Art Case,Ungraded,https://i.ebayimg.com/images/g/9-cAAeSwrQppKx9h/s-l225.jpg,https://www.ebay.com/itm/157414069421?_skw=Oshawott+105+White+Flare+Pokemon+card&hash=item24a69c14ad:g:9-cAAeSwrQppKx9h,HUMAN_AMBIGUOUS,PENDING_SECOND_REVIEW
D2-0139,21e9ddc5-2751-4886-9e08-a1c6e2cc14e4,Kyurem ex,Black Bolt,165,special_illustration_rare,Pokemon TCG Kyurem EX Full Art Holo Ultra Rare 230 HP 165/086 Plasma Storm 2013,Ungraded,https://i.ebayimg.com/images/g/qvYAAeSwFLNqh-TJ/s-l225.jpg,https://www.ebay.com/itm/336753799143?_skw=Kyurem+ex+165+Black+Bolt+Pokemon+card&hash=item4e68172fe7:g:qvYAAeSwFLNqh-TJ,MATCHER_HUMAN_DISAGREEMENT,PENDING_SECOND_REVIEW
D2-0141,21e9ddc5-2751-4886-9e08-a1c6e2cc14e4,Kyurem ex,Black Bolt,165,special_illustration_rare,Black Bolt Pokemon Cards! Holo/Reverse Holo Rare Illustration Full Art SIR Card!,Ungraded,https://i.ebayimg.com/images/g/2cEAAeSwvwVojZHi/s-l225.jpg,https://www.ebay.com/itm/157214137167?_skw=Kyurem+ex+165+Black+Bolt+Pokemon+card&var=458705598692&hash=item249ab15b4f:g:2cEAAeSwvwVojZHi,MATCHER_HUMAN_DISAGREEMENT,PENDING_SECOND_REVIEW
D2-0154,23d6bd35-bbf0-49b2-911e-4949e66ff8bb,Pachirisu,Paldean Fates,138,shiny_rare,Pachirisu 138/091 Holo NM,Ungraded,https://i.ebayimg.com/images/g/MBwAAeSwpPFqoIDv/s-l225.jpg,https://www.ebay.com/itm/206514827799?_skw=Pachirisu+138+Paldean+Fates+Pokemon+card&hash=item30153e3217:g:MBwAAeSwpPFqoIDv&amdata=enc%3AAQALAAABEACCtXRWQnOEpyOqnQQ8KGZpJlxPH9oq%2F3hSbZ%2B8E%2BmUY%2FcdEYoD9M%2FGZfo5VVhmmH4ZJO982gP0rdX2CcsGFJUmiWz73GYitvflPV4kTze8WI2y%2FqWIw9AapmVuemXGz9WuBOsTMctOQ%2FAzP584WDyOQobjN0US1X4RrZoW5YSc%2FYKOYNyXGW0ZV9TIVIxRicdSAsI5E6UCmJ0AvI7XRndSDF4vsXhzQQw7PR%2B%2BwGMTgUuwQtiWMMrc2JTRaUBl96KgfE%2BwrFnO0gzTOWtpm488yEnDEb2LFQW%2BAdeXkhIZJfsVerz9VDSjQnH4Nam7gzpnlzUgkRzhCMViD2S4DMuKrDB%2BccRJHaZ8ETSj1QiC,MATCHER_HUMAN_DISAGREEMENT,PENDING_SECOND_REVIEW
D2-0158,23d6bd35-bbf0-49b2-911e-4949e66ff8bb,Pachirisu,Paldean Fates,138,shiny_rare,Pokemon SV Paldean Fates Shiny Choose Your Card! Ultra Rare ex Near Mint NM,Ungraded,https://i.ebayimg.com/images/g/ZV0AAeSwybxo8z8K/s-l225.jpg,https://www.ebay.com/itm/306424277790?_skw=Pachirisu+138+Paldean+Fates+Pokemon+card&hash=item47584f6b1e:g:ZV0AAeSwybxo8z8K,HUMAN_AMBIGUOUS,PENDING_SECOND_REVIEW
D2-0159,23d6bd35-bbf0-49b2-911e-4949e66ff8bb,Pachirisu,Paldean Fates,138,shiny_rare,Pachirisu 138 Pokemon Paf En-Paldean Fates PSA 9,Graded,https://i.ebayimg.com/images/g/7vUAAeSwgW9qlmtR/s-l225.jpg,https://www.ebay.com/itm/227500260100?_skw=Pachirisu+138+Paldean+Fates+Pokemon+card&hash=item34f8127b04:g:7vUAAeSwgW9qlmtR,HUMAN_AMBIGUOUS,PENDING_SECOND_REVIEW
D2-0169,24f40ecd-605f-4d62-b748-afed33706583,Emboar,White Flare,98,illustration_rare,Emboar 013/086 Holo Rare White Flare Pokemon Reverse Holo,Ungraded,https://i.ebayimg.com/images/g/lrkAAeSwC9tqTyMA/s-l225.jpg,https://www.ebay.com/itm/117292686431?_skw=Emboar+98+White+Flare+Pokemon+card&hash=item1b4f305c5f:g:lrkAAeSwC9tqTyMA,DIFFICULT_VARIANT,PENDING_SECOND_REVIEW
D2-0170,24f40ecd-605f-4d62-b748-afed33706583,Emboar,White Flare,98,illustration_rare,White Flare Pokemon Cards! Holo/Reverse Holo Rare Illustration Full Art SIR Card,Ungraded,https://i.ebayimg.com/images/g/fhQAAeSwoGlojcnh/s-l225.jpg,https://www.ebay.com/itm/157217521409?_skw=Emboar+98+White+Flare+Pokemon+card&var=458709422471&hash=item249ae4ff01:g:fhQAAeSwoGlojcnh,DIFFICULT_VARIANT,PENDING_SECOND_REVIEW
D2-0171,24f40ecd-605f-4d62-b748-afed33706583,Emboar,White Flare,98,illustration_rare,Pokemon White Flare Reverse Holo Pick Your Card SV11 TCG,Ungraded,https://i.ebayimg.com/images/g/mAcAAeSw5bdqmtOT/s-l225.jpg,https://www.ebay.com/itm/158257216277?_skw=Emboar+98+White+Flare+Pokemon+card&var=459388628496&hash=item24d8dd7b15:g:mAcAAeSw5bdqmtOT,DIFFICULT_VARIANT,PENDING_SECOND_REVIEW
D2-0172,24f40ecd-605f-4d62-b748-afed33706583,Emboar,White Flare,98,illustration_rare,"Pokemon White Flare - Pick your card - Holo, Reverse Holo, Common, Uncommon",Ungraded,https://i.ebayimg.com/images/g/UOQAAeSwPDtoqkcG/s-l225.jpg,https://www.ebay.com/itm/205688006094?_skw=Emboar+98+White+Flare+Pokemon+card&var=506439103831&hash=item2fe3f5e5ce:g:UOQAAeSwPDtoqkcG,HUMAN_AMBIGUOUS,PENDING_SECOND_REVIEW
D2-0174,24f40ecd-605f-4d62-b748-afed33706583,Emboar,White Flare,98,illustration_rare,Pokemon TCG White Flare Emboar 98/086 Illustration Rare Japanese,Ungraded,https://i.ebayimg.com/images/g/nPsAAeSwmxdqINvw/s-l225.jpg,https://www.ebay.com/itm/398024525891?_skw=Emboar+98+White+Flare+Pokemon+card&hash=item5cac1c4843:g:nPsAAeSwmxdqINvw&amdata=enc%3AAQALAAABAACCtXRWQnOEpyOqnQQ8KGa6tQn8QOzRsF5lUZvVJmtuKQnhrFyHReaIEOwezTLL%2F8SzydKNtDogfXyPcpL%2BUGPSH2XiCs4TWqR1gOn2WLMiGv6hD5ODdWXAjYZ0nXjERLQA5W4sbPikFsvFaFRQckLJh45vpkpjhvkmF43Q927UToDXFB%2B%2FtVgxUZ6%2FoP%2FelbZLOhZDjmS63UXVwvXLGzExFy01%2FiOsFr%2BSgUp3MBUGRzOO2Q3yKTxGNLQW0vaZekYxWVGAndEMqb3oGXG3%2BWjSyXjgoUpjt4WeSwRHJAsZxWd7o9J1%2BU271SqeD8r4JuzUtDKmBocaNPTNnt7OMlM%3D,MATCHER_HUMAN_DISAGREEMENT,PENDING_SECOND_REVIEW
D2-0178,24f40ecd-605f-4d62-b748-afed33706583,Emboar,White Flare,98,illustration_rare,POKEMON WHITE FLARE EMBOAR 013/086 RARE HOLO NM,Ungraded,https://i.ebayimg.com/images/g/GewAAeSwzbZqljU-/s-l225.jpg,https://www.ebay.com/itm/117389157304?_skw=Emboar+98+White+Flare+Pokemon+card&hash=item1b54f063b8:g:GewAAeSwzbZqljU-,DIFFICULT_VARIANT,PENDING_SECOND_REVIEW
D2-0196,2a67a99c-dbba-4c41-846c-39ed4659c916,Grubbin,Temporal Forces,18,common,Grubbin 18/162 Temporal Forces Common Near Mint Pokemon,Ungraded,https://i.ebayimg.com/images/g/AwEAAeSwPLRqo~2D/s-l225.jpg,https://www.ebay.com/itm/128073950194?_skw=Grubbin+18+Temporal+Forces+Pokemon+card&hash=item1dd1cd63f2:g:AwEAAeSwPLRqo~2D,MATCHER_HUMAN_DISAGREEMENT,PENDING_SECOND_REVIEW
D2-0198,2a67a99c-dbba-4c41-846c-39ed4659c916,Grubbin,Temporal Forces,18,common,Grubbin Reverse Holo 18/162 Temporal Forces Pokemon Card NM Art Kagemaru Himeno,Ungraded,https://i.ebayimg.com/images/g/wk0AAeSwcJ1qkxjN/s-l225.jpg,https://www.ebay.com/itm/188858377680?_skw=Grubbin+18+Temporal+Forces+Pokemon+card&hash=item2bf8d625d0:g:wk0AAeSwcJ1qkxjN,DIFFICULT_VARIANT,PENDING_SECOND_REVIEW
D2-0199,2a67a99c-dbba-4c41-846c-39ed4659c916,Grubbin,Temporal Forces,18,common,Grubbin | #18 | TEF | Pokemon | Regular | LP,Ungraded,https://i.ebayimg.com/images/g/JY0AAeSw6JVqa00o/s-l225.jpg,https://www.ebay.com/itm/117071817418?_skw=Grubbin+18+Temporal+Forces+Pokemon+card&hash=item1b42062aca:g:JY0AAeSw6JVqa00o,MATCHER_HUMAN_DISAGREEMENT,PENDING_SECOND_REVIEW
D2-0200,2a67a99c-dbba-4c41-846c-39ed4659c916,Grubbin,Temporal Forces,18,common,Pokémon TCG Reverse Holo Grubbin 18/162,Ungraded,https://i.ebayimg.com/images/g/NcoAAeSw-Bhp4SFP/s-l225.jpg,https://www.ebay.com/itm/127813827101?_skw=Grubbin+18+Temporal+Forces+Pokemon+card&hash=item1dc24c3a1d:g:NcoAAeSw-Bhp4SFP,DIFFICULT_VARIANT,PENDING_SECOND_REVIEW
D2-0201,2a67a99c-dbba-4c41-846c-39ed4659c916,Grubbin,Temporal Forces,18,common,Pokemon TCG * SV Temporal Force * 18/162 Grubbin REVERSE HOLO Common  ,Ungraded,https://i.ebayimg.com/images/g/Eq0AAeSwvqRp0Fk~/s-l225.jpg,https://www.ebay.com/itm/257441708476?_skw=Grubbin+18+Temporal+Forces+Pokemon+card&hash=item3bf0b8b9bc:g:Eq0AAeSwvqRp0Fk~,DIFFICULT_VARIANT,PENDING_SECOND_REVIEW
D2-0202,2a67a99c-dbba-4c41-846c-39ed4659c916,Grubbin,Temporal Forces,18,common,Grubbin Temporal Forces 018/162 Common PokéMon — English Near Mint,Ungraded,https://i.ebayimg.com/images/g/8voAAeSwy-ZqkWBc/s-l225.jpg,https://www.ebay.com/itm/128048865519?_skw=Grubbin+18+Temporal+Forces+Pokemon+card&hash=item1dd04ea0ef:g:8voAAeSwy-ZqkWBc,MATCHER_HUMAN_DISAGREEMENT,PENDING_SECOND_REVIEW
D2-0208,2a67a99c-dbba-4c41-846c-39ed4659c916,Grubbin,Temporal Forces,18,common,Grubbin 18/162 Common | Temporal Forces | Pokemon Card,Ungraded,https://i.ebayimg.com/images/g/CvAAAOSwvTtmFm3I/s-l225.jpg,https://www.ebay.com/itm/226085546612?_skw=Grubbin+18+Temporal+Forces+Pokemon+card&hash=item34a3bfaa74:g:CvAAAOSwvTtmFm3I&amdata=enc%3AAQALAAABAACCtXRWQnOEpyOqnQQ8KGaioaBCaVydD9yE%2BcjOrtJKqiYbzoSEVmdBegM8oVKK7VNCcdgI5ubbS2J9iV%2FEPntO9E8gCPoriaV4%2Bx7TRXhZG0DDi%2Fod13FD0Zc58uj1NFMEnIzV5Skg%2F4hhjaDVgsdaHsTOCkWTpD9tQ5q23GM3eC0SMQf9Ljr0TmOTHYMo1G73IEFgod5uD1zXi3BiQ9cNbD2GhPz8qlqR712PhPGHyy2HSDQTZVBtKQJsoe9ejpK7QHlJeCMCD4fz6wCvz8MUJCxCNAcA9pLDNoPA4aedHFpf2MlYOgniIwHIQNA4K5YmA4585HBv71mEIfJSXqY%3D,MATCHER_HUMAN_DISAGREEMENT,PENDING_SECOND_REVIEW
D2-0211,2bf67447-75e1-4e97-ac08-c7f3e7f2c88c,Dhelmise,Mega Evolution,18,common,Dhelmise 18/132  Pokemon ME: Mega Evolution ,Ungraded,https://i.ebayimg.com/images/g/Kn0AAeSwpZRplRU-/s-l225.jpg,https://www.ebay.com/itm/127690736066?_skw=Dhelmise+18+Mega+Evolution+Pokemon+card&hash=item1dbaf601c2:g:Kn0AAeSwpZRplRU-,MATCHER_HUMAN_DISAGREEMENT,PENDING_SECOND_REVIEW
D2-0213,2bf67447-75e1-4e97-ac08-c7f3e7f2c88c,Dhelmise,Mega Evolution,18,common,Pokemon Dhelmise (18/189) Mega Evolution NM,Ungraded,https://i.ebayimg.com/images/g/C90AAeSwVplo565U/s-l225.jpg,https://www.ebay.com/itm/146883924749?_skw=Dhelmise+18+Mega+Evolution+Pokemon+card&hash=item2232f6d30d:g:C90AAeSwVplo565U,MATCHER_HUMAN_DISAGREEMENT,PENDING_SECOND_REVIEW
D2-0216,2bf67447-75e1-4e97-ac08-c7f3e7f2c88c,Dhelmise,Mega Evolution,18,common,Dhelmise Mega Evolution 018/132 Common PokéMon — English Near Mint,Ungraded,https://i.ebayimg.com/images/g/TV4AAeSwzbZqlqnP/s-l225.jpg,https://www.ebay.com/itm/128055266597?_skw=Dhelmise+18+Mega+Evolution+Pokemon+card&hash=item1dd0b04d25:g:TV4AAeSwzbZqlqnP,MATCHER_HUMAN_DISAGREEMENT,PENDING_SECOND_REVIEW
D2-0220,2bf67447-75e1-4e97-ac08-c7f3e7f2c88c,Dhelmise,Mega Evolution,18,common,Mega Evolution - Pick Your Card - Pokemon TCG,Ungraded,https://i.ebayimg.com/images/g/HSwAAeSwcIBp3xfk/s-l225.jpg,https://www.ebay.com/itm/127811005132?_skw=Dhelmise+18+Mega+Evolution+Pokemon+card&hash=item1dc2212acc:g:HSwAAeSwcIBp3xfk,HUMAN_AMBIGUOUS,PENDING_SECOND_REVIEW
D2-0223,2bf67447-75e1-4e97-ac08-c7f3e7f2c88c,Dhelmise,Mega Evolution,18,common,Pokemon Cards Mega Evolution,Ungraded,https://i.ebayimg.com/images/g/LbYAAeSwWO9pZFbT/s-l225.jpg,https://www.ebay.com/itm/147087184650?_skw=Dhelmise+18+Mega+Evolution+Pokemon+card&hash=item223f14530a:g:LbYAAeSwWO9pZFbT,HUMAN_AMBIGUOUS,PENDING_SECOND_REVIEW
D2-0225,2bf67447-75e1-4e97-ac08-c7f3e7f2c88c,Dhelmise,Mega Evolution,18,common,Mega Evolutions Singles ME1: Commons & Uncommons – Pick Your Card,Ungraded,https://i.ebayimg.com/images/g/-SQAAeSwS~JpGnGd/s-l225.jpg,https://www.ebay.com/itm/167934819382?_skw=Dhelmise+18+Mega+Evolution+Pokemon+card&hash=item2719b1fc36:g:-SQAAeSwS~JpGnGd,HUMAN_AMBIGUOUS,PENDING_SECOND_REVIEW
D2-0238,2c445258-b198-43de-b710-0921ebe3f0ab,Pikachu ex,Ascended Heroes,277,special_illustration_rare,Ascended Heroes Pikachu Combo: Pikachu ex 277/217 and 276/217 Pikachu EX,Ungraded,https://i.ebayimg.com/images/g/wPkAAeSwAbNqMELx/s-l225.jpg,https://www.ebay.com/itm/137419208811?_skw=Pikachu+ex+277+Ascended+Heroes+Pokemon+card&hash=item1ffed2b86b:g:wPkAAeSwAbNqMELx,HUMAN_AMBIGUOUS,PENDING_SECOND_REVIEW
D2-0252,2cef0dfb-a5fd-4aed-b8ae-34a82f414587,Reshiram ex,White Flare,166,special_illustration_rare,Reshiram EX English SIR 166/086 White Flare Pokemon Extended Art Case,Ungraded,https://i.ebayimg.com/images/g/gY4AAeSwxbxp0TRr/s-l225.jpg,https://www.ebay.com/itm/157414359240?_skw=Reshiram+ex+166+White+Flare+Pokemon+card&hash=item24a6a080c8:g:gY4AAeSwxbxp0TRr,MATCHER_HUMAN_DISAGREEMENT,PENDING_SECOND_REVIEW
D2-0259,2e5780f8-1769-4d26-9e3e-87e4a27d4dfe,Dachsbun ex,Stellar Crown,169,special_illustration_rare,Pokémon Dachsbun EX 169/142,Ungraded,https://i.ebayimg.com/images/g/OFgAAeSwXeFqnhCw/s-l225.jpg,https://www.ebay.com/itm/147555616929?_skw=Dachsbun+ex+169+Stellar+Crown+Pokemon+card&hash=item225b0008a1:g:OFgAAeSwXeFqnhCw,MATCHER_HUMAN_DISAGREEMENT,PENDING_SECOND_REVIEW
D2-0262,2e5780f8-1769-4d26-9e3e-87e4a27d4dfe,Dachsbun ex,Stellar Crown,169,special_illustration_rare,Dachsbun ex Special Illustration Rare Pokémon SV:07 Stellar Crown ,Ungraded,https://i.ebayimg.com/images/g/H0YAAeSwaclqj1n1/s-l225.jpg,https://www.ebay.com/itm/366630787671?_skw=Dachsbun+ex+169+Stellar+Crown+Pokemon+card&hash=item555ce5da57:g:H0YAAeSwaclqj1n1,MATCHER_HUMAN_DISAGREEMENT,PENDING_SECOND_REVIEW
D2-0274,301185dd-2bde-4699-80bd-8b2a3cfd8f7f,Pikachu ex,Ascended Heroes,276,special_illustration_rare,Pokemon Ascended Heroes Pikachu EX Full Art,Ungraded,https://i.ebayimg.com/images/g/no4AAeSwSHBqmEB4/s-l225.jpg,https://www.ebay.com/itm/287580634016?_skw=Pikachu+ex+276+Ascended+Heroes+Pokemon+card&hash=item42f5243ba0:g:no4AAeSwSHBqmEB4,MATCHER_HUMAN_DISAGREEMENT,PENDING_SECOND_REVIEW
D2-0277,301185dd-2bde-4699-80bd-8b2a3cfd8f7f,Pikachu ex,Ascended Heroes,276,special_illustration_rare,2026 Pokmon Pikachu EX 276217 SIR Special Illustration Rare Ascended Her G2U,Ungraded,https://i.ebayimg.com/images/g/bKkAAeSw24tp1yYs/s-l225.jpg,https://www.ebay.com/itm/178354844518?_skw=Pikachu+ex+276+Ascended+Heroes+Pokemon+card&hash=item2986c6f366:g:bKkAAeSw24tp1yYs&amdata=enc%3AAQALAAABEACCtXRWQnOEpyOqnQQ8KGb0B6kKbiPuBWYCJGadEysINA5TUufMpgDic2HucGp17TtXTIMbB42j8ARS6RP2DR25iPXvkiwOnTRRP%2FLOeeVXvvRuRkB1fKAvjNtaTusEdc1tNHEI3L%2F9Lh9%2BW9b8%2BY9tk0wJXDAX4GhvGHTSUv4L613ywJvhAIVq5q3T9tNBHvAAZpsYAr%2FQ%2BsUU5L44XO%2BxaahOQach6mE9wlhBJyhbJ%2Ff7YAN1VGDoKw9gqNBvDKNdDLHNvkAbFJv8nH8rdwoc0EBHcLW0zhdv1kkj8NjL9Ak9zAjGh74Xi1ZJBwziH1uV4rkzaaxvNJCTMPbhFO%2BtP1yGNSV0QOJC8cKg%2BTEN,MATCHER_HUMAN_DISAGREEMENT,PENDING_SECOND_REVIEW
D2-0289,31566cbb-0eeb-499e-aa6d-b9b0bd85fc8b,Mega Greninja ex,Chaos Rising,122,mega_hyper_rare,Mega Greninja Ex 122/086 Pokemon Card NM/LP,Ungraded,https://i.ebayimg.com/images/g/xosAAeSw6xpqnqzi/s-l225.jpg,https://www.ebay.com/itm/117400471738?_skw=Mega+Greninja+ex+122+Chaos+Rising+Pokemon+card&hash=item1b559d08ba:g:xosAAeSw6xpqnqzi,MATCHER_HUMAN_DISAGREEMENT,PENDING_SECOND_REVIEW
D2-0290,31566cbb-0eeb-499e-aa6d-b9b0bd85fc8b,Mega Greninja ex,Chaos Rising,122,mega_hyper_rare,Pokémon TCG Mega Greninja EX 122/086 Breakpoint Secret Rare Full Art Holo EN,Ungraded,https://i.ebayimg.com/images/g/mFEAAeSwFdZqoPva/s-l225.jpg,https://www.ebay.com/itm/147564368200?_skw=Mega+Greninja+ex+122+Chaos+Rising+Pokemon+card&hash=item225b859148:g:mFEAAeSwFdZqoPva,MATCHER_HUMAN_DISAGREEMENT,PENDING_SECOND_REVIEW
D2-0291,31566cbb-0eeb-499e-aa6d-b9b0bd85fc8b,Mega Greninja ex,Chaos Rising,122,mega_hyper_rare,Pokemon Mega Greninja ex #122/086 Near Mint,Ungraded,https://i.ebayimg.com/images/g/96MAAeSwX4xqmdLE/s-l225.jpg,https://www.ebay.com/itm/188881521509?_skw=Mega+Greninja+ex+122+Chaos+Rising+Pokemon+card&hash=item2bfa374b65:g:96MAAeSwX4xqmdLE,MATCHER_HUMAN_DISAGREEMENT,PENDING_SECOND_REVIEW
D2-0297,31566cbb-0eeb-499e-aa6d-b9b0bd85fc8b,Mega Greninja ex,Chaos Rising,122,mega_hyper_rare,Mega Greninja ex Gold 122/086 Pokemon Chaos Rising English NM,Ungraded,https://i.ebayimg.com/images/g/~M4AAeSw3lhqeQ0r/s-l225.jpg,https://www.ebay.com/itm/158171266631?_skw=Mega+Greninja+ex+122+Chaos+Rising+Pokemon+card&hash=item24d3bdfe47:g:~M4AAeSw3lhqeQ0r,MATCHER_HUMAN_DISAGREEMENT,PENDING_SECOND_REVIEW
D2-0305,33dca102-b449-4da6-bfa6-7b72de711596,Charizard ex,Paldean Fates,234,special_illustration_rare,Pokemon Paldean Fates: Choose Your Card! - Holos/Reverse Holos EX Baby Shiny NM,Ungraded,https://i.ebayimg.com/images/g/9oUAAeSwMspoZJt5/s-l225.jpg,https://www.ebay.com/itm/156472416863?_skw=Charizard+ex+234+Paldean+Fates+Pokemon+card&hash=item246e7b9a5f:g:9oUAAeSwMspoZJt5,HUMAN_AMBIGUOUS,PENDING_SECOND_REVIEW
D2-0319,3755e7ef-e482-4186-8377-e717f80b3759,Secret Box,Twilight Masquerade,163,ace_spec,TCG Pokemon Secret Box 163/167 Twighlight Masquerade,Ungraded,https://i.ebayimg.com/images/g/XBAAAeSwxYdp4Pdi/s-l225.jpg,https://www.ebay.com/itm/407204613921?_skw=Secret+Box+163+Twilight+Masquerade+Pokemon+card&hash=item5ecf494f21:g:XBAAAeSwxYdp4Pdi,MATCHER_HUMAN_DISAGREEMENT,PENDING_SECOND_REVIEW
D2-0349,3baf2f12-759f-427a-b8d0-2511e639310f,Mega Gardevoir ex,Mega Evolution,187,mega_hyper_rare,Mega Gardevoir ex Holofoil [MEG - 187/132],Ungraded,https://i.ebayimg.com/images/g/U~gAAeSww5ZqoKtO/s-l225.jpg,https://www.ebay.com/itm/137715652208?_skw=Mega+Gardevoir+ex+187+Mega+Evolution+Pokemon+card&hash=item20107e1670:g:U~gAAeSww5ZqoKtO,MATCHER_HUMAN_DISAGREEMENT,PENDING_SECOND_REVIEW
D2-0351,3baf2f12-759f-427a-b8d0-2511e639310f,Mega Gardevoir ex,Mega Evolution,187,mega_hyper_rare,Mega Gardevoir ex [MEG - 187/132] Holofoil LP,Ungraded,https://i.ebayimg.com/images/g/5YEAAeSwjFZqlRmD/s-l225.jpg,https://www.ebay.com/itm/178455134835?_skw=Mega+Gardevoir+ex+187+Mega+Evolution+Pokemon+card&hash=item298cc14273:g:5YEAAeSwjFZqlRmD,MATCHER_HUMAN_DISAGREEMENT,PENDING_SECOND_REVIEW
D2-0353,3baf2f12-759f-427a-b8d0-2511e639310f,Mega Gardevoir ex,Mega Evolution,187,mega_hyper_rare,Mega Gardevoir EX 2025 Pokemon Mega Evolution,Ungraded,https://i.ebayimg.com/images/g/ne8AAeSw7QpqQIg5/s-l225.jpg,https://www.ebay.com/itm/158033631304?_skw=Mega+Gardevoir+ex+187+Mega+Evolution+Pokemon+card&hash=item24cb89d848:g:ne8AAeSw7QpqQIg5,MATCHER_HUMAN_DISAGREEMENT,PENDING_SECOND_REVIEW
D2-0363,3c75f577-62ee-4bdf-865c-ab2384f4379b,Mega Charizard Y ex,Ascended Heroes,294,mega_hyper_rare,Mega Charizard Y EX 294/217 Gold Hyper Rare Ascended Heroes Pokemon TCG - NM,Ungraded,https://i.ebayimg.com/images/g/V8kAAeSw3yhqXBLd/s-l225.jpg,https://www.ebay.com/itm/127982290071?_skw=Mega+Charizard+Y+ex+294+Ascended+Heroes+Pokemon+card&hash=item1dcc56c497:g:V8kAAeSw3yhqXBLd,MATCHER_HUMAN_DISAGREEMENT,PENDING_SECOND_REVIEW
D2-0364,3c75f577-62ee-4bdf-865c-ab2384f4379b,Mega Charizard Y ex,Ascended Heroes,294,mega_hyper_rare,MEGA CHARIZARD Y EX ASCENDED HEROS 294/217 GOLD MINT CONDITION POKEMON CARD,Ungraded,https://i.ebayimg.com/images/g/Z58AAeSwhKZqdyjZ/s-l225.jpg,https://www.ebay.com/itm/257686702491?_skw=Mega+Charizard+Y+ex+294+Ascended+Heroes+Pokemon+card&hash=item3bff53099b:g:Z58AAeSwhKZqdyjZ,MATCHER_HUMAN_DISAGREEMENT,PENDING_SECOND_REVIEW
D2-0374,3c75f577-62ee-4bdf-865c-ab2384f4379b,Mega Charizard Y ex,Ascended Heroes,294,mega_hyper_rare,Mega Charizard Y EX 294/217 Gold Hyper Rare -Ascended Heroes -Pokemon TCG NM,Ungraded,https://i.ebayimg.com/images/g/GBwAAeSwZl5qVCsI/s-l225.jpg,https://www.ebay.com/itm/137653996066?_skw=Mega+Charizard+Y+ex+294+Ascended+Heroes+Pokemon+card&hash=item200cd14a22:g:GBwAAeSwZl5qVCsI,MATCHER_HUMAN_DISAGREEMENT,PENDING_SECOND_REVIEW
D2-0376,4206e794-1ec6-4d55-94d4-63267ac9a183,Mega Dragonite ex,Ascended Heroes,290,special_illustration_rare,Mega Dragonite ex 370 HP Full Art Holo Secret Rare Ascended Heroes 290/217,Ungraded,https://i.ebayimg.com/images/g/lG0AAeSwiodqfSSW/s-l225.jpg,https://www.ebay.com/itm/117356405326?_skw=Mega+Dragonite+ex+290+Ascended+Heroes+Pokemon+card&hash=item1b52fca24e:g:lG0AAeSwiodqfSSW,MATCHER_HUMAN_DISAGREEMENT,PENDING_SECOND_REVIEW
D2-0386,4206e794-1ec6-4d55-94d4-63267ac9a183,Mega Dragonite ex,Ascended Heroes,290,special_illustration_rare,*SPANISH* Mega Dragonite ex 290/217 SIR Ascended Heroes Pokemon NM,Ungraded,https://i.ebayimg.com/images/g/bY0AAeSwJHdqfg0Q/s-l225.jpg,https://www.ebay.com/itm/398363872415?_skw=Mega+Dragonite+ex+290+Ascended+Heroes+Pokemon+card&hash=item5cc0564c9f:g:bY0AAeSwJHdqfg0Q,MATCHER_HUMAN_DISAGREEMENT,PENDING_SECOND_REVIEW
D2-0399,4299cd6b-98e3-4e65-865f-26a39b19fe5b,Durant ex,Surging Sparks,236,special_illustration_rare,Pokemon Surging Sparks: Choose Your Card! Holos/EX/Full Arts! NM,Ungraded,https://i.ebayimg.com/images/g/q5EAAOSw03doANFJ/s-l225.jpg,https://www.ebay.com/itm/156641391983?_skw=Durant+ex+236+Surging+Sparks+Pokemon+card&hash=item24788df56f:g:q5EAAOSw03doANFJ,HUMAN_AMBIGUOUS,PENDING_SECOND_REVIEW
D2-0406,50f67b41-059d-4c14-842f-8b48fba46bc2,Lt. Surge's Bargain,Mega Evolution,120,uncommon,Lt. Surge's Bargain#120/132 Me01 Mega Evolution Reverse Holo Pokemon TCG NM,Ungraded,https://i.ebayimg.com/images/g/MOMAAeSwVSNqTGWB/s-l225.jpg,https://www.ebay.com/itm/117288573527?_skw=Lt.+Surge%27s+Bargain+120+Mega+Evolution+Pokemon+card&hash=item1b4ef19a57:g:MOMAAeSwVSNqTGWB,MATCHER_HUMAN_DISAGREEMENT,PENDING_SECOND_REVIEW
D2-0408,50f67b41-059d-4c14-842f-8b48fba46bc2,Lt. Surge's Bargain,Mega Evolution,120,uncommon,Lt. Surge's Bargain 120/132 Mega Evolution,Ungraded,https://i.ebayimg.com/images/g/BbYAAeSwOkdpOdVL/s-l225.jpg,https://www.ebay.com/itm/127562558523?_skw=Lt.+Surge%27s+Bargain+120+Mega+Evolution+Pokemon+card&hash=item1db3522c3b:g:BbYAAeSwOkdpOdVL,MATCHER_HUMAN_DISAGREEMENT,PENDING_SECOND_REVIEW
D2-0409,50f67b41-059d-4c14-842f-8b48fba46bc2,Lt. Surge's Bargain,Mega Evolution,120,uncommon,Pokemon TCG Mega Evolution Choose Your Card,Ungraded,https://i.ebayimg.com/images/g/CjgAAeSwjmdo-lAS/s-l225.jpg,https://www.ebay.com/itm/127448692623?_skw=Lt.+Surge%27s+Bargain+120+Mega+Evolution+Pokemon+card&hash=item1dac88b78f:g:CjgAAeSwjmdo-lAS,HUMAN_AMBIGUOUS,PENDING_SECOND_REVIEW
D2-0413,50f67b41-059d-4c14-842f-8b48fba46bc2,Lt. Surge's Bargain,Mega Evolution,120,uncommon,Pokemon Lt. Surge's Bargain (120/197) Mega Evolution LP REVERSE HOLO,Ungraded,https://i.ebayimg.com/images/g/wJoAAeSwOcNplbeg/s-l225.jpg,https://www.ebay.com/itm/127691557304?_skw=Lt.+Surge%27s+Bargain+120+Mega+Evolution+Pokemon+card&hash=item1dbb0289b8:g:wJoAAeSwOcNplbeg,DIFFICULT_VARIANT,PENDING_SECOND_REVIEW
D2-0415,50f67b41-059d-4c14-842f-8b48fba46bc2,Lt. Surge's Bargain,Mega Evolution,120,uncommon,Lt. Surge's Bargain - 120/132 Reverse Holo Mega Evolution NM Pokemon,Ungraded,https://i.ebayimg.com/images/g/fZcAAeSw0kNqo0aA/s-l225.jpg,https://www.ebay.com/itm/137711959830?_skw=Lt.+Surge%27s+Bargain+120+Mega+Evolution+Pokemon+card&hash=item201045bf16:g:fZcAAeSw0kNqo0aA,DIFFICULT_VARIANT,PENDING_SECOND_REVIEW
D2-0417,50f67b41-059d-4c14-842f-8b48fba46bc2,Lt. Surge's Bargain,Mega Evolution,120,uncommon,Lt. Surge's Bargain 120/132 Mega Evolution Reverse Holo Pokemon Card,Ungraded,https://i.ebayimg.com/images/g/of8AAeSwGTpp1Dh~/s-l225.jpg,https://www.ebay.com/itm/147245550821?_skw=Lt.+Surge%27s+Bargain+120+Mega+Evolution+Pokemon+card&hash=item224884cce5:g:of8AAeSwGTpp1Dh~,DIFFICULT_VARIANT,PENDING_SECOND_REVIEW
D2-0419,50f67b41-059d-4c14-842f-8b48fba46bc2,Lt. Surge's Bargain,Mega Evolution,120,uncommon,120/132 Lt Surge's Bargain - ME01 Mega Evolution Reverse Holo NM Pokemon Trainer,Ungraded,https://i.ebayimg.com/images/g/KVwAAeSwyv9o4XMg/s-l225.jpg,https://www.ebay.com/itm/158230135276?_skw=Lt.+Surge%27s+Bargain+120+Mega+Evolution+Pokemon+card&hash=item24d74041ec:g:KVwAAeSwyv9o4XMg,DIFFICULT_VARIANT,PENDING_SECOND_REVIEW
D2-0436,55096ab6-1773-47c4-bbff-20c1db011223,Victini,Black Bolt,171,rare,Red Victini 171/086 BWR Holo Rare Pokemon Black Bolt,Ungraded,https://i.ebayimg.com/images/g/PvAAAeSwzMRqm4Kj/s-l225.jpg,https://www.ebay.com/itm/128062796019?_skw=Victini+171+Black+Bolt+Pokemon+card&hash=item1dd12330f3:g:PvAAAeSwzMRqm4Kj,MATCHER_HUMAN_DISAGREEMENT,PENDING_SECOND_REVIEW
D2-0439,55096ab6-1773-47c4-bbff-20c1db011223,Victini,Black Bolt,171,rare,Victini 171/086 BLK Pokemon Card EN Holofoil NM 5ban Graphics,Ungraded,https://i.ebayimg.com/images/g/scYAAeSw2G9qlKB4/s-l225.jpg,https://www.ebay.com/itm/407125616861?_skw=Victini+171+Black+Bolt+Pokemon+card&hash=item5eca93e8dd:g:scYAAeSw2G9qlKB4&amdata=enc%3AAQALAAABAACCtXRWQnOEpyOqnQQ8KGZ9T%2FvqRxPoHMgJRPpXyhXZx%2FGMewtSOsNn%2B3HQIWxYVUOVY%2FA3rPRjSk4xINR3h8Pm8DvXkf1GZqfpIc80WClnM24vas46LJ3Cl2hhwFANAeOIiuRaPzQmUAnRnNj7Hia4DHU2MXYy0qm1SL3MZEqKL%2B%2BuI9sWBYhFpch9zqSaJsWUiEpDg9ACoXpP1VEavopILkjkdrYPsFBxDk593ZTY4YC%2BOw6GpOoI1hcuNyPBRmtdlIy%2FbWYwhJRENJCy9yFNSw4BDc2m45i8X1p2ulPXVmeNdhvyzNOH3YXXiV%2FoEzOn4lLEkFgGFJfAv%2FFzhF8%3D,MATCHER_HUMAN_DISAGREEMENT,PENDING_SECOND_REVIEW
D2-0518,67611b34-a7e9-497f-9708-651cc015ca6c,Lillie's Determination,Mega Evolution,184,special_illustration_rare,Lillies Determination 184/132 Mega Evolution Special Illustration Rare,Ungraded,https://i.ebayimg.com/images/g/tq0AAeSwGs1qZW-W/s-l225.jpg,https://www.ebay.com/itm/287484338763?_skw=Lillie%27s+Determination+184+Mega+Evolution+Pokemon+card&hash=item42ef66e24b:g:tq0AAeSwGs1qZW-W,MATCHER_HUMAN_DISAGREEMENT,PENDING_SECOND_REVIEW
D2-0519,67611b34-a7e9-497f-9708-651cc015ca6c,Lillie's Determination,Mega Evolution,184,special_illustration_rare,Lillies Determination 184/132 English Trainer Mega Evolutions,Ungraded,https://i.ebayimg.com/images/g/l5MAAeSw9apqaWCB/s-l225.jpg,https://www.ebay.com/itm/318648920521?_skw=Lillie%27s+Determination+184+Mega+Evolution+Pokemon+card&hash=item4a30f4a9c9:g:l5MAAeSw9apqaWCB,MATCHER_HUMAN_DISAGREEMENT,PENDING_SECOND_REVIEW
D2-0549,6a2b87e5-f90b-48f4-be30-a77258bee660,Marill,Paldea Evolved,204,illustration_rare,Pokémon TCG Maril Paldea Evolved Illustration Card 204/193 English Edition,Ungraded,https://i.ebayimg.com/images/g/ZNcAAeSwFJVqc7wz/s-l225.jpg,https://www.ebay.com/itm/358889161296?_skw=Marill+204+Paldea+Evolved+Pokemon+card&hash=item538f760250:g:ZNcAAeSwFJVqc7wz,MATCHER_HUMAN_DISAGREEMENT,PENDING_SECOND_REVIEW
D2-0560,6a980108-6683-4461-ac9a-c81a27326dee,Team Rocket's Mewtwo ex,Destined Rivals,231,special_illustration_rare,Pokemon Mewtwo EX SIR Destined Rivals 231/182,Ungraded,https://i.ebayimg.com/images/g/BuIAAeSwezBqoIZA/s-l225.jpg,https://www.ebay.com/itm/137715189779?_skw=Team+Rocket%27s+Mewtwo+ex+231+Destined+Rivals+Pokemon+card&hash=item2010770813:g:BuIAAeSwezBqoIZA,MATCHER_HUMAN_DISAGREEMENT,PENDING_SECOND_REVIEW
D2-0562,6a980108-6683-4461-ac9a-c81a27326dee,Team Rocket's Mewtwo ex,Destined Rivals,231,special_illustration_rare,Pokémon TCG Destined Rivals Team Rockets Mewtwo EX Card 231/182 NM Condition,Ungraded,https://i.ebayimg.com/images/g/MvAAAeSw-DtqYm--/s-l225.jpg,https://www.ebay.com/itm/206436205999?_skw=Team+Rocket%27s+Mewtwo+ex+231+Destined+Rivals+Pokemon+card&hash=item30108e85af:g:MvAAAeSw-DtqYm--&amdata=enc%3AAQALAAABIACCtXRWQnOEpyOqnQQ8KGYmbDB7djy53KThoZHfu8K%2F95w47yOcS4SDCZMiriNtv9XqGnJ4IwQTc0JMO4h4sbOnp8TYYy4UML4F4u6SdFs8Qsgaph0euzvVhi3Yhlf7X1OSaaePtSpg679y%2BhncY4W0Vhvk33EvrntZphTdw%2Bo%2By6vMh7bod6%2FQAGt20FMhr3b3iAt9u37MAzsdfKCWnwLDhTrcTo0EGkDBrlw1LqA2PgXNV276iB1vi8aiM4LtK7fOZORQP8Usmq0ZlQXWusymmjKw8nB3AjZLYVaxuqSBQK9KqGFog1Yo6X%2BiuwZMiT616BxUYBYC7UQx9NF6KYI%2FcS1syL3hX2OJ4NoRh7QmXbReW3OsUi25fU5qDu%2FTQg%3D%3D,MATCHER_HUMAN_DISAGREEMENT,PENDING_SECOND_REVIEW
D2-0572,740ad74c-8c0c-411f-9ec7-2c734210b8f1,Arbok,Temporal Forces,101,common,Arbok 101/162 Common Temporal Forces Pokemon Reverse Holo Near Mint,Ungraded,https://i.ebayimg.com/images/g/u6YAAeSwvPRqCy7v/s-l225.jpg,https://www.ebay.com/itm/127871558303?_skw=Arbok+101+Temporal+Forces+Pokemon+card&hash=item1dc5bd229f:g:u6YAAeSwvPRqCy7v,DIFFICULT_VARIANT,PENDING_SECOND_REVIEW
D2-0573,740ad74c-8c0c-411f-9ec7-2c734210b8f1,Arbok,Temporal Forces,101,common,"Arbok #101/162 Common, Reverse Holo SV05: Temporal Forces Pokemon",Ungraded,https://i.ebayimg.com/images/g/1AMAAeSwWhdqltv9/s-l225.jpg,https://www.ebay.com/itm/128055549674?_skw=Arbok+101+Temporal+Forces+Pokemon+card&hash=item1dd0b49eea:g:1AMAAeSwWhdqltv9,DIFFICULT_VARIANT,PENDING_SECOND_REVIEW
D2-0574,740ad74c-8c0c-411f-9ec7-2c734210b8f1,Arbok,Temporal Forces,101,common,"Pokemon Temporal Forces Regular, Reverse holos, holo, ex - Pick Your Card",Ungraded,https://i.ebayimg.com/images/g/qeEAAOSwAKFmCH2j/s-l225.jpg,https://www.ebay.com/itm/134998956309?_skw=Arbok+101+Temporal+Forces+Pokemon+card&hash=item1f6e909915:g:qeEAAOSwAKFmCH2j,HUMAN_AMBIGUOUS,PENDING_SECOND_REVIEW
D2-0580,740ad74c-8c0c-411f-9ec7-2c734210b8f1,Arbok,Temporal Forces,101,common,Arbok 101/162 Common Pokemon SV05: Temporal Forces NM,Ungraded,https://i.ebayimg.com/images/g/TRwAAeSw73lqDjwS/s-l225.jpg,https://www.ebay.com/itm/137329124573?_skw=Arbok+101+Temporal+Forces+Pokemon+card&hash=item1ff97424dd:g:TRwAAeSw73lqDjwS,MATCHER_HUMAN_DISAGREEMENT,PENDING_SECOND_REVIEW
D2-0590,75720435-3807-46b6-b3da-5e1c53b77822,Mega Darkrai ex,Pitch Black,116,special_illustration_rare,2026 Mega Darkrai EX 116/084 SR Full Art,Ungraded,https://i.ebayimg.com/images/g/gzIAAeSw76lqgE2V/s-l225.jpg,https://www.ebay.com/itm/318733788982?_skw=Mega+Darkrai+ex+116+Pitch+Black+Pokemon+card&hash=item4a3603a736:g:gzIAAeSw76lqgE2V&amdata=enc%3AAQALAAABEACCtXRWQnOEpyOqnQQ8KGbeZdRb2evDBauKU0o0UD%2Fi5%2FthW64Dk2%2BlSpwtJcwW8UhcCTi8DXMUk0iZaabjhGLICwsMiH7ThnItxJ3qxNtfnwdtjCi9Y85ROaJm7DlJ93A0q4f6CaQ%2F2VhdmnUjxnZ08L2uIB8FzC%2FMr5z%2B%2Fi3P3nb4PyPi0TQEguJc4CAShS33nGYH%2BkbSNxR%2Fh4RM3gLx0GP06XGQHb42%2F3TOSTilDz%2FVr22qUpK%2BXFMSaTudqlwZIrYwaM7hSoQhIruR209m4REI2Mn08zPI0InUmNSvPFEHqPhlHUQKrY0mLEc1m0IKOxqjH6te9d8%2FeeIm2A17uRCDobjuJMvdeUaBmOpf,MATCHER_HUMAN_DISAGREEMENT,PENDING_SECOND_REVIEW
D2-0599,75720435-3807-46b6-b3da-5e1c53b77822,Mega Darkrai ex,Pitch Black,116,special_illustration_rare,Mega Darkrai ex 116 SIR + Sealed ETB Promo Zarude - Pitch Black - Near Mint (+),Ungraded,https://i.ebayimg.com/images/g/ifYAAeSw2u5qowv-/s-l225.jpg,https://www.ebay.com/itm/298662559883?_skw=Mega+Darkrai+ex+116+Pitch+Black+Pokemon+card&hash=item4589ad008b:g:ifYAAeSw2u5qowv-,MATCHER_HUMAN_DISAGREEMENT,PENDING_SECOND_REVIEW
D2-0606,77b44a76-26f7-4fa0-a548-c29870a7bb68,Crustle,Paradox Rift,183,illustration_rare,Pokemon SV4 Paradox Rift NM YouPICK! 1-266 Reverse Holo RH ex IR FA SIR HR,Ungraded,https://i.ebayimg.com/images/g/VJIAAOSwowRldo8Q/s-l225.jpg,https://www.ebay.com/itm/335101632502?_skw=Crustle+183+Paradox+Rift+Pokemon+card&hash=item4e059d1ff6:g:VJIAAOSwowRldo8Q,MATCHER_HUMAN_DISAGREEMENT,PENDING_SECOND_REVIEW
D2-0651,828c0d0d-2ede-4bab-bed4-407cd3cf8662,Mega Gengar ex,Ascended Heroes,284,special_illustration_rare,Mega Gengar EX 284/217 Ascended hero’s. HP 350,Ungraded,https://i.ebayimg.com/images/g/4I4AAeSwR-1qlJnq/s-l225.jpg,https://www.ebay.com/itm/257734211852?_skw=Mega+Gengar+ex+284+Ascended+Heroes+Pokemon+card&hash=item3c0227f90c:g:4I4AAeSwR-1qlJnq,MATCHER_HUMAN_DISAGREEMENT,PENDING_SECOND_REVIEW
D2-0676,8a2827bc-48b7-4dfd-b240-501fe24100b9,Bronzor,Temporal Forces,68,common,Pokemon Temporal Forces Bronzor 68/162,Ungraded,https://i.ebayimg.com/images/g/2qMAAOSwF79mVfoN/s-l225.jpg,https://www.ebay.com/itm/145801617143?_skw=Bronzor+68+Temporal+Forces+Pokemon+card&hash=item21f2741ef7:g:2qMAAOSwF79mVfoN,MATCHER_HUMAN_DISAGREEMENT,PENDING_SECOND_REVIEW
D2-0677,8a2827bc-48b7-4dfd-b240-501fe24100b9,Bronzor,Temporal Forces,68,common,2024 Scarlet & Violet Series - Temporal Forces Bronzor Common #68,Ungraded,https://i.ebayimg.com/images/g/Pd8AAeSwAY9qY8no/s-l225.jpg,https://www.ebay.com/itm/158184971877?_skw=Bronzor+68+Temporal+Forces+Pokemon+card&hash=item24d48f1e65:g:Pd8AAeSwAY9qY8no,MATCHER_HUMAN_DISAGREEMENT,PENDING_SECOND_REVIEW
D2-0678,8a2827bc-48b7-4dfd-b240-501fe24100b9,Bronzor,Temporal Forces,68,common,2024 Scarlet & Violet Series - Temporal Forces Bronzor Common #68,Ungraded,https://i.ebayimg.com/images/g/B30AAeSwcGlqY7EB/s-l225.jpg,https://www.ebay.com/itm/158195234907?_skw=Bronzor+68+Temporal+Forces+Pokemon+card&hash=item24d52bb85b:g:B30AAeSwcGlqY7EB,MATCHER_HUMAN_DISAGREEMENT|DIFFICULT_VARIANT,PENDING_SECOND_REVIEW
D2-0682,8a2827bc-48b7-4dfd-b240-501fe24100b9,Bronzor,Temporal Forces,68,common,Bronzor Temporal Forces 068/162 Common PokéMon — English Near Mint,Ungraded,https://i.ebayimg.com/images/g/u6UAAeSw8NRqkWDB/s-l225.jpg,https://www.ebay.com/itm/128048864625?_skw=Bronzor+68+Temporal+Forces+Pokemon+card&hash=item1dd04e9d71:g:u6UAAeSw8NRqkWDB,MATCHER_HUMAN_DISAGREEMENT,PENDING_SECOND_REVIEW
D2-0690,8a2827bc-48b7-4dfd-b240-501fe24100b9,Bronzor,Temporal Forces,68,common,Bronzor - Normal Pokemon Scarlet & Violet Temporal Forces (068/162),Ungraded,https://i.ebayimg.com/images/g/qIEAAeSwrWpqgytP/s-l225.jpg,https://www.ebay.com/itm/166724829750?_skw=Bronzor+68+Temporal+Forces+Pokemon+card&hash=item26d1930236:g:qIEAAeSwrWpqgytP,MATCHER_HUMAN_DISAGREEMENT,PENDING_SECOND_REVIEW
D2-0731,97165c7e-1d85-4962-807e-5661c2115d7d,Furret,Journey Together,168,illustration_rare,Pokemon English TCG Card JTG EN Journey Together Furret 168/159 Full Art,Ungraded,https://i.ebayimg.com/images/g/JKAAAeSwrhBqcP1f/s-l225.jpg,https://www.ebay.com/itm/137582381124?_skw=Furret+168+Journey+Together+Pokemon+card&hash=item20088c8844:g:JKAAAeSwrhBqcP1f,MATCHER_HUMAN_DISAGREEMENT,PENDING_SECOND_REVIEW
D2-0742,9f323989-e972-4a9e-9e7b-3166e85d0690,Mega Feraligatr ex,Ascended Heroes,274,special_illustration_rare,Mega Feraligatr ex 184/217 SIR Ascended Heroes Pokémon Card NM🐊⭐️⭐️,Ungraded,https://i.ebayimg.com/images/g/gxMAAeSw3vtqmB1m/s-l225.jpg,https://www.ebay.com/itm/227502501942?_skw=Mega+Feraligatr+ex+274+Ascended+Heroes+Pokemon+card&hash=item34f834b036:g:gxMAAeSw3vtqmB1m&amdata=enc%3AAQALAAABEACCtXRWQnOEpyOqnQQ8KGZPavXpW6S32UIfn1hc2%2BuyDT0ZhOVxSn1oGLSOlN%2BaMZQ9rlAuCykKOYzEL1QF32ov1FYFvpE2%2FC%2FCjIZV%2BREz9qnSfWU21DWGNfGk9uns%2Fn8u1ksMQj2afDuO6aMSRxqX9g3cOgRvCbFZaQZbHnI6onRxPhCTpN8pIYfpvWTzKEVC3WWpdueUgAJUWq04ryUBtLBiEWKfFoNR93x0iVZVobLtB50kiscAdwSaiMJd3Obn3kFMM88fbyr7kaM%2Bj53%2FIP1jFed9HpFY5B0HJgXqOCCL7KVRcddRVY3NlBnn5bD%2Fisy9WAw%2BU%2F2UuoJL5Kohtn6P9w264BDnaK1tj0R3,MATCHER_HUMAN_DISAGREEMENT,PENDING_SECOND_REVIEW
D2-0747,9f323989-e972-4a9e-9e7b-3166e85d0690,Mega Feraligatr ex,Ascended Heroes,274,special_illustration_rare,ITALIAN NM Mega Feraligatr EX 274/217 Ascended Heroes 2026 Pokemon SIR,Ungraded,https://i.ebayimg.com/images/g/btEAAeSwzVlqmj~f/s-l225.jpg,https://www.ebay.com/itm/117399574243?_skw=Mega+Feraligatr+ex+274+Ascended+Heroes+Pokemon+card&hash=item1b558f56e3:g:btEAAeSwzVlqmj~f,MATCHER_HUMAN_DISAGREEMENT,PENDING_SECOND_REVIEW
D2-0772,a6969678-b361-4b27-bee3-e3cdc127a5e4,Dragapult ex,Prismatic Evolutions,165,special_illustration_rare,Pokemon Prismatic Evolutions: Choose Your Card! Reverse Holo/Holo EX Full Art NM,Ungraded,https://i.ebayimg.com/images/g/GcgAAeSw~wdoy7z6/s-l225.jpg,https://www.ebay.com/itm/156750664346?_skw=Dragapult+ex+165+Prismatic+Evolutions+Pokemon+card&hash=item247f11529a:g:GcgAAeSw~wdoy7z6,MATCHER_HUMAN_DISAGREEMENT,PENDING_SECOND_REVIEW
D2-0801,ae4a6acb-3a88-4547-a165-7a617bfb2ce8,Jolteon ex,Prismatic Evolutions,153,special_illustration_rare,Pokémon Jolteon EX Prismatic Evolution TCG Card 153/131 Holo,Ungraded,https://i.ebayimg.com/images/g/xukAAeSw-W5ocd81/s-l225.jpg,https://www.ebay.com/itm/357276000098?_skw=Jolteon+ex+153+Prismatic+Evolutions+Pokemon+card&hash=item532f4f1f62:g:xukAAeSw-W5ocd81,MATCHER_HUMAN_DISAGREEMENT,PENDING_SECOND_REVIEW
D2-0804,ae4a6acb-3a88-4547-a165-7a617bfb2ce8,Jolteon ex,Prismatic Evolutions,153,special_illustration_rare,2025 Pokemon Prismatic Evolution Jolteon Ex Special Illustration Rare,Ungraded,https://i.ebayimg.com/images/g/HbkAAeSwfE5qIZZ7/s-l225.jpg,https://www.ebay.com/itm/377234168425?_skw=Jolteon+ex+153+Prismatic+Evolutions+Pokemon+card&hash=item57d4e89a69:g:HbkAAeSwfE5qIZZ7,MATCHER_HUMAN_DISAGREEMENT,PENDING_SECOND_REVIEW
D2-0829,b547c5c3-7082-4a7f-9290-3d569b91b462,Team Rocket's Giovanni,Destined Rivals,225,ultra_rare,Pokemon Cards! Destined Rivals Holo/Reverse Holo EX Ultra Rare SIR Full Art Card,Ungraded,https://i.ebayimg.com/images/g/4C0AAOSwApBoRrAI/s-l225.jpg,https://www.ebay.com/itm/157077521788?_skw=Team+Rocket%27s+Giovanni+225+Destined+Rivals+Pokemon+card&hash=item24928cc57c:g:4C0AAOSwApBoRrAI,MATCHER_HUMAN_DISAGREEMENT,PENDING_SECOND_REVIEW
D2-0830,b547c5c3-7082-4a7f-9290-3d569b91b462,Team Rocket's Giovanni,Destined Rivals,225,ultra_rare,Pokémon TCG Destined Rivals Team Rockets Giovanni Card 225/182,Ungraded,https://i.ebayimg.com/images/g/h-oAAeSwmpZqnOV-/s-l225.jpg,https://www.ebay.com/itm/158262805996?_skw=Team+Rocket%27s+Giovanni+225+Destined+Rivals+Pokemon+card&hash=item24d932c5ec:g:h-oAAeSwmpZqnOV-,MATCHER_HUMAN_DISAGREEMENT,PENDING_SECOND_REVIEW
D2-0861,b801a524-e703-4f4c-ad99-1ec742cf30ec,Bianca's Devotion,Temporal Forces,209,special_illustration_rare,Bianca's Devotion 209/162,Ungraded,https://i.ebayimg.com/images/g/MZkAAeSw64ZqfPTu/s-l225.jpg,https://www.ebay.com/itm/168609165127?_skw=Bianca%27s+Devotion+209+Temporal+Forces+Pokemon+card&hash=item2741e3af47:g:MZkAAeSw64ZqfPTu,MATCHER_HUMAN_DISAGREEMENT,PENDING_SECOND_REVIEW
D2-0905,cc59d868-d0e5-4557-9423-3f9b7c9d2591,Team Rocket's Giovanni,Destined Rivals,238,special_illustration_rare,Team Rockets Giovanni 238/182 Destined Rivals SIR Holo Pokemon Card - Near Mint,Ungraded,https://i.ebayimg.com/images/g/vPAAAeSwHg9qWsyM/s-l225.jpg,https://www.ebay.com/itm/117406740251?_skw=Team+Rocket%27s+Giovanni+238+Destined+Rivals+Pokemon+card&hash=item1b55fcaf1b:g:vPAAAeSwHg9qWsyM,MATCHER_HUMAN_DISAGREEMENT,PENDING_SECOND_REVIEW
D2-0907,cc59d868-d0e5-4557-9423-3f9b7c9d2591,Team Rocket's Giovanni,Destined Rivals,238,special_illustration_rare,Team Rockets Giovanni 238/182 SIR Destined Rivals NM-M Pokemon Card Very clean,Ungraded,https://i.ebayimg.com/images/g/vR4AAeSw0cxpDiGe/s-l225.jpg,https://www.ebay.com/itm/177555959711?_skw=Team+Rocket%27s+Giovanni+238+Destined+Rivals+Pokemon+card&hash=item295728ef9f:g:vR4AAeSw0cxpDiGe,MATCHER_HUMAN_DISAGREEMENT,PENDING_SECOND_REVIEW
D2-0920,cdfc0223-40ef-4e4b-a9f2-3a809ae1c3df,Flareon,Scarlet and Violet 151,136,rare,"Pokemon 151 Singles - Complete Your Set - Common, Reverse Holo and Holo",Ungraded,https://i.ebayimg.com/images/g/Le4AAeSwEdRpmtCj/s-l225.jpg,https://www.ebay.com/itm/117046777755?_skw=Flareon+136+Scarlet+and+Violet+151+Pokemon+card&var=417111955613&hash=item1b4088179b:g:Le4AAeSwEdRpmtCj,MATCHER_HUMAN_DISAGREEMENT,PENDING_SECOND_REVIEW
D2-0929,cdfc0223-40ef-4e4b-a9f2-3a809ae1c3df,Flareon,Scarlet and Violet 151,136,rare,FLAREON 136/165 SCARLET AND VIOLET 151 POKEMON TCG,Ungraded,https://i.ebayimg.com/images/g/5sAAAeSwLrFpTzSO/s-l225.jpg,https://www.ebay.com/itm/137452362846?_skw=Flareon+136+Scarlet+and+Violet+151+Pokemon+card&hash=item2000cc9c5e:g:5sAAAeSwLrFpTzSO,MATCHER_HUMAN_DISAGREEMENT,PENDING_SECOND_REVIEW
D2-0953,d12a209b-06a3-4b46-82d3-a374e6bbe7b4,Grafaiai,Paldea Evolved,223,illustration_rare,Pokemon SV2 Paldea Evolved NM YouPICK! 1-278 Reverse Holo RH ex IR FA SIR HR,Ungraded,https://i.ebayimg.com/images/g/peYAAOSwzoNoCGh5/s-l225.jpg,https://www.ebay.com/itm/334903449758?_skw=Grafaiai+223+Paldea+Evolved+Pokemon+card&hash=item4df9cd189e:g:peYAAOSwzoNoCGh5,MATCHER_HUMAN_DISAGREEMENT,PENDING_SECOND_REVIEW
D2-0981,e26de7b7-434e-4bec-8fc2-fb15b971b1a7,Jamming Tower,Ascended Heroes,261,ultra_rare,Jamming Tower 261/217 SIR Pokemon TCG Ascended Heroes Special Illustration Rare,Ungraded,https://i.ebayimg.com/images/g/AgAAAeSw0Hxqhm8M/s-l225.jpg,https://www.ebay.com/itm/137641701279?_skw=Jamming+Tower+261+Ascended+Heroes+Pokemon+card&hash=item200c15af9f:g:AgAAAeSw0Hxqhm8M,MATCHER_HUMAN_DISAGREEMENT,PENDING_SECOND_REVIEW
D2-0999,ec8fec81-b57d-442a-baf0-91882c40de6e,Team Rocket's Giovanni,Ascended Heroes,204,uncommon,Team Rocket's Giovanni ME: Ascended Heroes 204/217 NM Pokemon,Ungraded,https://i.ebayimg.com/images/g/E-oAAeSwq3hqn0oM/s-l225.jpg,https://www.ebay.com/itm/117373210746?_skw=Team+Rocket%27s+Giovanni+204+Ascended+Heroes+Pokemon+card&hash=item1b53fd107a:g:E-oAAeSwq3hqn0oM,MATCHER_HUMAN_DISAGREEMENT,PENDING_SECOND_REVIEW
D2-1001,ec8fec81-b57d-442a-baf0-91882c40de6e,Team Rocket's Giovanni,Ascended Heroes,204,uncommon,Team Rocket's Giovanni 204/217 Reverse Holo Pokemon ME: Ascended Heroes NM,Ungraded,https://i.ebayimg.com/images/g/R0cAAeSw6oxqFLS8/s-l225.jpg,https://www.ebay.com/itm/137344835623?_skw=Team+Rocket%27s+Giovanni+204+Ascended+Heroes+Pokemon+card&hash=item1ffa63e027:g:R0cAAeSw6oxqFLS8,MATCHER_HUMAN_DISAGREEMENT,PENDING_SECOND_REVIEW
D2-1002,ec8fec81-b57d-442a-baf0-91882c40de6e,Team Rocket's Giovanni,Ascended Heroes,204,uncommon,Team Rocket's Giovanni 204/217 Reverse Holo Pokemon ME: Ascended Heroes NM,Ungraded,https://i.ebayimg.com/images/g/5E0AAeSwzvpqGNn3/s-l225.jpg,https://www.ebay.com/itm/137355760263?_skw=Team+Rocket%27s+Giovanni+204+Ascended+Heroes+Pokemon+card&hash=item1ffb0a9287:g:5E0AAeSwzvpqGNn3,DIFFICULT_VARIANT,PENDING_SECOND_REVIEW
D2-1005,ec8fec81-b57d-442a-baf0-91882c40de6e,Team Rocket's Giovanni,Ascended Heroes,204,uncommon,Team Rocket's Giovanni 204/217 - Reverse Holo Ascended Heroes Uncommon - NM -,Ungraded,https://i.ebayimg.com/images/g/zcAAAeSwHQBqjmAC/s-l225.jpg,https://www.ebay.com/itm/158224475301?_skw=Team+Rocket%27s+Giovanni+204+Ascended+Heroes+Pokemon+card&hash=item24d6e9e4a5:g:zcAAAeSwHQBqjmAC,DIFFICULT_VARIANT,PENDING_SECOND_REVIEW
D2-1007,ecfe51fb-3435-4e1c-8542-8809cd6f95ff,Coalossal,Temporal Forces,95,uncommon,Coalossal 95/162 Reverse Holo | Temporal Forces | Pokemon Card,Ungraded,https://i.ebayimg.com/images/g/rPoAAOSwAQBmKfp5/s-l225.jpg,https://www.ebay.com/itm/226085555710?_skw=Coalossal+95+Temporal+Forces+Pokemon+card&hash=item34a3bfcdfe:g:rPoAAOSwAQBmKfp5&amdata=enc%3AAQALAAABAACCtXRWQnOEpyOqnQQ8KGZAzNJxjMsDIF5EN%2FkrVJOM5JFGLTFsD4W2%2FCIfm7x%2FERKcr4Bzi1nUNWzk8SVf%2F1dzhaO2MK7C%2B6lUVkWXz2BKn0x2SdxCaArOoU%2BsvNS1ZMTJo8M5CHp9J%2FsO2gDeIkWESVHVLkZNvu%2Bhp%2BN0L0nbtaP6KvARuHQ%2FBOlpkzqyXHdf3Eao53biIVzcPq3U9UUnyra2z3%2F5qu9OgJx0Rgc3OuRiFCwhQIb7KCFkyLJhiuDxynDFFIwPgK%2BxOZ1hnBitdSCtJmsCO5Nyc%2Ba50%2FfnY%2B1AJIDRI1hZl3kaSeoTykgynPQd%2BkSJ3KwR87bHN%2FA%3D,DIFFICULT_VARIANT,PENDING_SECOND_REVIEW
D2-1008,ecfe51fb-3435-4e1c-8542-8809cd6f95ff,Coalossal,Temporal Forces,95,uncommon,Coalossal 95/162 Uncommon | Temporal Forces | Pokemon Card,Ungraded,https://i.ebayimg.com/images/g/iocAAOSwfQBmFnAL/s-l225.jpg,https://www.ebay.com/itm/226085558399?_skw=Coalossal+95+Temporal+Forces+Pokemon+card&hash=item34a3bfd87f:g:iocAAOSwfQBmFnAL&amdata=enc%3AAQALAAABAACCtXRWQnOEpyOqnQQ8KGYSKj3KZs6s6UcUFaefFWm%2BFs4LyOog7D9q7R288Qdmcb%2Bn0fjpDcnVjd4OhLtwrNTfp9c7o%2F8CLDiSqq2OLgcLxXy6ahEtL1fka5Z7%2FsuANTJIDF1peGDj5GvP3G3%2FqwxzGnmRK3OKZoNm7eNH3Dy3RK506%2Fdu8eoBNr06wDMZcqzY4LshaOOB8ikb9bunvwvEefj3MXcQiRUCUKEjmJ64MT%2BaJzTFJ19nVkfIuNGiKUrM%2BHRZHoV515PXecy0dDi9KCepLUnmfcJc9VTPSbvdMpBrVMnvLvwTz2%2FYUJ45ZbACfnD%2FSHKccRFGUVZleOI%3D,MATCHER_HUMAN_DISAGREEMENT,PENDING_SECOND_REVIEW
D2-1011,ecfe51fb-3435-4e1c-8542-8809cd6f95ff,Coalossal,Temporal Forces,95,uncommon,Coalossal 095/162 UC Temporal Forces NM Pokemon,Ungraded,https://i.ebayimg.com/images/g/4FYAAeSwSfhqIld2/s-l225.jpg,https://www.ebay.com/itm/117232445201?_skw=Coalossal+95+Temporal+Forces+Pokemon+card&hash=item1b4b992711:g:4FYAAeSwSfhqIld2,MATCHER_HUMAN_DISAGREEMENT,PENDING_SECOND_REVIEW
D2-1013,ecfe51fb-3435-4e1c-8542-8809cd6f95ff,Coalossal,Temporal Forces,95,uncommon,Pokemon TCG: SV05 Temporal Forces /162 You Pick (2 Card Minimum),Ungraded,https://i.ebayimg.com/images/g/NpEAAeSwjQxojde8/s-l225.jpg,https://www.ebay.com/itm/136259945601?_skw=Coalossal+95+Temporal+Forces+Pokemon+card&hash=item1fb9b9c481:g:NpEAAeSwjQxojde8,MATCHER_HUMAN_DISAGREEMENT,PENDING_SECOND_REVIEW
D2-1017,ecfe51fb-3435-4e1c-8542-8809cd6f95ff,Coalossal,Temporal Forces,95,uncommon,Coalossal 095/162 Temporal Forces,Ungraded,https://i.ebayimg.com/images/g/8ZkAAOSwVcxn6JUR/s-l225.jpg,https://www.ebay.com/itm/127026589174?_skw=Coalossal+95+Temporal+Forces+Pokemon+card&hash=item1d935fedf6:g:8ZkAAOSwVcxn6JUR,MATCHER_HUMAN_DISAGREEMENT,PENDING_SECOND_REVIEW
D2-1018,ecfe51fb-3435-4e1c-8542-8809cd6f95ff,Coalossal,Temporal Forces,95,uncommon,Coalossal - 095/162 - Temporal Forces Pokemon 2024,Ungraded,https://i.ebayimg.com/images/g/igUAAeSwwFFpiPVN/s-l225.jpg,https://www.ebay.com/itm/127673636567?_skw=Coalossal+95+Temporal+Forces+Pokemon+card&hash=item1db9f116d7:g:igUAAeSwwFFpiPVN,MATCHER_HUMAN_DISAGREEMENT,PENDING_SECOND_REVIEW
D2-1039,fd225f1d-3765-4209-a5ec-42caf35933b0,Team Rocket's Nidoking ex,Destined Rivals,233,special_illustration_rare,Team Rocket's Nidoking Ex #233/182 NM/M Pokemon Card | Multiple Available,Ungraded,https://i.ebayimg.com/images/g/cxMAAeSwXm5qmwvP/s-l225.jpg,https://www.ebay.com/itm/147550187321?_skw=Team+Rocket%27s+Nidoking+ex+233+Destined+Rivals+Pokemon+card&hash=item225aad2f39:g:cxMAAeSwXm5qmwvP,MATCHER_HUMAN_DISAGREEMENT,PENDING_SECOND_REVIEW
D2-1041,fd225f1d-3765-4209-a5ec-42caf35933b0,Team Rocket's Nidoking ex,Destined Rivals,233,special_illustration_rare,Pokémon TCG Team Rocket's Nidoking ex 233/182 Double Rare Holo Full Art Sv10,Ungraded,https://i.ebayimg.com/images/g/FasAAeSwWkZqlHdu/s-l225.jpg,https://www.ebay.com/itm/407181207787?_skw=Team+Rocket%27s+Nidoking+ex+233+Destined+Rivals+Pokemon+card&hash=item5ecde428eb:g:FasAAeSwWkZqlHdu,MATCHER_HUMAN_DISAGREEMENT,PENDING_SECOND_REVIEW
D2-1045,fd225f1d-3765-4209-a5ec-42caf35933b0,Team Rocket's Nidoking ex,Destined Rivals,233,special_illustration_rare,Pokémon TCG Team Rockets Nidoking EX 233/182 Sir Destined Rivals,Ungraded,https://i.ebayimg.com/images/g/7TIAAeSww5NqfO3R/s-l225.jpg,https://www.ebay.com/itm/158181696281?_skw=Team+Rocket%27s+Nidoking+ex+233+Destined+Rivals+Pokemon+card&hash=item24d45d2319:g:7TIAAeSww5NqfO3R,MATCHER_HUMAN_DISAGREEMENT,PENDING_SECOND_REVIEW
D2-1046,fd225f1d-3765-4209-a5ec-42caf35933b0,Team Rocket's Nidoking ex,Destined Rivals,233,special_illustration_rare,Pokémon Team Rockets Nidoking 233/182 SIR Destined Rivals Gem Mint 10 Contender,Ungraded,https://i.ebayimg.com/images/g/B-oAAeSw5RdqmS5m/s-l225.jpg,https://www.ebay.com/itm/267780146806?_skw=Team+Rocket%27s+Nidoking+ex+233+Destined+Rivals+Pokemon+card&hash=item3e58f0c676:g:B-oAAeSw5RdqmS5m,MATCHER_HUMAN_DISAGREEMENT,PENDING_SECOND_REVIEW
D2-0010,018c983e-b1d0-41df-880e-ebf3f2e2fb12,Penny,Scarlet and Violet Base Set,252,special_illustration_rare,Pokemon Scarlet & Violet Base Set | Choose Your Card! | Reverse Holo/Holo,Ungraded,https://i.ebayimg.com/images/g/8YkAAOSwLMNoM-Z4/s-l225.jpg,https://www.ebay.com/itm/156318673773?_skw=Penny+252+Scarlet+and+Violet+Base+Set+Pokemon+card&var=458146516333&hash=item246551ab6d:g:8YkAAOSwLMNoM-Z4,VALIDATION_EXACT_NOT_HIGH,PENDING_SECOND_REVIEW
D2-0035,0b81872e-b089-49e9-aec3-16a535b12efb,Haxorus,Black Bolt,147,illustration_rare,The Pokémon Company Haxorus 97/99 Next Destinies Holo Rare Holo English 170 HP ,Ungraded,https://i.ebayimg.com/images/g/f20AAeSwPgVqj--H/s-l225.jpg,https://www.ebay.com/itm/318785846842?_skw=Haxorus+147+Black+Bolt+Pokemon+card&hash=item4a391dfe3a:g:f20AAeSwPgVqj--H,VALIDATION_EXACT_NOT_HIGH,PENDING_SECOND_REVIEW
D2-0081,147a436d-4ccc-43d1-b19a-20b74d2ff723,Carmine,Twilight Masquerade,217,special_illustration_rare,Pokemon SV06 Twilight Masquerade NM YouPICK! 1-226 Reverse Holo RH ex IR FA SIR,Ungraded,https://i.ebayimg.com/images/g/goIAAeSwTUtoag4P/s-l225.jpg,https://www.ebay.com/itm/335404297764?_skw=Carmine+217+Twilight+Masquerade+Pokemon+card&var=545588121018&hash=item4e17a76e24:g:goIAAeSwTUtoag4P,VALIDATION_EXACT_NOT_HIGH,PENDING_SECOND_REVIEW
D2-0111,15faf94c-4a3b-4f09-a867-f2ded1174419,Veluza,Paradox Rift,192,illustration_rare,Veluza Paradox Rift Illustration,Ungraded,https://i.ebayimg.com/images/g/LvgAAeSwrj5qnlKA/s-l225.jpg,https://www.ebay.com/itm/168670201178?_skw=Veluza+192+Paradox+Rift+Pokemon+card&hash=item274587055a:g:LvgAAeSwrj5qnlKA,VALIDATION_EXACT_NOT_HIGH,PENDING_SECOND_REVIEW
D2-0126,209f02db-d953-4dde-bbd6-0822671fe1d1,Oshawott,White Flare,105,illustration_rare,Oshawatt Illustration 105/086 SV White Flare Edition,Ungraded,https://i.ebayimg.com/images/g/pbUAAeSw1uFqYrPh/s-l225.jpg,https://www.ebay.com/itm/800643416437?_skw=Oshawott+105+White+Flare+Pokemon+card&hash=itemba6a110175:g:pbUAAeSw1uFqYrPh,VALIDATION_EXACT_NOT_HIGH,PENDING_SECOND_REVIEW
D2-0187,25638dbd-2434-4a4f-ba0d-dcf3e3e114ca,Clemont's Quick Wit,Surging Sparks,243,special_illustration_rare,Clemonts Quick Wit 243/191 SSP Surging Sparks NM Special Illustration Rare Card,Ungraded,https://i.ebayimg.com/images/g/jHQAAeSwJrVqSHno/s-l225.jpg,https://www.ebay.com/itm/178280209974?_skw=Clemont%27s+Quick+Wit+243+Surging+Sparks+Pokemon+card&hash=item2982541e36:g:jHQAAeSwJrVqSHno,VALIDATION_EXACT_NOT_HIGH,PENDING_SECOND_REVIEW
D2-0206,2a67a99c-dbba-4c41-846c-39ed4659c916,Grubbin,Temporal Forces,18,common,Grubbin ( 18) Temporal Forces - Common Pokemon Card,Ungraded,https://i.ebayimg.com/images/g/UucAAeSw6o5qnBOs/s-l225.jpg,https://www.ebay.com/itm/188889578063?_skw=Grubbin+18+Temporal+Forces+Pokemon+card&hash=item2bfab23a4f:g:UucAAeSw6o5qnBOs,VALIDATION_EXACT_NOT_HIGH,PENDING_SECOND_REVIEW
D2-0247,2cef0dfb-a5fd-4aed-b8ae-34a82f414587,Reshiram ex,White Flare,166,special_illustration_rare,White Flare Pokemon Cards! Holo/Reverse Holo Rare Illustration Full Art SIR Card,Ungraded,https://i.ebayimg.com/images/g/n7QAAeSw9VNoonzm/s-l225.jpg,https://www.ebay.com/itm/157217521409?_skw=Reshiram+ex+166+White+Flare+Pokemon+card&var=458745866837&hash=item249ae4ff01:g:n7QAAeSw9VNoonzm,VALIDATION_EXACT_NOT_HIGH,PENDING_SECOND_REVIEW
D2-0264,2e5780f8-1769-4d26-9e3e-87e4a27d4dfe,Dachsbun ex,Stellar Crown,169,special_illustration_rare,pokemon cards ex dachsbun,Ungraded,https://i.ebayimg.com/images/g/1eYAAeSwdbtqXC-W/s-l225.jpg,https://www.ebay.com/itm/178323484865?_skw=Dachsbun+ex+169+Stellar+Crown+Pokemon+card&hash=item2984e870c1:g:1eYAAeSwdbtqXC-W,VALIDATION_EXACT_NOT_HIGH,PENDING_SECOND_REVIEW
D2-0275,301185dd-2bde-4699-80bd-8b2a3cfd8f7f,Pikachu ex,Ascended Heroes,276,special_illustration_rare,🌲 Pikachu ex #278/217 Special Illustration Rare Ascended Heroes NM Pokemon Card,Ungraded,https://i.ebayimg.com/images/g/fvsAAeSwpN5qnMF5/s-l225.jpg,https://www.ebay.com/itm/336780810100?_skw=Pikachu+ex+276+Ascended+Heroes+Pokemon+card&hash=item4e69b35774:g:fvsAAeSwpN5qnMF5&amdata=enc%3AAQALAAABEACCtXRWQnOEpyOqnQQ8KGZBboY8H899th44MqeR1xLw8gMOvv2n32TmasF6%2FytvdycpZzmea%2BflLeVz5VAB2AHX6pmUCKK10L6asRMoPQjMpsJIdCjbBZP5KZF01YIg6S739P0tCMTb4k6weUvQ6IV36WbBgMbROxyWWB%2BsyrRaXlGD9ibEf5F0KT105ldet8n9Vp9HuFqbS2zT5NCntVQctBNz1QQkxTDbcCzPzy7xanPAZvD%2FBf4LTyc3fKg7WZSqXbkr7Qk7ni0euPUKMUjOZvTm1KC99noW6cBlnoMI%2FgAZFr0thDYwY2496RSWqaK6MCmfRrYocfOfJ%2Bg00YwH7eU4pE5ErV2y9N5h69qc,VALIDATION_EXACT_NOT_HIGH,PENDING_SECOND_REVIEW
D2-0281,301185dd-2bde-4699-80bd-8b2a3cfd8f7f,Pikachu ex,Ascended Heroes,276,special_illustration_rare,Pikachu EX 276/212 Premium Custom Gold Metal Pokemon Card Collectible,Ungraded,https://i.ebayimg.com/images/g/EuoAAeSwPb5qKgyJ/s-l225.jpg,https://www.ebay.com/itm/127915356687?_skw=Pikachu+ex+276+Ascended+Heroes+Pokemon+card&hash=item1dc859720f:g:EuoAAeSwPb5qKgyJ,VALIDATION_EXACT_NOT_HIGH,PENDING_SECOND_REVIEW
D2-0309,33dca102-b449-4da6-bfa6-7b72de711596,Charizard ex,Paldean Fates,234,special_illustration_rare,2024 Pokemon Paldean Fates Charizard ex Full Art #234/091,Ungraded,https://i.ebayimg.com/images/g/18cAAeSw~gJqm1CO/s-l225.jpg,https://www.ebay.com/itm/128062508437?_skw=Charizard+ex+234+Paldean+Fates+Pokemon+card&hash=item1dd11ecd95:g:18cAAeSw~gJqm1CO,VALIDATION_EXACT_NOT_HIGH,PENDING_SECOND_REVIEW
D2-0337,3b5294d0-4738-4296-952e-f32b2788e3c4,Sunflora,Twilight Masquerade,169,illustration_rare,Pokemon SV06 Twilight Masquerade NM YouPICK! 1-226 Reverse Holo RH ex IR FA SIR,Ungraded,https://i.ebayimg.com/images/g/uxMAAOSwq2ZmYTnP/s-l225.jpg,https://www.ebay.com/itm/335404297764?_skw=Sunflora+169+Twilight+Masquerade+Pokemon+card&hash=item4e17a76e24:g:uxMAAOSwq2ZmYTnP,VALIDATION_EXACT_NOT_HIGH,PENDING_SECOND_REVIEW
D2-0357,3baf2f12-759f-427a-b8d0-2511e639310f,Mega Gardevoir ex,Mega Evolution,187,mega_hyper_rare,Mega Gardevoir EX 187/132 Gold Secret Pokemon TCG Card/ Never Played/Near Mint,Ungraded,https://i.ebayimg.com/images/g/vJYAAeSwN4JpbUU6/s-l225.jpg,https://www.ebay.com/itm/406614117501?_skw=Mega+Gardevoir+ex+187+Mega+Evolution+Pokemon+card&hash=item5eac170c7d:g:vJYAAeSwN4JpbUU6&amdata=enc%3AAQALAAABEACCtXRWQnOEpyOqnQQ8KGasRea2preA9SBFmMQFcHp0mua4e0xXSTzl43At2Wk4mZ8J9ydr%2B9VNQAbupfVZ0sBGQkaZ4Zud27IUtmYF%2FO0Q5QtLSb%2F49gRWC%2FuakChv7a%2BoF3sQAg%2FXZj4DEwuxWDxAGbEr7FILjhic4LGhHu8YW%2FzU0QAH%2Fmj7NtrIV47hEe7Gl2CVuYPNSlO25Kqbh1D1%2BSl6Vkc5GJFd8iDrn8wGM5DnfsNeFOIV7CY%2BppRwkk7%2B%2FD8w%2FGvyUrEV%2FqHF%2BNJN7LCKCq8kXrM%2FZ8zy8zXoifrEvfdNpmC19VGB0zuWFsFgzgVNtNX%2F0zIlQ0YYtOKMH6mpjxE7kFufsdSjuXQp,VALIDATION_EXACT_NOT_HIGH,PENDING_SECOND_REVIEW
D2-0367,3c75f577-62ee-4bdf-865c-ab2384f4379b,Mega Charizard Y ex,Ascended Heroes,294,mega_hyper_rare,Mega Charizard Y EX 294217 Gold Mega Hyper Rare Ascended Heroes Mega G2U,Ungraded,https://i.ebayimg.com/images/g/Lr8AAeSw1KlqcM4P/s-l225.jpg,https://www.ebay.com/itm/178370668021?_skw=Mega+Charizard+Y+ex+294+Ascended+Heroes+Pokemon+card&hash=item2987b865f5:g:Lr8AAeSw1KlqcM4P&amdata=enc%3AAQALAAABEACCtXRWQnOEpyOqnQQ8KGYopIBT60bERx5OaXuuWaq7LAKAbde%2B4jSo86D7Kip6G%2FAuInfthrcZHpsgDYneQsMmrR6fiSAg%2FZ9APfkRfddkkFujaC1C4RC0xOsulyVQiiYfRlcRtvJ3b7jo92nK6C8ckJ%2BrJOqhq31%2FxZpI0qT4zzvL557hyYUIUbcP5KxueZl3jNvoZD5z%2FT8IDGtbAjoSbWypSiJRJ%2Fa%2BL21k1orwSntR9EyRb%2F4DY1sEKnrmEj63s7%2BNo8MEd5zD92WeN13KsSv7bsS%2FnX1%2BCGzqLaf2TEsdiN5Y3iqGv%2FbeqMmOwPB8XU1aWHYcCuNa61Wc4BvsliwOOO5NPvTLxxy5D38s,VALIDATION_EXACT_NOT_HIGH,PENDING_SECOND_REVIEW
D2-0397,4299cd6b-98e3-4e65-865f-26a39b19fe5b,Durant ex,Surging Sparks,236,special_illustration_rare,P0KEMAN SURGING SPARKS DURANT EX,Ungraded,https://i.ebayimg.com/images/g/uiMAAeSw1bNqX9KI/s-l225.jpg,https://www.ebay.com/itm/377360035587?_skw=Durant+ex+236+Surging+Sparks+Pokemon+card&hash=item57dc692f03:g:uiMAAeSw1bNqX9KI&amdata=enc%3AAQALAAABEACCtXRWQnOEpyOqnQQ8KGZI1yJf5i%2B7q05%2BDEp%2F4y7eFRsClPh5%2F6YyuoVAJQhYX5kCZB5x3tTqf9Xya7N5KL5NovRq44IiQXp1WaFKX4%2Buz6d0ypRsm%2F5vmJydCvF46GGqzNRHmjC%2BboW0u19I4fcD8D8ODK0%2Bdn6Hz6Y9dxRQyIcDBVnToPR%2F7XA8h3hbreUcLtE6YyeBVxU%2BideDUSTJWQXvR%2FsZo8h%2B1g%2B5UwpaE243FQaA9%2BkfB14tZM%2Ff1gOUVg4It792uyvJUtWw7jhXZslctkCqRn%2BuufFHKxEAAG9aSKBEQ6e%2BIfzSAnSXCUyW5KnYY%2FJRddtbdnPK026ZVtotULyIYrvjR%2BgD%2B4Ow,VALIDATION_EXACT_NOT_HIGH,PENDING_SECOND_REVIEW
D2-0400,4299cd6b-98e3-4e65-865f-26a39b19fe5b,Durant ex,Surging Sparks,236,special_illustration_rare,Pokemon SV08 Surging Sparks NM YouPICK! 1-252 Reverse Holo RH ex IR FA SIR HR,Ungraded,https://i.ebayimg.com/images/g/nxoAAOSwElJoAcDY/s-l225.jpg,https://www.ebay.com/itm/335662210469?_skw=Durant+ex+236+Surging+Sparks+Pokemon+card&hash=item4e2706dda5:g:nxoAAOSwElJoAcDY,VALIDATION_EXACT_NOT_HIGH,PENDING_SECOND_REVIEW
D2-0407,50f67b41-059d-4c14-842f-8b48fba46bc2,Lt. Surge's Bargain,Mega Evolution,120,uncommon,Pokemon Lt. Surge's Bargain (120/189) Mega Evolution NM,Ungraded,https://i.ebayimg.com/images/g/Du8AAeSwVplo567J/s-l225.jpg,https://www.ebay.com/itm/127421746135?_skw=Lt.+Surge%27s+Bargain+120+Mega+Evolution+Pokemon+card&hash=item1daaed8bd7:g:Du8AAeSwVplo567J,VALIDATION_EXACT_NOT_HIGH,PENDING_SECOND_REVIEW
D2-0410,50f67b41-059d-4c14-842f-8b48fba46bc2,Lt. Surge's Bargain,Mega Evolution,120,uncommon,Pokemon TCG: ME: 01 Mega Evolution /132 You Pick (2 Card Minimum) ,Ungraded,https://i.ebayimg.com/images/g/pMIAAeSw4VRpISC~/s-l225.jpg,https://www.ebay.com/itm/136799794887?_skw=Lt.+Surge%27s+Bargain+120+Mega+Evolution+Pokemon+card&hash=item1fd9e736c7:g:pMIAAeSw4VRpISC~,VALIDATION_EXACT_NOT_HIGH,PENDING_SECOND_REVIEW
D2-0414,50f67b41-059d-4c14-842f-8b48fba46bc2,Lt. Surge's Bargain,Mega Evolution,120,uncommon,Lt. Surge's Bargain 120/132 Uncommon Mega Evolution Pokemon Near Mint,Ungraded,https://i.ebayimg.com/images/g/~2wAAeSwHGpqon-T/s-l225.jpg,https://www.ebay.com/itm/128072043491?_skw=Lt.+Surge%27s+Bargain+120+Mega+Evolution+Pokemon+card&hash=item1dd1b04be3:g:~2wAAeSwHGpqon-T,VALIDATION_EXACT_NOT_HIGH,PENDING_SECOND_REVIEW
D2-0438,55096ab6-1773-47c4-bbff-20c1db011223,Victini,Black Bolt,171,rare,Victini SV: Black Bolt 171/086 Black White Rare Pokemon card,Ungraded,https://i.ebayimg.com/images/g/HvUAAeSwbr9qlcz2/s-l225.jpg,https://www.ebay.com/itm/158243638792?_skw=Victini+171+Black+Bolt+Pokemon+card&hash=item24d80e4e08:g:HvUAAeSwbr9qlcz2,VALIDATION_EXACT_NOT_HIGH,PENDING_SECOND_REVIEW
D2-0444,55096ab6-1773-47c4-bbff-20c1db011223,Victini,Black Bolt,171,rare,Victini 172/086 Sv: WHT EN /White Flare Holo,Ungraded,https://i.ebayimg.com/images/g/GxoAAeSwXyBqf-i9/s-l225.jpg,https://www.ebay.com/itm/158190067274?_skw=Victini+171+Black+Bolt+Pokemon+card&hash=item24d4dcde4a:g:GxoAAeSwXyBqf-i9&amdata=enc%3AAQALAAABAACCtXRWQnOEpyOqnQQ8KGb%2FPkvRscTkymmYCafhCbMo%2BzoM003BHOiVxdo8t%2FCbP1yE1IluadAnIZYkcUw3MSCydkzMZ2KgKwlqQx3yDTy0yyxN0mAYTUEexb0rHqJUHv4U1qqK%2BOJ4guUGor0Tdh5ODo%2F0KcxeouVeeYVNel9SLDqcgP3t9Z1sFAGJs9NhZMD51MxWDY7IJtiL0rkfqA59yIXZNR3jtr%2B5s%2FrMfL3WANpzUMFX7Z%2BZur91QGXQ%2BmEX5OzGjX%2FizSJCpIj%2BUDkt3G1McnhPYcxyYaXxQGgBc5O3IUXG%2BAHzolYOKp%2FmRErFBfZT4WguZnFuLWoetKs%3D,VALIDATION_EXACT_NOT_HIGH,PENDING_SECOND_REVIEW
D2-0469,605a2c1a-6a14-463e-b1e2-b55cd9c16244,Krookodile,Black Bolt,137,illustration_rare,The Pokémon Company Pokemon TCG Krookodile Full Art Holo English 137/162 170HP,Ungraded,https://i.ebayimg.com/images/g/iRQAAeSwX4xqi06B/s-l225.jpg,https://www.ebay.com/itm/398316668273?_skw=Krookodile+137+Black+Bolt+Pokemon+card&hash=item5cbd860571:g:iRQAAeSwX4xqi06B,VALIDATION_EXACT_NOT_HIGH,PENDING_SECOND_REVIEW
D2-0488,640cd931-d97f-4173-ad9d-3ab86f91d92c,Pecharunt ex,Shrouded Fable,93,special_illustration_rare,"Shrouded Fable You Pick Holo, Reverse Holo,Ex, Foil Energy Cards",Ungraded,https://i.ebayimg.com/images/g/IM0AAeSwA-lo9Kiw/s-l225.jpg,https://www.ebay.com/itm/375624282343?_skw=Pecharunt+ex+93+Shrouded+Fable+Pokemon+card&hash=item5774f3b0e7:g:IM0AAeSwA-lo9Kiw,VALIDATION_EXACT_NOT_HIGH,PENDING_SECOND_REVIEW
D2-0501,64c0404b-826f-493d-9c10-738b2b56eca4,Mega Audino ex,Ascended Heroes,253,ultra_rare,~ESP~ SPANISH Mega Audino ex 253 Ascended Heroes LA Pokemon Card (q2),Ungraded,https://i.ebayimg.com/images/g/QYYAAeSwEu1qmtQ0/s-l225.jpg,https://www.ebay.com/itm/287565218457?_skw=Mega+Audino+ex+253+Ascended+Heroes+Pokemon+card&hash=item42f4390299:g:QYYAAeSwEu1qmtQ0,VALIDATION_EXACT_NOT_HIGH,PENDING_SECOND_REVIEW
D2-0517,67611b34-a7e9-497f-9708-651cc015ca6c,Lillie's Determination,Mega Evolution,184,special_illustration_rare,Mega Evolution Pokémon Cards! Holo/Reverse Holo EX SIR Illustration Rare Card!,Ungraded,https://i.ebayimg.com/images/g/gA8AAeSwBjVo70cw/s-l225.jpg,https://www.ebay.com/itm/157367695863?_skw=Lillie%27s+Determination+184+Mega+Evolution+Pokemon+card&hash=item24a3d879f7:g:gA8AAeSwBjVo70cw,VALIDATION_EXACT_NOT_HIGH,PENDING_SECOND_REVIEW
D2-0533,6a1e2c02-b24d-4001-96f1-8bc2a24d8ccd,Gouging Fire ex,Temporal Forces,204,special_illustration_rare,Pokemon TCG - Temporal Forces: Choose Your Card! - All Holos/Reverse Holos! NM,Ungraded,https://i.ebayimg.com/images/g/vmAAAeSwKO1ptNpQ/s-l225.jpg,https://www.ebay.com/itm/156452864205?_skw=Gouging+Fire+ex+204+Temporal+Forces+Pokemon+card&hash=item246d5140cd:g:vmAAAeSwKO1ptNpQ,VALIDATION_EXACT_NOT_HIGH,PENDING_SECOND_REVIEW
D2-0547,6a2b87e5-f90b-48f4-be30-a77258bee660,Marill,Paldea Evolved,204,illustration_rare,Pokémon TCG Cards Scarlet & Violet Paldea Evolved Marill Illustration Rare,Ungraded,https://i.ebayimg.com/images/g/9usAAeSweCpqHgDw/s-l225.jpg,https://www.ebay.com/itm/298375812323?_skw=Marill+204+Paldea+Evolved+Pokemon+card&hash=item45789594e3:g:9usAAeSweCpqHgDw,VALIDATION_EXACT_NOT_HIGH,PENDING_SECOND_REVIEW
D2-0548,6a2b87e5-f90b-48f4-be30-a77258bee660,Marill,Paldea Evolved,204,illustration_rare,Pokemon Paldea Evolved - Choose Your Card! - Holos/Reverse Holo EX Rare Cards!,Ungraded,https://i.ebayimg.com/images/g/tFEAAeSwTS9oY5-8/s-l225.jpg,https://www.ebay.com/itm/156317227742?_skw=Marill+204+Paldea+Evolved+Pokemon+card&hash=item24653b9ade:g:tFEAAeSwTS9oY5-8,VALIDATION_EXACT_NOT_HIGH,PENDING_SECOND_REVIEW
D2-0559,6a980108-6683-4461-ac9a-c81a27326dee,Team Rocket's Mewtwo ex,Destined Rivals,231,special_illustration_rare,Pokemon TCG Team Rocket's Mewtwo ex 231/182 Rivals Special Illustration NM B,Ungraded,https://i.ebayimg.com/images/g/8LQAAeSw~wRqdMeM/s-l225.jpg,https://www.ebay.com/itm/377399712880?_skw=Team+Rocket%27s+Mewtwo+ex+231+Destined+Rivals+Pokemon+card&hash=item57dec69c70:g:8LQAAeSw~wRqdMeM,VALIDATION_EXACT_NOT_HIGH,PENDING_SECOND_REVIEW
D2-0561,6a980108-6683-4461-ac9a-c81a27326dee,Team Rocket's Mewtwo ex,Destined Rivals,231,special_illustration_rare,Pokémon TCG Destined Rivals Team Rockets Mewtwo EX Card 231/182,Ungraded,https://i.ebayimg.com/images/g/MfIAAeSwTNpqoND-/s-l225.jpg,https://www.ebay.com/itm/178480994351?_skw=Team+Rocket%27s+Mewtwo+ex+231+Destined+Rivals+Pokemon+card&hash=item298e4bd82f:g:MfIAAeSwTNpqoND-,VALIDATION_EXACT_NOT_HIGH,PENDING_SECOND_REVIEW
D2-0571,740ad74c-8c0c-411f-9ec7-2c734210b8f1,Arbok,Temporal Forces,101,common,Arbok 101/162 C Temporal Forces NM Pokemon,Ungraded,https://i.ebayimg.com/images/g/PD4AAeSwqvNqG1aT/s-l225.jpg,https://www.ebay.com/itm/117223656952?_skw=Arbok+101+Temporal+Forces+Pokemon+card&hash=item1b4b130df8:g:PD4AAeSwqvNqG1aT,VALIDATION_EXACT_NOT_HIGH,PENDING_SECOND_REVIEW
D2-0575,740ad74c-8c0c-411f-9ec7-2c734210b8f1,Arbok,Temporal Forces,101,common,Pokemon TCG: SV05 Temporal Forces /162 You Pick (2 Card Minimum),Ungraded,https://i.ebayimg.com/images/g/Hf8AAeSwAjJojd2E/s-l225.jpg,https://www.ebay.com/itm/136259945601?_skw=Arbok+101+Temporal+Forces+Pokemon+card&hash=item1fb9b9c481:g:Hf8AAeSwAjJojd2E,VALIDATION_EXACT_NOT_HIGH,PENDING_SECOND_REVIEW
D2-0591,75720435-3807-46b6-b3da-5e1c53b77822,Mega Darkrai ex,Pitch Black,116,special_illustration_rare,Pokemon TCG Mega Darkrai Ex Ultra Rare Full  116/084,Ungraded,https://i.ebayimg.com/images/g/wMoAAeSwPdNqmsuP/s-l225.jpg,https://www.ebay.com/itm/318848414865?_skw=Mega+Darkrai+ex+116+Pitch+Black+Pokemon+card&hash=item4a3cd8b491:g:wMoAAeSwPdNqmsuP,VALIDATION_EXACT_NOT_HIGH,PENDING_SECOND_REVIEW
D2-0592,75720435-3807-46b6-b3da-5e1c53b77822,Mega Darkrai ex,Pitch Black,116,special_illustration_rare,"Pokemon Pitch Black  MEGA DARKRAI EX. Near mint, border near perfect.",Ungraded,https://i.ebayimg.com/images/g/rv0AAeSwlcJqbWHi/s-l225.jpg,https://www.ebay.com/itm/236976176219?_skw=Mega+Darkrai+ex+116+Pitch+Black+Pokemon+card&hash=item372ce17c5b:g:rv0AAeSwlcJqbWHi,VALIDATION_EXACT_NOT_HIGH,PENDING_SECOND_REVIEW
D2-0596,75720435-3807-46b6-b3da-5e1c53b77822,Mega Darkrai ex,Pitch Black,116,special_illustration_rare,Mega Darkrai #116 Pokemon Card,Ungraded,https://i.ebayimg.com/images/g/zMMAAeSwUXpqi6U5/s-l225.jpg,https://www.ebay.com/itm/820039647227?_skw=Mega+Darkrai+ex+116+Pitch+Black+Pokemon+card&hash=itembeee2bfffb:g:zMMAAeSwUXpqi6U5,VALIDATION_EXACT_NOT_HIGH,PENDING_SECOND_REVIEW
D2-0650,828c0d0d-2ede-4bab-bed4-407cd3cf8662,Mega Gengar ex,Ascended Heroes,284,special_illustration_rare,Mega GENGAR EX 284/217 Pokemon TCG AH God Pack ! Clean ! Minty! Minty!,Ungraded,https://i.ebayimg.com/images/g/AbcAAeSwRslqRpd-/s-l225.jpg,https://www.ebay.com/itm/257600965427?_skw=Mega+Gengar+ex+284+Ascended+Heroes+Pokemon+card&hash=item3bfa36cb33:g:AbcAAeSwRslqRpd-,VALIDATION_EXACT_NOT_HIGH,PENDING_SECOND_REVIEW
D2-0655,828c0d0d-2ede-4bab-bed4-407cd3cf8662,Mega Gengar ex,Ascended Heroes,284,special_illustration_rare,SPANISH Mega Gengar ex SIR Ascended Heroes LA 284 SPECIAL ILLUSTRATION RARE,Ungraded,https://i.ebayimg.com/images/g/ta0AAeSw4NdqYnts/s-l225.jpg,https://www.ebay.com/itm/336704892811?_skw=Mega+Gengar+ex+284+Ascended+Heroes+Pokemon+card&hash=item4e652cef8b:g:ta0AAeSw4NdqYnts,VALIDATION_EXACT_NOT_HIGH,PENDING_SECOND_REVIEW
D2-0666,829b12ba-c7f5-4796-9a57-a2a2463c8461,Houndour,Obsidian Flames,204,illustration_rare,Pokemon SV3 Obsidian Flames Reverse Holo - Ultra Rare Single Card 1-230 You PICK,Ungraded,https://i.ebayimg.com/images/g/LXIAAOSwpZJk1oI6/s-l225.jpg,https://www.ebay.com/itm/334985403072?_skw=Houndour+204+Obsidian+Flames+Pokemon+card&hash=item4dfeaf9ac0:g:LXIAAOSwpZJk1oI6,VALIDATION_EXACT_NOT_HIGH,PENDING_SECOND_REVIEW
D2-0679,8a2827bc-48b7-4dfd-b240-501fe24100b9,Bronzor,Temporal Forces,68,common,Bronzor | #68 | TEF | Pokemon | Regular | LP,Ungraded,https://i.ebayimg.com/images/g/SaAAAeSw-4Nqa0r0/s-l225.jpg,https://www.ebay.com/itm/117071817108?_skw=Bronzor+68+Temporal+Forces+Pokemon+card&hash=item1b42062994:g:SaAAAeSw-4Nqa0r0,VALIDATION_EXACT_NOT_HIGH,PENDING_SECOND_REVIEW
D2-0683,8a2827bc-48b7-4dfd-b240-501fe24100b9,Bronzor,Temporal Forces,68,common,Bronzor 068/162 SV05 Temporal Forces C NM Pokémon — English,Ungraded,https://i.ebayimg.com/images/g/3LcAAeSwuVhqjaUE/s-l225.jpg,https://www.ebay.com/itm/137659828143?_skw=Bronzor+68+Temporal+Forces+Pokemon+card&hash=item200d2a47af:g:3LcAAeSwuVhqjaUE,VALIDATION_EXACT_NOT_HIGH,PENDING_SECOND_REVIEW
D2-0684,8a2827bc-48b7-4dfd-b240-501fe24100b9,Bronzor,Temporal Forces,68,common,Bronzor - 068/162 - Temporal Forces - Pokemon Card - Mint/NM,Ungraded,https://i.ebayimg.com/images/g/~usAAeSwcV1oCuhw/s-l225.jpg,https://www.ebay.com/itm/146542540026?_skw=Bronzor+68+Temporal+Forces+Pokemon+card&hash=item221e9db4fa:g:~usAAeSwcV1oCuhw,VALIDATION_EXACT_NOT_HIGH,PENDING_SECOND_REVIEW
D2-0689,8a2827bc-48b7-4dfd-b240-501fe24100b9,Bronzor,Temporal Forces,68,common,2024 Scarlet & Violet Series - Temporal Forces Bronzor Common #68,Ungraded,https://i.ebayimg.com/images/g/-fkAAeSwfRBqY8zi/s-l225.jpg,https://www.ebay.com/itm/158199077022?_skw=Bronzor+68+Temporal+Forces+Pokemon+card&hash=item24d566589e:g:-fkAAeSwfRBqY8zi,VALIDATION_EXACT_NOT_HIGH,PENDING_SECOND_REVIEW
D2-0709,966bcb61-bf43-4cd7-8287-42f4bb9fa76d,Leafeon ex,Prismatic Evolutions,144,special_illustration_rare,Leafeon EX  144/131 PRISMATIC EVOLUTION,Ungraded,https://i.ebayimg.com/images/g/UnYAAOSwTVRnkWR1/s-l225.jpg,https://www.ebay.com/itm/146346586797?_skw=Leafeon+ex+144+Prismatic+Evolutions+Pokemon+card&hash=item2212efb2ad:g:UnYAAOSwTVRnkWR1,VALIDATION_EXACT_NOT_HIGH,PENDING_SECOND_REVIEW
D2-0711,966bcb61-bf43-4cd7-8287-42f4bb9fa76d,Leafeon ex,Prismatic Evolutions,144,special_illustration_rare,Pokemon Prismatic Evolutions: Choose Your Card! Reverse Holo/Holo EX Full Art NM,Ungraded,https://i.ebayimg.com/images/g/fgwAAeSwIl9pLRhg/s-l225.jpg,https://www.ebay.com/itm/156750664346?_skw=Leafeon+ex+144+Prismatic+Evolutions+Pokemon+card&hash=item247f11529a:g:fgwAAeSwIl9pLRhg,VALIDATION_EXACT_NOT_HIGH,PENDING_SECOND_REVIEW
D2-0726,97165c7e-1d85-4962-807e-5661c2115d7d,Furret,Journey Together,168,illustration_rare,Pokemon Furret 168/159 Journey Together Extended Art Custom Case,Ungraded,https://i.ebayimg.com/images/g/aKwAAeSwkBdo3~OH/s-l225.jpg,https://www.ebay.com/itm/226653247489?_skw=Furret+168+Journey+Together+Pokemon+card&hash=item34c5961801:g:aKwAAeSwkBdo3~OH&amdata=enc%3AAQALAAABAACCtXRWQnOEpyOqnQQ8KGaWVieiM%2F8yKaZ9N6QXhtxmXM2wDB0hNqtI0jxkevs2loKy9bTvs5uBv1RrTsACkF6QKYEESHPWhFmPWaCxHyVocioZnjFKxbJO35ZrhdkHCAP9N6hKvtWc1ZaSuIB0RavuXG6Hojtc424h%2F2eRoIKbNdll6%2BydQuHB3E9sLnK6%2BU9peC88mcYxf3gIZE7tWE0IGjwUS1vHTa7HGSiRE%2BLAc6b8mDDydB0mBapjcGvjK6dHxa%2FLKNvW0pqTaTL%2BPCdRZkj%2FGTx7n2WciVX0YXtXm6lYVQTqk3%2BPiMVpSVxDKW0fmY%2B8dlfAXm0XCnbQcqc%3D,VALIDATION_HIGH_FALSE_POSITIVE,PENDING_SECOND_REVIEW
D2-0743,9f323989-e972-4a9e-9e7b-3166e85d0690,Mega Feraligatr ex,Ascended Heroes,274,special_illustration_rare,2026 Mega Feraligatr Ex Ascended Heroes SIR,Ungraded,https://i.ebayimg.com/images/g/HKgAAeSwL3VqnB4Q/s-l225.jpg,https://www.ebay.com/itm/298647828675?_skw=Mega+Feraligatr+ex+274+Ascended+Heroes+Pokemon+card&hash=item4588cc38c3:g:HKgAAeSwL3VqnB4Q&amdata=enc%3AAQALAAABEACCtXRWQnOEpyOqnQQ8KGbhtfxLtp1f0JxLGISZ9JpGvKF%2FCDQGyVVnu%2F%2Bg50RHBR9LsHeLBHPBqvGroAkR%2FOpPsALgskFeCxs8oh2sY2Ygc5d53OMENUsDyGyZ69sH7gxbDsl11%2Br9t9Yg4FwFIsJrlePwuDz8m3a3brdxLJS7%2B%2BySdTJ3aMgFGrUcMqNrDrwC3fApG2KVcsWfZL3LL9fbo6iXQzWXFrVjW0Znkq7VvENDxQ3a7qtlLkujnLOS8J2OSTcmpNo3XFm5kQTKyrbniSZzILAXoX%2BQp0tlFNlFZpl1jBw4g1tz8Xnp9lMoevpJJN%2FlqXbZMjlbFNEXdipjyD3Kf%2FrvMlw6PlZsgAXv,VALIDATION_EXACT_NOT_HIGH,PENDING_SECOND_REVIEW
D2-0754,a3d56338-1f3f-4b99-8920-5d71b8b85737,Pikachu ex,Surging Sparks,247,hyper_rare_gold,Pokemon Pikachu ex [SSPHolofoil - 247/191]NM,Ungraded,https://i.ebayimg.com/images/g/ct4AAeSwUiNqdny2/s-l225.jpg,https://www.ebay.com/itm/358798572941?_skw=Pikachu+ex+247+Surging+Sparks+Pokemon+card&hash=item538a0fbd8d:g:ct4AAeSwUiNqdny2&amdata=enc%3AAQALAAABEACCtXRWQnOEpyOqnQQ8KGbRnT7X26UcB1e4LzX5W1pLiQIb%2BhuyfT57CfWh3nQH%2Bh32fnV4Qzgj1FiknPNw6ILHYS9g3Ko1tPXi2w3N6jwPxDBrtu%2BQQj9qrbH4BMN6ha1BbX9tM0XiYApwaY%2FZm3JhLw538S0ScJn37jo%2Bm%2Bfxmoz60YxJpMtYNQGGoaJE6UWLNuFuzBVpj5G8k4sg%2FLhAUMk3MSwiIEuSeAxkUTe2nIKVRW66s0TI8V4XXQiKifbpSi8SemR0CvGwzF3%2BYFr5s5G3HigDOQZcmyfachtMibb9PpfJQ6J5PiUejE%2FZ3obou4zd0nNMPcmIhWcs06D75Vph7IT1yswkgR6W0Fxs,VALIDATION_EXACT_NOT_HIGH,PENDING_SECOND_REVIEW
D2-0758,a3d56338-1f3f-4b99-8920-5d71b8b85737,Pikachu ex,Surging Sparks,247,hyper_rare_gold,Pikachu ex - 247/191 Pokemon SV08: Surging Sparks SSP Holo Near Mint Korean,Ungraded,https://i.ebayimg.com/images/g/95oAAeSwgwRqjdwc/s-l225.jpg,https://www.ebay.com/itm/287545620836?_skw=Pikachu+ex+247+Surging+Sparks+Pokemon+card&hash=item42f30df964:g:95oAAeSwgwRqjdwc,VALIDATION_EXACT_NOT_HIGH,PENDING_SECOND_REVIEW
D2-0774,a6969678-b361-4b27-bee3-e3cdc127a5e4,Dragapult ex,Prismatic Evolutions,165,special_illustration_rare,Dragapult ex 165/131 Near Mint portuguese NOT ENGLISH,Ungraded,https://i.ebayimg.com/images/g/rboAAeSwGDJqm3Rm/s-l225.jpg,https://www.ebay.com/itm/377471735279?_skw=Dragapult+ex+165+Prismatic+Evolutions+Pokemon+card&hash=item57e31195ef:g:rboAAeSwGDJqm3Rm,VALIDATION_EXACT_NOT_HIGH,PENDING_SECOND_REVIEW
D2-0786,a922341e-4646-470b-95cf-2a59055b18ce,Spidops ex,Scarlet and Violet Base Set,243,special_illustration_rare,Spidops ex 243/198 Scarlet & Violet Pokemon Holo NM,Ungraded,https://i.ebayimg.com/images/g/nv0AAeSwmE9qdqcp/s-l225.jpg,https://www.ebay.com/itm/318695964374?_skw=Spidops+ex+243+Scarlet+and+Violet+Base+Set+Pokemon+card&hash=item4a33c27ed6:g:nv0AAeSwmE9qdqcp&amdata=enc%3AAQALAAABEACCtXRWQnOEpyOqnQQ8KGYfyix--2dupwV4cgNeFC5A%2Blv7SwoIH5p3QsYNH2DnLy4PPz5VxWunNwPrbDpu7L53YWjqRs40xQIsP4t3MW7hqqNRdPnxuBJ5VsNi7hSBwGDj3h7YnuPpyUbQDMNzhQ9eZj8hFyJEPTXZEiLjnrxwOMXEzJNMBFSbqjwXVNDPzuGEtFiQx2bZL0w%2FXL4h0t1RP9x%2BXyPNn0ZxaYMEaITOX1qgJflfwvl7G0MM66A8p%2BYQ4YbaW4Xo1YossxuuBft91aLet7x0y3EZcaVDaP4zX4vx1JDmZ4MIdUnYoBlNJkRxTlPHzcGex9roKygPyk7dkWeXWabXzVJgI%2FsLqSfS,VALIDATION_EXACT_NOT_HIGH,PENDING_SECOND_REVIEW
D2-0799,ae4a6acb-3a88-4547-a165-7a617bfb2ce8,Jolteon ex,Prismatic Evolutions,153,special_illustration_rare,Jolteon Ex 153/131  Prismatic Pokemon Card,Ungraded,https://i.ebayimg.com/images/g/abMAAeSwTgpqmLKS/s-l225.jpg,https://www.ebay.com/itm/198614094138?_skw=Jolteon+ex+153+Prismatic+Evolutions+Pokemon+card&hash=item2e3e52913a:g:abMAAeSwTgpqmLKS,VALIDATION_EXACT_NOT_HIGH,PENDING_SECOND_REVIEW
D2-0802,ae4a6acb-3a88-4547-a165-7a617bfb2ce8,Jolteon ex,Prismatic Evolutions,153,special_illustration_rare,Pokémon TCG Jolteon EX Prismatic Evolutions SIR,Ungraded,https://i.ebayimg.com/images/g/Va4AAeSwl-Zqnz13/s-l225.jpg,https://www.ebay.com/itm/318840664851?_skw=Jolteon+ex+153+Prismatic+Evolutions+Pokemon+card&hash=item4a3c627313:g:Va4AAeSwl-Zqnz13,VALIDATION_EXACT_NOT_HIGH,PENDING_SECOND_REVIEW
D2-0803,ae4a6acb-3a88-4547-a165-7a617bfb2ce8,Jolteon ex,Prismatic Evolutions,153,special_illustration_rare,Pokemon Prismatic Evolutions: Choose Your Card! Reverse Holo/Holo EX Full Art NM,Ungraded,https://i.ebayimg.com/images/g/kugAAeSwHEtoy8EY/s-l225.jpg,https://www.ebay.com/itm/156750664346?_skw=Jolteon+ex+153+Prismatic+Evolutions+Pokemon+card&hash=item247f11529a:g:kugAAeSwHEtoy8EY,VALIDATION_EXACT_NOT_HIGH,PENDING_SECOND_REVIEW
D2-0831,b547c5c3-7082-4a7f-9290-3d569b91b462,Team Rocket's Giovanni,Destined Rivals,225,ultra_rare,Pokémon TCG Team Rockets Giovanni Destined Rivals Card 225/182,Ungraded,https://i.ebayimg.com/images/g/CjsAAeSwhPJqlHdO/s-l225.jpg,https://www.ebay.com/itm/287569609957?_skw=Team+Rocket%27s+Giovanni+225+Destined+Rivals+Pokemon+card&hash=item42f47c04e5:g:CjsAAeSwhPJqlHdO,VALIDATION_HUMAN_AMBIGUOUS,PENDING_SECOND_REVIEW
D2-0858,b801a524-e703-4f4c-ad99-1ec742cf30ec,Bianca's Devotion,Temporal Forces,209,special_illustration_rare,Pokémon TCG Bianca's Devotion Temporal Forces Illustration Rare 209 Gradeable,Ungraded,https://i.ebayimg.com/images/g/IIEAAeSwK8xqZBv4/s-l225.jpg,https://www.ebay.com/itm/117320979571?_skw=Bianca%27s+Devotion+209+Temporal+Forces+Pokemon+card&hash=item1b50e01473:g:IIEAAeSwK8xqZBv4,VALIDATION_EXACT_NOT_HIGH,PENDING_SECOND_REVIEW
D2-0862,b801a524-e703-4f4c-ad99-1ec742cf30ec,Bianca's Devotion,Temporal Forces,209,special_illustration_rare,Pokémon TCG Temporal Forces Bianca's Devotion Holo Card SV05: Trainer,Ungraded,https://i.ebayimg.com/images/g/6doAAeSw6JVqcnnw/s-l225.jpg,https://www.ebay.com/itm/287503885008?_skw=Bianca%27s+Devotion+209+Temporal+Forces+Pokemon+card&hash=item42f09122d0:g:6doAAeSw6JVqcnnw,VALIDATION_EXACT_NOT_HIGH,PENDING_SECOND_REVIEW
D2-0875,bf928dd7-24bc-4e16-bb5e-afb8122c3241,Fidough,Scarlet and Violet Base Set,213,illustration_rare,Pokemon Fidough (213/352) Scarlet & Violet LP HOLO,Ungraded,https://i.ebayimg.com/images/g/ejoAAeSwmOFqO8bb/s-l225.jpg,https://www.ebay.com/itm/147395030566?_skw=Fidough+213+Scarlet+and+Violet+Base+Set+Pokemon+card&hash=item22516dae26:g:ejoAAeSwmOFqO8bb,VALIDATION_EXACT_NOT_HIGH,PENDING_SECOND_REVIEW
D2-0897,c7e36a14-236f-4b93-a4a8-a4be2ddc7193,Mega Lucario ex,Mega Evolution,179,special_illustration_rare,Pokemon Mega Lucario ex 179 /132 Mega Evolution Extended Art Custom Case,Ungraded,https://i.ebayimg.com/images/g/WLMAAeSwE7No1T7I/s-l225.jpg,https://www.ebay.com/itm/226991960832?_skw=Mega+Lucario+ex+179+Mega+Evolution+Pokemon+card&hash=item34d9c67300:g:WLMAAeSwE7No1T7I,VALIDATION_HIGH_FALSE_POSITIVE,PENDING_SECOND_REVIEW
D2-0926,cdfc0223-40ef-4e4b-a9f2-3a809ae1c3df,Flareon,Scarlet and Violet 151,136,rare,FLAREON 136/165 SCARLET AND VIOLET 151 POKEMON TCG,Ungraded,https://i.ebayimg.com/images/g/99MAAeSwLrFpTzdN/s-l225.jpg,https://www.ebay.com/itm/137452362772?_skw=Flareon+136+Scarlet+and+Violet+151+Pokemon+card&hash=item2000cc9c14:g:99MAAeSwLrFpTzdN,VALIDATION_EXACT_NOT_HIGH,PENDING_SECOND_REVIEW
D2-0927,cdfc0223-40ef-4e4b-a9f2-3a809ae1c3df,Flareon,Scarlet and Violet 151,136,rare,FLAREON 136/165 SCARLET AND VIOLET 151 POKEMON TCG,Ungraded,https://i.ebayimg.com/images/g/ARcAAeSwnXtpTzUD/s-l225.jpg,https://www.ebay.com/itm/137452362806?_skw=Flareon+136+Scarlet+and+Violet+151+Pokemon+card&hash=item2000cc9c36:g:ARcAAeSwnXtpTzUD,VALIDATION_EXACT_NOT_HIGH,PENDING_SECOND_REVIEW
D2-0928,cdfc0223-40ef-4e4b-a9f2-3a809ae1c3df,Flareon,Scarlet and Violet 151,136,rare,FLAREON 136/165 SCARLET AND VIOLET 151 POKEMON TCG,Ungraded,https://i.ebayimg.com/images/g/G7IAAeSwFNhpTzbX/s-l225.jpg,https://www.ebay.com/itm/137452362838?_skw=Flareon+136+Scarlet+and+Violet+151+Pokemon+card&hash=item2000cc9c56:g:G7IAAeSwFNhpTzbX,VALIDATION_EXACT_NOT_HIGH,PENDING_SECOND_REVIEW
D2-0952,d12a209b-06a3-4b46-82d3-a374e6bbe7b4,Grafaiai,Paldea Evolved,223,illustration_rare,Pokemon Paldea Evolved - Choose Your Card! - Holos/Reverse Holo EX Rare Cards!,Ungraded,https://i.ebayimg.com/images/g/WdsAAeSwLo5oY5cs/s-l225.jpg,https://www.ebay.com/itm/156317227742?_skw=Grafaiai+223+Paldea+Evolved+Pokemon+card&hash=item24653b9ade:g:WdsAAeSwLo5oY5cs,VALIDATION_EXACT_NOT_HIGH,PENDING_SECOND_REVIEW
D2-0992,ec8fec81-b57d-442a-baf0-91882c40de6e,Team Rocket's Giovanni,Ascended Heroes,204,uncommon,Team Rocket's Giovanni 204/217 Uncommon Ascended Heroes Pokemon Near Mint,Ungraded,https://i.ebayimg.com/images/g/2X0AAeSwZlJqZWfM/s-l225.jpg,https://www.ebay.com/itm/117322320149?_skw=Team+Rocket%27s+Giovanni+204+Ascended+Heroes+Pokemon+card&hash=item1b50f48915:g:2X0AAeSwZlJqZWfM,VALIDATION_EXACT_NOT_HIGH,PENDING_SECOND_REVIEW
D2-1000,ec8fec81-b57d-442a-baf0-91882c40de6e,Team Rocket's Giovanni,Ascended Heroes,204,uncommon,Team Rocket's Giovanni ME: Ascended Heroes 204/217 NM Pokemon,Ungraded,https://i.ebayimg.com/images/g/o3cAAeSwlr9qn0oI/s-l225.jpg,https://www.ebay.com/itm/117378074365?_skw=Team+Rocket%27s+Giovanni+204+Ascended+Heroes+Pokemon+card&hash=item1b544746fd:g:o3cAAeSwlr9qn0oI,VALIDATION_EXACT_NOT_HIGH,PENDING_SECOND_REVIEW
D2-1003,ec8fec81-b57d-442a-baf0-91882c40de6e,Team Rocket's Giovanni,Ascended Heroes,204,uncommon,Team Rocket's Giovanni 204/217 Reverse Holo Pokemon ME: Ascended Heroes NM+,Ungraded,https://i.ebayimg.com/images/g/XLMAAeSw0-1qJCp-/s-l225.jpg,https://www.ebay.com/itm/137385225764?_skw=Team+Rocket%27s+Giovanni+204+Ascended+Heroes+Pokemon+card&hash=item1ffccc2e24:g:XLMAAeSw0-1qJCp-,VALIDATION_EXACT_NOT_HIGH,PENDING_SECOND_REVIEW
D2-1006,ecfe51fb-3435-4e1c-8542-8809cd6f95ff,Coalossal,Temporal Forces,95,uncommon,Pokemon Coalossal (95/224) Temporal Forces LP,Ungraded,https://i.ebayimg.com/images/g/HOgAAOSwtZtmoU1y/s-l225.jpg,https://www.ebay.com/itm/126592028376?_skw=Coalossal+95+Temporal+Forces+Pokemon+card&hash=item1d79790ed8:g:HOgAAOSwtZtmoU1y,VALIDATION_EXACT_NOT_HIGH,PENDING_SECOND_REVIEW
D2-1016,ecfe51fb-3435-4e1c-8542-8809cd6f95ff,Coalossal,Temporal Forces,95,uncommon,Coalossal 095/162 Uncommon Temporal Forces Pokemon Lightly Played,Ungraded,https://i.ebayimg.com/images/g/dXgAAeSw73lqBNum/s-l225.jpg,https://www.ebay.com/itm/147308392035?_skw=Coalossal+95+Temporal+Forces+Pokemon+card&hash=item224c43ae63:g:dXgAAeSw73lqBNum,VALIDATION_EXACT_NOT_HIGH,PENDING_SECOND_REVIEW
D2-1044,fd225f1d-3765-4209-a5ec-42caf35933b0,Team Rocket's Nidoking ex,Destined Rivals,233,special_illustration_rare,Pokemon Cards! Destined Rivals Holo/Reverse Holo EX Ultra Rare SIR Full Art Card,Ungraded,https://i.ebayimg.com/images/g/cZYAAeSwqTBofKLK/s-l225.jpg,https://www.ebay.com/itm/157077521788?_skw=Team+Rocket%27s+Nidoking+ex+233+Destined+Rivals+Pokemon+card&hash=item24928cc57c:g:cZYAAeSwqTBofKLK,VALIDATION_EXACT_NOT_HIGH,PENDING_SECOND_REVIEW
