row_id,listing_item_id,item_url,listing_title,condition,buying_options_json,seller_id,image_url,target_card_name,target_set_name,target_card_number,target_treatment,search_language_term,human_truth_label,human_language_if_known,reviewer_id,label_timestamp,review_note
e2_16_dev_0000,v1|206554381715|0,https://www.ebay.com/itm/206554381715,Arbok 101/162 Common Temporal Forces Pokemon Reverse Holo Near Mint,Ungraded,"[""FIXED_PRICE""]",clipthatchicago,https://i.ebayimg.com/images/g/4WwAAeSw34pqprka/s-l1600.jpg,Arbok,Temporal Forces,101,common,,ENGLISH,,donny,2026-09-16T18:46:42.593293+00:00,
e2_16_dev_0001,v1|117413147442|0,https://www.ebay.com/itm/117413147442,Mega Audino ex 253/217 Ultra Rare Ascended Heroes Pokemon Holo Near Mint,Ungraded,"[""FIXED_PRICE""]",sendittcg,https://i.ebayimg.com/images/g/vfIAAeSw4Z1qqNGu/s-l1600.jpg,Mega Audino ex,Ascended Heroes,253,ultra_rare,,ENGLISH,,donny,2026-09-16T18:46:44.183513+00:00,
e2_16_dev_0002,v1|198580634890|0,https://www.ebay.com/itm/198580634890,Mega Audino ex 253/217 ME: Ascended Heroes Ultra Rare Pokemon Card,Ungraded,"[""FIXED_PRICE""]",mun-6353,https://i.ebayimg.com/images/g/DykAAeSwislqhOMp/s-l1600.jpg,Mega Audino ex,Ascended Heroes,253,ultra_rare,,ENGLISH,,donny,2026-09-16T18:46:45.968285+00:00,
e2_16_dev_0003,v1|287584493672|0,https://www.ebay.com/itm/287584493672,Pokemon TCG Durant ex 236/191 Sv08: Surging Sparks SIR Holo EN 2024,Ungraded,"[""AUCTION""]",crono327,https://i.ebayimg.com/images/g/PygAAeSwjhxqicBp/s-l1600.jpg,Durant ex,Surging Sparks,236,special_illustration_rare,,ENGLISH,,donny,2026-09-16T18:46:47.730937+00:00,
e2_16_dev_0004,v1|235510963188|535690738630,https://www.ebay.com/itm/235510963188?var=535690738630&amdata=enc%3AAQALAAAAoCHNgUiiE%2FjQhlDTaMiAde9XN0h5s9g9LxZgdC2hi5e0zVowFK6PyIDYp0bp5i9kGXK8LzVFbtlHfbaPZ%2BLrjaoaN8DpMENe7f0tuXsxV5ttq77TOKaLIB5EDlPILaCARqsC7BLLVWnC9OvpOipHFPWh%2BGz96zL%2BPKX5o27Y%2F7pM9YptTn9wjNh4Uofq83kBK7yXFHQhAG5vwXnTt6LHypE%3D,🔥Pokemon Temporal Forces Choose your common uncommon Card complete your set PYC,Ungraded,"[""FIXED_PRICE""]",crazycoolcardz,https://i.ebayimg.com/images/g/DBwAAOSw~kRmEw-6/s-l1600.jpg,Coalossal,Temporal Forces,95,uncommon,,UNCERTAIN,,donny,2026-09-16T18:46:49.444088+00:00,
e2_16_dev_0005,v1|407217348345|0,https://www.ebay.com/itm/407217348345,Mega Darkrai ex 116/084 - Special Illustration Rare SIR Pitch Black Pokemon NM,Ungraded,"[""FIXED_PRICE"", ""BEST_OFFER""]",egnitingbreaks,https://i.ebayimg.com/images/g/p1MAAeSwHahqqKqU/s-l1600.jpg,Mega Darkrai ex,Pitch Black,116,special_illustration_rare,,ENGLISH,,donny,2026-09-16T18:46:51.910109+00:00,
e2_16_dev_0006,v1|198644204483|0,https://www.ebay.com/itm/198644204483,Mega Darkai Ex 116/084 SIR Pitch Black,Ungraded,"[""FIXED_PRICE"", ""BEST_OFFER""]",longlakebasshunter,https://i.ebayimg.com/images/g/d2YAAeSw5nNqqcD6/s-l1600.jpg,Mega Darkrai ex,Pitch Black,116,special_illustration_rare,,ENGLISH,,donny,2026-09-16T18:46:53.173094+00:00,
e2_16_dev_0007,v1|318874898203|0,https://www.ebay.com/itm/318874898203,Arbok 101/162 Temporal Forces Common Reverse Holo Pokemon NM/M,Ungraded,"[""FIXED_PRICE"", ""BEST_OFFER""]",strictlytcgshop,https://i.ebayimg.com/images/g/PhIAAeSwJYxqqX2A/s-l1600.jpg,Arbok,Temporal Forces,101,common,,ENGLISH,,donny,2026-09-16T18:46:54.487355+00:00,
e2_16_dev_0008,v1|298674167598|0,https://www.ebay.com/itm/298674167598,Mega Darkrai ex 116/084 Me05: Pitch Black Holo,Ungraded,"[""FIXED_PRICE"", ""BEST_OFFER""]",kjbcollectibles618,https://i.ebayimg.com/images/g/gKcAAeSwkOJqqCD~/s-l1600.jpg,Mega Darkrai ex,Pitch Black,116,special_illustration_rare,,ENGLISH,,donny,2026-09-16T18:46:55.885030+00:00,
e2_16_dev_0009,v1|168691761988|0,https://www.ebay.com/itm/168691761988,Durant EX 236/191 Holo- Pokémon TCG Surging Sparks 2024 Sv:08 English,Ungraded,"[""FIXED_PRICE"", ""BEST_OFFER""]",grw_collectibles,https://i.ebayimg.com/images/g/HqAAAeSwsntqqd31/s-l1600.jpg,Durant ex,Surging Sparks,236,special_illustration_rare,,ENGLISH,,donny,2026-09-16T18:46:57.626673+00:00,
e2_16_dev_0010,v1|206554961016|0,https://www.ebay.com/itm/206554961016,Pokemon TCG Cresselia 071/064 Shrouded Fable Rare Holo Basic HP 120 2024,Ungraded,"[""FIXED_PRICE"", ""BEST_OFFER""]",laycollects,https://i.ebayimg.com/images/g/rVQAAeSwgkJqpxHs/s-l1600.jpg,Cresselia,Shrouded Fable,71,illustration_rare,,ENGLISH,,donny,2026-09-16T18:46:59.220281+00:00,
e2_16_dev_0011,v1|227267417522|526472350351,https://www.ebay.com/itm/227267417522?var=526472350351&amdata=enc%3AAQALAAAAoCHNgUiiE%2FjQhlDTaMiAde8oYQfio2BkpDk0ClXb8X212n2EB5dAA0nrzEM6J2ojoYYFKbe3APXvippb0J52MBo1KDezVAQQPMrPd6iiUHsKzCFWgItrKP2C6ITCmjlz4w7A9Q5L0ZGmnSu0oVA8r5%2BoVg54hRo%2FrfnEZXdRUDHaOhaQUG%2FbxcNhroybdi6sOtZjQHCpxGQRfwmE1GT2JIU%3D,Pokemon Pick Your Temporal Forces Reverse Holo Pokémon Card! Near Mint,Ungraded,"[""FIXED_PRICE""]",origins_collectibles,https://i.ebayimg.com/images/g/yX4AAeSwFWxpv1p~/s-l1600.jpg,Coalossal,Temporal Forces,95,uncommon,,UNCERTAIN,,donny,2026-09-16T18:47:00.758481+00:00,
e2_16_dev_0012,v1|820120073088|0,https://www.ebay.com/itm/820120073088,Pokemon Mega Audino ex Ultra Rare 253/217 ME: Ascended Heroes Holofoil NM,Ungraded,"[""FIXED_PRICE""]",putz_8705,https://i.ebayimg.com/images/g/LVMAAeSw6pdqpfHw/s-l1600.jpg,Mega Audino ex,Ascended Heroes,253,ultra_rare,,ENGLISH,,donny,2026-09-16T18:47:02.395557+00:00,
e2_16_dev_0013,v1|158286251238|0,https://www.ebay.com/itm/158286251238?amdata=enc%3AAQALAAAAoCHNgUiiE%2FjQhlDTaMiAde9bCm%2Bxd%2B6Kdb8XRQU6%2BoSsbrzTrRgzWP2n8Ntf4GdQZmMn2x4%2Bbh87qI5AHRw5cP4rqNSKskDAtG6aJX7nTCg2L%2BKc3AUXBUbbzcvEi%2Fo7vyQwK4iihOWe9N1p%2BiwScTkHKCo9%2F0Fbw%2FAo%2BVWNcfN05AkyAkAX6s%2FkAbWc8MOTsW%2FmiIC5nlmcorjMJ5Nb21g%3D,Cresselia 071/064 Sv: Shrouded Fable Holo,Ungraded,"[""FIXED_PRICE"", ""BEST_OFFER""]",elbod-8523,https://i.ebayimg.com/images/g/ENoAAeSwoFlqpgpN/s-l1600.jpg,Cresselia,Shrouded Fable,71,illustration_rare,,ENGLISH,,donny,2026-09-16T18:47:03.740095+00:00,
e2_16_dev_0014,v1|188922880854|0,https://www.ebay.com/itm/188922880854,Mega Gengar ex 284/217 Special Illustration Rare Ascended Heroes Pokemon Holo NM,Ungraded,"[""FIXED_PRICE""]",pokebb,https://i.ebayimg.com/images/g/nkUAAeSwHWVqpeyB/s-l1600.jpg,Mega Gengar ex,Ascended Heroes,284,special_illustration_rare,,ENGLISH,,donny,2026-09-16T18:47:05.316099+00:00,
e2_16_dev_0015,v1|358453602360|626661211031,https://www.ebay.com/itm/358453602360?var=626661211031,Temporal Forces - Choose Your Card,Ungraded,"[""FIXED_PRICE""]",etxpokecenter,https://i.ebayimg.com/images/g/7LkAAeSwKRRp4R~v/s-l1600.jpg,Coalossal,Temporal Forces,95,uncommon,,ENGLISH,,donny,2026-09-16T18:47:06.702967+00:00,
e2_16_dev_0016,v1|178496342890|0,https://www.ebay.com/itm/178496342890,Cresselia 071/064 Sv: Shrouded Fable Holo,Ungraded,"[""FIXED_PRICE"", ""BEST_OFFER""]",oliviaconant,https://i.ebayimg.com/images/g/fZAAAeSwSmdqqByG/s-l1600.jpg,Cresselia,Shrouded Fable,71,illustration_rare,,ENGLISH,,donny,2026-09-16T18:47:07.952263+00:00,
e2_16_dev_0017,v1|800652782090|0,https://www.ebay.com/itm/800652782090?amdata=enc%3AAQALAAAAoCHNgUiiE%2FjQhlDTaMiAde9FDzJRlidycA95%2FGcEsyaTIe1lz3H10NgYZx4URKd5rMRURnlOcJix8XLqkz8Gwlu2b85pLy--wHJPm1b%2FMQ9dGN58VDjj%2BtXnXaavAujwktI%2BWqP%2B7kLr5DNvktdUL2JrNHS1rBI7EVNzzBdM0rBqBBEZFh1xwk%2BDlyluSF0ETs%2FwxLZr1OEef%2BG7EYkdXxo%3D,Arbok 101/162 Common Temporal Forces Pokemon NM,Ungraded,"[""FIXED_PRICE""]",siko_vault,https://i.ebayimg.com/images/g/MhcAAeSwtLZqpf6i/s-l1600.jpg,Arbok,Temporal Forces,101,common,,ENGLISH,,donny,2026-09-16T18:47:09.133111+00:00,
e2_16_dev_0018,v1|147575498182|0,https://www.ebay.com/itm/147575498182?amdata=enc%3AAQALAAAAoCHNgUiiE%2FjQhlDTaMiAde%2B7vtS4MYukb%2FbeLhQWwoZ1y%2B9GHWWg%2BroxRoWYEIjRzghUjlzC%2FvrYeM9iLGK7wbsJhgO%2FH6NZyqRMMi7tz5GEVnxKdfC76f%2BNUWwbuqk3SALgTQTCjp3i182vapxsmTb3tjsmSELWgZOLAteUl2r34Cs%2F5P8La8qNloHCQ8VK8JK498CBR%2BNhlsAfGbgV4QI%3D,Pokémon Mega Feraligatr EX 274/217 Ascended Heroes Holo Full Art,Ungraded,"[""FIXED_PRICE"", ""BEST_OFFER""]",ajcutspr49,https://i.ebayimg.com/images/g/5pwAAeSwnnJqqZ2D/s-l1600.jpg,Mega Feraligatr ex,Ascended Heroes,274,special_illustration_rare,,ENGLISH,,donny,2026-09-16T18:47:11.703155+00:00,
e2_16_dev_0019,v1|407213254850|0,https://www.ebay.com/itm/407213254850,Mega Gengar EX 284/217 SIR Special Illustration Rare Ascended Heroes 🔥 ,Ungraded,"[""FIXED_PRICE"", ""BEST_OFFER""]",hobby_skillz,https://i.ebayimg.com/images/g/gggAAeSweGhqpmPe/s-l1600.jpg,Mega Gengar ex,Ascended Heroes,284,special_illustration_rare,,ENGLISH,,donny,2026-09-16T18:47:12.979015+00:00,
e2_16_dev_0020,v1|366665472475|0,https://www.ebay.com/itm/366665472475,Mega Gengar EX 284/217 Pokémon Ascended Heroes Special Illustration Rare SIR NM,Ungraded,"[""FIXED_PRICE"", ""BEST_OFFER""]",booked_cards,https://i.ebayimg.com/images/g/HOoAAeSwmuBqpfPr/s-l1600.jpg,Mega Gengar ex,Ascended Heroes,284,special_illustration_rare,,ENGLISH,,donny,2026-09-16T18:47:14.230357+00:00,
e2_16_dev_0021,v1|407117492537|677292395403,https://www.ebay.com/itm/407117492537?var=677292395403,CHOOSE YOUR CARD - TEMPORAL FORCES - HOLO/REVERSE - FAST SHIP - VOLUME DISCOUNTS,Ungraded,"[""FIXED_PRICE""]",balancetradingco,https://i.ebayimg.com/images/g/vKkAAeSwxUxqcM3I/s-l1600.jpg,Coalossal,Temporal Forces,95,uncommon,,UNCERTAIN,,donny,2026-09-16T18:47:15.438268+00:00,
e2_16_dev_0022,v1|287586304970|0,https://www.ebay.com/itm/287586304970,Pokemon TCG Shrouded Fable Cresselia Holo Rare 021/064,Ungraded,"[""FIXED_PRICE""]",tcgemz,https://i.ebayimg.com/images/g/TYQAAOSwJFVoICll/s-l1600.jpg,Cresselia,Shrouded Fable,71,illustration_rare,,ENGLISH,,donny,2026-09-16T18:47:16.915282+00:00,
e2_16_dev_0023,v1|237038036337|0,https://www.ebay.com/itm/237038036337?amdata=enc%3AAQALAAAAoCHNgUiiE%2FjQhlDTaMiAde9%2F4b4twrVdWSMVTLavdB%2BhWJeNl7oEH%2F0BOlmi5PpQQgQewErflA8t%2Fk1xS8hkqMg8RKHCoOkf2IuoyG6Yn8%2F3sP49n8CjEaMlbicYhXfaOahuFDCqNO3oAXdfMwFyLgWV%2B1HAca3%2F9RU%2F7shcDWvPQ3riHppp3%2FB1iMv00%2Fe6UDZRjrS%2BH0e1tgra4C10iGM%3D,Emboar 013/086 Holo Rare White Flare Pokemon Near Mint,Ungraded,"[""FIXED_PRICE""]",ea-collectables,https://i.ebayimg.com/images/g/hrYAAeSwXSZqk16Z/s-l1600.jpg,Emboar,White Flare,98,illustration_rare,,ENGLISH,,donny,2026-09-16T18:47:18.200306+00:00,
e2_16_dev_0024,v1|128079256885|0,https://www.ebay.com/itm/128079256885,Coalossal 95/162 Temporal Forces Uncommon Near Mint Pokemon,Ungraded,"[""FIXED_PRICE"", ""BEST_OFFER""]",zappypulls,https://i.ebayimg.com/images/g/JBQAAeSwWt1qqCbg/s-l1600.jpg,Coalossal,Temporal Forces,95,uncommon,,ENGLISH,,donny,2026-09-16T18:47:19.639151+00:00,
e2_16_dev_0025,v1|327358178047|0,https://www.ebay.com/itm/327358178047,2025 POKEMON BLK EN - BLACK BOLT - ILLUSTRATION RARE #137 KROOKODILE 🔥PSA 10 🔥,Graded,"[""AUCTION"", ""BEST_OFFER""]",twins_23,https://i.ebayimg.com/images/g/--4AAeSwf55qqE3-/s-l1600.jpg,Krookodile,Black Bolt,137,illustration_rare,,ENGLISH,,donny,2026-09-16T18:47:22.148718+00:00,
e2_16_dev_0026,v1|298677118115|0,https://www.ebay.com/itm/298677118115,Mega Audino ex 253/217 Ultra Rare Ascended Heroes  Holo Near Mint,Ungraded,"[""FIXED_PRICE""]",nicshobby,https://i.ebayimg.com/images/g/6P0AAeSweKZqqWXf/s-l1600.jpg,Mega Audino ex,Ascended Heroes,253,ultra_rare,,ENGLISH,,donny,2026-09-16T18:47:23.610195+00:00,
e2_16_dev_0027,v1|257746372400|0,https://www.ebay.com/itm/257746372400,Krookodile 137/086 Holo Illustration Rare Black Bolt Pokemon NM,Ungraded,"[""FIXED_PRICE""]",jncross13,https://i.ebayimg.com/images/g/YjAAAeSwnLRqqqvE/s-l1600.jpg,Krookodile,Black Bolt,137,illustration_rare,,ENGLISH,,donny,2026-09-16T18:47:25.107749+00:00,
e2_16_dev_0028,v1|800668508272|0,https://www.ebay.com/itm/800668508272,Team Rocket's Giovanni 238/182 Destined Rivals Pokemon Holo NM,Ungraded,"[""FIXED_PRICE""]",nekonekocards,https://i.ebayimg.com/images/g/8BoAAeSwDG9qqft8/s-l1600.jpg,Team Rocket's Giovanni,Destined Rivals,238,special_illustration_rare,,ENGLISH,,donny,2026-09-16T18:47:26.585200+00:00,
e2_16_dev_0029,v1|137733943373|0,https://www.ebay.com/itm/137733943373,Pokemon TCG Cresselia 071/064 Sv: Shrouded Fable Illustration Rare Holo EN,Ungraded,"[""FIXED_PRICE"", ""BEST_OFFER""]",h0l0gh05t,https://i.ebayimg.com/images/g/ynUAAeSwtMVqpzH6/s-l1600.jpg,Cresselia,Shrouded Fable,71,illustration_rare,,ENGLISH,,donny,2026-09-16T18:47:28.062321+00:00,
e2_16_dev_0030,v1|820132596888|0,https://www.ebay.com/itm/820132596888,Mega Darkrai EX 116/084,Ungraded,"[""FIXED_PRICE"", ""BEST_OFFER""]",angjellostore,https://i.ebayimg.com/images/g/GnkAAeSw7ydqqEs0/s-l1600.jpg,Mega Darkrai ex,Pitch Black,116,special_illustration_rare,,ENGLISH,,donny,2026-09-16T18:47:29.478100+00:00,
e2_16_dev_0031,v1|820123828832|0,https://www.ebay.com/itm/820123828832,Durant ex 236/191 Sv08: Surging Sparks Holo,Ungraded,"[""FIXED_PRICE"", ""BEST_OFFER""]",mrtibbers,https://i.ebayimg.com/images/g/cO8AAeSwDaxqp0tQ/s-l1600.jpg,Durant ex,Surging Sparks,236,special_illustration_rare,,ENGLISH,,donny,2026-09-16T18:47:30.778285+00:00,
e2_16_dev_0032,v1|137744342252|0,https://www.ebay.com/itm/137744342252,Team Rocket's Giovanni 238/182 Sv10: Destined Rivals Holo,Ungraded,"[""AUCTION"", ""BEST_OFFER""]",j_weezy93,https://i.ebayimg.com/images/g/-bgAAeSweQVqqsvx/s-l1600.jpg,Team Rocket's Giovanni,Destined Rivals,238,special_illustration_rare,,ENGLISH,,donny,2026-09-16T18:47:32.372434+00:00,
e2_16_dev_0033,v1|287589638210|0,https://www.ebay.com/itm/287589638210?amdata=enc%3AAQALAAAAoCHNgUiiE%2FjQhlDTaMiAde9FxjQSMHnUXDvrim4tnCEwP1yklrNoiRzjBfgv790ergNgwuyWisPnIz4tqzYvbBmWfiOERwnzjUbGDy5Nht7nBRaWzYjiuFPv2sglAlCA9W4562iLBP4H6uDCfOjdDN6GzqoFPgKe79E%2FRoQE5NpeMfqFSxOdx57gfP%2BtV8ghgGeEBFFb%2BQOXsnmrwmMlst8%3D,Mega Darkrai ex 116/084 Pitch Black Special Illustration Rare Pokemon Sir,Ungraded,"[""FIXED_PRICE"", ""BEST_OFFER""]",jerseyjacque,https://i.ebayimg.com/images/g/YmoAAeSwfGNqqj8i/s-l1600.jpg,Mega Darkrai ex,Pitch Black,116,special_illustration_rare,,ENGLISH,,donny,2026-09-16T18:47:33.576563+00:00,
e2_16_dev_0034,v1|137740463556|0,https://www.ebay.com/itm/137740463556?amdata=enc%3AAQALAAAAoCHNgUiiE%2FjQhlDTaMiAde8Q1e9kJOY6ggpTQKuhOgu9jikZrWRPB64pGTI8OZychnNaaLKKKs5szVCrxYM6Ep3WCSzqps6%2FzmbtWECNI54PzTzZ4fV5lNkez4SQUgLaY6RTtYw1lnsD0Rn5hC1E9Fb6IlNP9q%2B%2BYsCK7q1Hhuyx2D1O%2BZM1%2B3fEPCzBbJaJ2KbeFSdLP%2BgtS4%2BUL7Gjg84%3D,Giovanni's Charisma 204/165 Sv: Scarlet & Violet 151 Holo,Ungraded,"[""FIXED_PRICE"", ""BEST_OFFER""]",csrtslammer,https://i.ebayimg.com/images/g/M4MAAeSw7-FqqX6e/s-l1600.jpg,Giovanni's Charisma,Scarlet and Violet 151,204,special_illustration_rare,,ENGLISH,,donny,2026-09-16T18:47:34.974002+00:00,
e2_16_dev_0035,v1|147575214505|0,https://www.ebay.com/itm/147575214505,Pokemon TCG Gulpin 154/142 Stellar Crown Illustration Rare Full Art Holo EN 2024,Ungraded,"[""FIXED_PRICE""]",lavishhobbyshop,https://i.ebayimg.com/images/g/G84AAeSwLgNqqXXh/s-l1600.jpg,Gulpin,Stellar Crown,154,illustration_rare,,ENGLISH,,donny,2026-09-16T18:47:36.722176+00:00,
e2_16_dev_0036,v1|377496054775|0,https://www.ebay.com/itm/377496054775,Durant ex 236/191 Special Illustration Rare - Surging Sparks - Pokemon TCG NM/M,Ungraded,"[""FIXED_PRICE""]",liha5924,https://i.ebayimg.com/images/g/yuYAAeSwx9pqqKxB/s-l1600.jpg,Durant ex,Surging Sparks,236,special_illustration_rare,,ENGLISH,,donny,2026-09-16T18:47:38.432764+00:00,
e2_16_dev_0037,v1|318879125256|0,https://www.ebay.com/itm/318879125256?amdata=enc%3AAQALAAAAoCHNgUiiE%2FjQhlDTaMiAde%2F8%2FtxmkVAX11TJg7NBt7S0z1SjOsVBsTLMZGMfwo5tnXWw9SD7NPIvgU6Msg2T5W08ORK40v4HlbD2uFH8T9AmdHWiAP2uat8P5d9UtNyoAA2sREAw%2BhN9AHRHvUJ2q7EEgMAxKQt9JB%2BiWWg%2FthiLFI1l6CRCKJDmyHa7qoSFCuHgQ0SjaUc1994CO0efjU4%3D,EMBOAR 013/086 HOLO RARE WHITE FLARE POKEMON HOLO NEAR MINT,Ungraded,"[""FIXED_PRICE""]",cmbtrades,https://i.ebayimg.com/images/g/sBYAAeSwuzJp5rg4/s-l1600.jpg,Emboar,White Flare,98,illustration_rare,,ENGLISH,,donny,2026-09-16T18:47:39.957459+00:00,
e2_16_dev_0038,v1|366667542054|0,https://www.ebay.com/itm/366667542054?amdata=enc%3AAQALAAAAoCHNgUiiE%2FjQhlDTaMiAde%2BeY2uJY43Z8GO3P4pFS1TTxDmV5sLDn0WPahHiSXP56y4F%2BhXQZlE1n3w38PfqzbfZavl6DmqsknKXOy6PKfnD0mNOOB1Fsx%2FL6E%2B5eJGMWSdVGgscBDlgHMbNrURnHo4%2B7wsEhaYmFKKiorXTQoFlXj5jAGukPtBCWf64tVnnGDAPu5Tj3s5HH4MA%2F1msj1o%3D,Pokemon TCG Durant ex Special Illustration Rare SV08: Surging Sparks 236/191 NM,Ungraded,"[""FIXED_PRICE"", ""BEST_OFFER""]",caust_60,https://i.ebayimg.com/images/g/yTUAAeSwmydqp2XT/s-l1600.jpg,Durant ex,Surging Sparks,236,special_illustration_rare,,ENGLISH,,donny,2026-09-16T18:47:41.562420+00:00,
e2_16_dev_0039,v1|336682750988|546075506681,https://www.ebay.com/itm/336682750988?var=546075506681&amdata=enc%3AAQALAAAAoCHNgUiiE%2FjQhlDTaMiAde8C4BUIgWd6BcQFD961DLj1idoQKYLoa%2B2ProaIF79w4Uv4R%2FSLqB17Dyi0F60zhRy%2BZOwg%2FS%2FdTuK7mb6NU0mH4xC6fqGqE2T8DDIDnITuWCfq12Tav6smNWKKkGTuyZfgadUQEXFw%2BS4M%2Fv9VnhA4hXCZzWFR2X9Oq8jLjnxzt4qK7SVbmai6F8udcx8xr5o%3D,Pokemon TCG Temporal Forces (TEF) Choose Your Card NM Holo / Reverse / Rare,Ungraded,"[""FIXED_PRICE""]",depperoni,https://i.ebayimg.com/images/g/564AAeSwD75qSXLa/s-l1600.jpg,Coalossal,Temporal Forces,95,uncommon,,ENGLISH,,donny,2026-09-16T18:47:42.775565+00:00,
e2_16_dev_0040,v1|407220225386|0,https://www.ebay.com/itm/407220225386?amdata=enc%3AAQALAAAAoCHNgUiiE%2FjQhlDTaMiAde99KVDnt3%2F03JdSLn%2Fp4dqOtL1p%2BOW4Cq74t0btwW75%2BR5FCdFlUpB4LB9Yy80lKQDTnKL6b01tLSFZh3oHHTOZ36579FtkhuZ9CVJlgLr8qBu6p0uIKUMIIqesx7MYbbMMNyE7b9FZMmhYwZO4o0t3UKCIYwZqUEvWhcM0Bzf2pgxKh57qXlDVyCCfmjDG4cY%3D,Mega Audino ex 253/217 UR Ascended Heroes Pokemon Holo NM,Ungraded,"[""FIXED_PRICE""]",makeitraintcg,https://i.ebayimg.com/images/g/8hQAAeSwqmVqqiqP/s-l1600.jpg,Mega Audino ex,Ascended Heroes,253,ultra_rare,,ENGLISH,,donny,2026-09-16T18:47:43.972347+00:00,
e2_16_dev_0041,v1|267787407916|0,https://www.ebay.com/itm/267787407916,Pokémon TCG Mega Feraligatr ex Me: Ascended Heroes SIR Holo 274/217 PSA 9,Graded,"[""FIXED_PRICE"", ""BEST_OFFER""]",thismarvelouslife,https://i.ebayimg.com/images/g/e4sAAeSwy4Nqqs75/s-l1600.jpg,Mega Feraligatr ex,Ascended Heroes,274,special_illustration_rare,,ENGLISH,,donny,2026-09-16T18:47:46.542175+00:00,
e2_16_dev_0042,v1|227474214106|0,https://www.ebay.com/itm/227474214106,Mega Audino ex 253/217 ME: Ascended Heroes Ultra Rare Pokemon Card,Ungraded,"[""FIXED_PRICE""]",legends_lugia,https://i.ebayimg.com/images/g/C0YAAeSw0Kxqfcpf/s-l1600.jpg,Mega Audino ex,Ascended Heroes,253,ultra_rare,,ENGLISH,,donny,2026-09-16T18:47:48.105180+00:00,
e2_16_dev_0043,v1|318875544244|0,https://www.ebay.com/itm/318875544244,Coalossal 095/162 Temporal Forces Uncommon Pokemon NM/M,Ungraded,"[""FIXED_PRICE"", ""BEST_OFFER""]",strictlytcgshop,https://i.ebayimg.com/images/g/HcoAAeSwKkJqqa3x/s-l1600.jpg,Coalossal,Temporal Forces,95,uncommon,,ENGLISH,,donny,2026-09-16T18:47:49.167792+00:00,
e2_16_dev_0044,v1|227523109015|0,https://www.ebay.com/itm/227523109015,Arbok 101/162 Common Temporal Forces Pokemon Reverse Holo Near Mint,Ungraded,"[""FIXED_PRICE""]",bxmber,https://i.ebayimg.com/images/g/gFYAAeSw21dqqZL9/s-l1600.jpg,Arbok,Temporal Forces,101,common,,ENGLISH,,donny,2026-09-16T18:47:50.508284+00:00,
e2_16_dev_0045,v1|137742568628|0,https://www.ebay.com/itm/137742568628,PSA 9 Mega Feraligatr Ex Special Illustration 274 2026 Ascended Heroes,Graded,"[""FIXED_PRICE""]",hyroku,https://i.ebayimg.com/images/g/ii8AAeSwlZFqo1-e/s-l1600.jpg,Mega Feraligatr ex,Ascended Heroes,274,special_illustration_rare,,ENGLISH,,donny,2026-09-16T18:47:51.960344+00:00,
e2_16_dev_0046,v1|327356133353|0,https://www.ebay.com/itm/327356133353?amdata=enc%3AAQALAAAAoCHNgUiiE%2FjQhlDTaMiAde8CFLugYIco49jjjvUEpaB87EURB1qd%2FWDyl8s1eg1JSbGGdy8cz47Ttw1cMzZenZIeJad%2BYPRuVFvq8h5S99ImtUkXeUpmJocK0y61VOJ1l%2FOPwAz178mI2BhIsj5OIkbagiPnBzkA3xECY8Y07vhNDolqTjBJtn7JH3nzg8f4DHAYIvq1yMWgNAUCDMIl8RU%3D,Cresselia 021/064 Reverse Holo Shrouded Fable Pokemon NM/LP,Ungraded,"[""FIXED_PRICE""]",palmettopoke,https://i.ebayimg.com/images/g/nsoAAeSwdo1qpodP/s-l1600.jpg,Cresselia,Shrouded Fable,71,illustration_rare,,ENGLISH,,donny,2026-09-16T18:47:53.475824+00:00,
e2_16_dev_0047,v1|178494916073|0,https://www.ebay.com/itm/178494916073,Team Rocket's Giovanni Sv10 Destined Rivals 238/182 SIR Full Art Holo Eng 2025,Ungraded,"[""FIXED_PRICE"", ""BEST_OFFER""]",jonaeb_1841,https://i.ebayimg.com/images/g/StUAAeSwnLRqp3k6/s-l1600.jpg,Team Rocket's Giovanni,Destined Rivals,238,special_illustration_rare,,ENGLISH,,donny,2026-09-16T18:47:54.600938+00:00,
e2_16_dev_0048,v1|267785613511|0,https://www.ebay.com/itm/267785613511,Durant ex 236/191 SIR - Pokémon Surging Sparks CGC 9 Mint,Graded,"[""FIXED_PRICE"", ""BEST_OFFER""]",nguyening_collectibles,https://i.ebayimg.com/images/g/oUMAAeSwS5hqqKlW/s-l1600.jpg,Durant ex,Surging Sparks,236,special_illustration_rare,,ENGLISH,,donny,2026-09-16T18:47:56.047206+00:00,
e2_16_dev_0049,v1|366672673837|0,https://www.ebay.com/itm/366672673837,Mega Darkrai ex - #116/084 - Special Illustration Rare - Pitch Black (NM),Ungraded,"[""FIXED_PRICE""]",sweeve98,https://i.ebayimg.com/images/g/W~AAAeSwvx5qqpdZ/s-l1600.jpg,Mega Darkrai ex,Pitch Black,116,special_illustration_rare,,ENGLISH,,donny,2026-09-16T18:47:57.278214+00:00,
e2_16_dev_0050,v1|336796376829|0,https://www.ebay.com/itm/336796376829?amdata=enc%3AAQALAAAAoCHNgUiiE%2FjQhlDTaMiAde9lvgwD7zC5KFbYgFeiXvAww33dLrWODFSHobDQb66XAX0bj7EwHGdTJK9ijN0ZAzqH1bNoQCenuPcpXlRGa%2BUh6AzWwLgxF62%2FhRClG1rSmn5SJMf7%2BvNRN5sz0uLW7uLIkHuOWyXDGgUoKoTlv2fKgzI85qgKP9G%2Bab3jIXUPE2JfUFTvdqQFr6KZpaKUhNI%3D,Mega Gengar EX Full Art Secret Rare Holo 284/217 BGS 9.5 (2020),Graded,"[""FIXED_PRICE"", ""BEST_OFFER""]",amg019,https://i.ebayimg.com/images/g/ZGgAAeSwe3pqosqh/s-l1600.jpg,Mega Gengar ex,Ascended Heroes,284,special_illustration_rare,,ENGLISH,,donny,2026-09-16T18:48:08.148231+00:00,
e2_16_dev_0051,v1|178495853808|0,https://www.ebay.com/itm/178495853808,Pokemon Mega Gengar ex 284/217 Me: Ascended Heroes SIR Holo EN PSA 10,Graded,"[""FIXED_PRICE"", ""BEST_OFFER""]",knjtcollectibles,https://i.ebayimg.com/images/g/bG0AAeSw-M1qpDCs/s-l1600.jpg,Mega Gengar ex,Ascended Heroes,284,special_illustration_rare,,ENGLISH,,donny,2026-09-16T18:48:10.001748+00:00,
e2_16_dev_0052,v1|188927627327|0,https://www.ebay.com/itm/188927627327,Gulpin 154/142 Sv07: Stellar Crown Holo Pokemon TCG - NM,Ungraded,"[""FIXED_PRICE""]",browardtcg,https://i.ebayimg.com/images/g/mCkAAeSwtMVqpw6O/s-l1600.jpg,Gulpin,Stellar Crown,154,illustration_rare,,ENGLISH,,donny,2026-09-16T18:48:11.111163+00:00,
e2_16_dev_0053,v1|117409180805|0,https://www.ebay.com/itm/117409180805,Emboar 013/086 Holo Rare White Flare Pokemon Near Mint,Ungraded,"[""FIXED_PRICE""]",toptiertcg-yt,https://i.ebayimg.com/images/g/KqEAAeSwYntqpXdH/s-l1600.jpg,Emboar,White Flare,98,illustration_rare,,ENGLISH,,donny,2026-09-16T18:48:12.236337+00:00,
e2_16_dev_0054,v1|377493965687|0,https://www.ebay.com/itm/377493965687,Mega Gengar EX 284 Special Illustration Rare Ascended Heroes Pokemon PSA 9,Graded,"[""FIXED_PRICE""]",j-vegastcg,https://i.ebayimg.com/images/g/luQAAeSw69Rqp4lV/s-l1600.jpg,Mega Gengar ex,Ascended Heroes,284,special_illustration_rare,,ENGLISH,,donny,2026-09-16T18:48:13.578985+00:00,
e2_16_dev_0055,v1|398398263116|0,https://www.ebay.com/itm/398398263116,Durant ex 236/191 Special Illustration Rare - Surging Sparks - Pokemon TCG NM,Ungraded,"[""FIXED_PRICE"", ""BEST_OFFER""]",brb-collecting,https://i.ebayimg.com/images/g/o4UAAeSwgQFqqau6/s-l1600.jpg,Durant ex,Surging Sparks,236,special_illustration_rare,,ENGLISH,,donny,2026-09-16T18:48:14.590900+00:00,
e2_16_dev_0056,v1|178497253303|0,https://www.ebay.com/itm/178497253303,Durant ex 236/191 Surging Sparks Illustration Full Art Holo Mint + 💎,Ungraded,"[""FIXED_PRICE"", ""BEST_OFFER""]",garambros-0,https://i.ebayimg.com/images/g/ni0AAeSwINFqqJSr/s-l1600.jpg,Durant ex,Surging Sparks,236,special_illustration_rare,,ENGLISH,,donny,2026-09-16T18:48:15.668822+00:00,
e2_16_dev_0057,v1|128077775185|0,https://www.ebay.com/itm/128077775185?amdata=enc%3AAQALAAAAoCHNgUiiE%2FjQhlDTaMiAde9cdZIsD9Vwpub4NlTvkV%2FcpQM4%2FAjk%2FbhOgzWpZI%2FhdImU2Rf7UGc7E3n6OpsBfCyBUMsMbPkV%2FYg3idA3XCM84hRTgxGGTyQVVXbL5zdTtwQzEP96QW78H%2B0dbWsVEGgoTu0xGbFStR4P%2FxMAtI%2FXUHeJmUU27QdZpYb2k2pWhxkHTcQQjmmX6Ro2FM70Z4g%3D,Mega Audino ex 253/217 Ultra Rare Ascended Heroes Pokemon Holo Near Mint,Ungraded,"[""FIXED_PRICE""]",maggsjh,https://i.ebayimg.com/images/g/hQYAAeSwWxpqpv62/s-l1600.jpg,Mega Audino ex,Ascended Heroes,253,ultra_rare,,ENGLISH,,donny,2026-09-16T18:48:16.765285+00:00,
e2_16_dev_0058,v1|178493022599|0,https://www.ebay.com/itm/178493022599?amdata=enc%3AAQALAAAAoCHNgUiiE%2FjQhlDTaMiAde%2BENQr4emuON8PbK1pVBSXQT7awwEI4F9GjKTokeWv4gPAr%2BLdmN%2BhKInndUikJkuEjS2Gn15a4Tj3pwa8XGj0w1nVlEgt%2FxmqDDaJar%2BnIt63eTDMnv6Lt5chd1crdxyQJWVLAAidFLIeu%2BkOrCdsaFYqHwAoZ43jserb8LGLAGrl7JEvQqhQGfJl%2BANJNxkM%3D,Arbok 101/162 Common - Pokemon Temporal Forces,Ungraded,"[""FIXED_PRICE""]",gylsbeast,https://i.ebayimg.com/images/g/xk4AAeSwpwVqqJlD/s-l1600.jpg,Arbok,Temporal Forces,101,common,,ENGLISH,,donny,2026-09-16T18:48:17.656271+00:00,
e2_16_dev_0059,v1|396977906200|665436501276,https://www.ebay.com/itm/396977906200?var=665436501276&amdata=enc%3AAQALAAAAoCHNgUiiE%2FjQhlDTaMiAde%2BJNxkklWlgBTLLmxqyvlDyXustfUa%2FpCKvwAa6A8gq7vR%2Fh2rrC%2Fji%2Ba2ty6cMCXnNwpVkVAQ7JfMNwYmLOCY%2B5DAFaskG9tI7FvhMNSBO%2FmUJrw5KRE7pMQaPZZLntkGqs3YuDAsPvb1djhVksPyE3aHpBUMvqZWXP%2FeKXQ4QmXlZtjhdJ310c7qdw7wkIRA%3D,Pokemon TCG - Scarlet & Violet: Temporal Forces Reverse Holo - Choose Your Card,Ungraded,"[""FIXED_PRICE""]",cardable.shop,https://i.ebayimg.com/images/g/52cAAeSwAq1opSrB/s-l1600.jpg,Coalossal,Temporal Forces,95,uncommon,,ENGLISH,,donny,2026-09-16T18:48:18.307084+00:00,
e2_16_dev_0060,v1|397656556763|0,https://www.ebay.com/itm/397656556763,Pokemon TCG Mega Charizard Y ex 085/742 MC Mega Start Deck 100 Korean,Ungraded,"[""FIXED_PRICE"", ""BEST_OFFER""]",trendard,https://i.ebayimg.com/images/g/l0QAAeSwtplpoWqR/s-l1600.jpg,Mega Charizard Y ex,Ascended Heroes,294,mega_hyper_rare,Korean,NON_ENGLISH,,donny,2026-09-16T18:48:19.937673+00:00,
e2_16_dev_0061,v1|820099106324|0,https://www.ebay.com/itm/820099106324,Meowth 02/07 CBB1C Holo Chinese Pokemon TCG Pokemon Card Basic 2022 HP 70,Ungraded,"[""FIXED_PRICE"", ""BEST_OFFER""]",yes-4750,https://i.ebayimg.com/images/g/TIsAAeSw73ZqnvRl/s-l1600.jpg,Meowth,Phantasmal Flames,106,illustration_rare,Chinese,NON_ENGLISH,,donny,2026-09-16T18:48:21.324075+00:00,
e2_16_dev_0062,v1|177359608085|0,https://www.ebay.com/itm/177359608085,Team Rocket's Giovanni SR 121/098 The Glory of Team Rocket Korean Pokemon Card,Ungraded,"[""FIXED_PRICE"", ""BEST_OFFER""]",funkopopfan1110,https://i.ebayimg.com/images/g/56QAAeSwCsFoqhh-/s-l1600.jpg,Team Rocket's Giovanni,Ascended Heroes,204,uncommon,Korean,NON_ENGLISH,,donny,2026-09-16T18:48:22.710229+00:00,
e2_16_dev_0063,v1|257636660663|0,https://www.ebay.com/itm/257636660663,Grafaiai 223/193 Sv02: Paldea Evolved Holo C,Ungraded,"[""FIXED_PRICE""]",thegamingoutpost,https://i.ebayimg.com/images/g/eqYAAeSwogFqYE7t/s-l1600.jpg,Grafaiai,Paldea Evolved,223,illustration_rare,Japanese,ENGLISH,,donny,2026-09-16T18:48:24.409711+00:00,
e2_16_dev_0064,v1|398380679278|0,https://www.ebay.com/itm/398380679278,Pikachu ex SAR 234/193 MEGA Dream ex M2a Pokemon Card Korean,Ungraded,"[""FIXED_PRICE"", ""BEST_OFFER""]",samora_88,https://i.ebayimg.com/images/g/mv8AAeSwkHFqoo5q/s-l1600.jpg,Pikachu ex,Surging Sparks,247,hyper_rare_gold,Korean,NON_ENGLISH,,donny,2026-09-16T18:48:25.752280+00:00,
e2_16_dev_0065,v1|286035337264|0,https://www.ebay.com/itm/286035337264,Spidops ex SR 091/078 SV1V Violet ex - Pokemon Card Korean,Ungraded,"[""FIXED_PRICE""]",cardstoy,https://i.ebayimg.com/images/g/WyUAAOSwo71m0JKe/s-l1600.jpg,Spidops ex,Scarlet and Violet Base Set,243,special_illustration_rare,Korean,NON_ENGLISH,,donny,2026-09-16T18:48:27.555381+00:00,
e2_16_dev_0066,v1|178250026728|0,https://www.ebay.com/itm/178250026728,Spidops ex SR 091/078 SV1V Violet ex - Pokemon Card Korean,Ungraded,"[""FIXED_PRICE"", ""BEST_OFFER""]",war9885,https://i.ebayimg.com/images/g/AioAAeSwZDpqOyct/s-l1600.jpg,Spidops ex,Scarlet and Violet Base Set,243,special_illustration_rare,Korean,NON_ENGLISH,,donny,2026-09-16T18:48:28.887316+00:00,
e2_16_dev_0067,v1|188912362467|0,https://www.ebay.com/itm/188912362467,Pokémon TCG Spidops ex SV1M Holo Full Art EX Stage 1 260HP Korean,Ungraded,"[""FIXED_PRICE"", ""AUCTION""]",pokemon.mayhem,https://i.ebayimg.com/images/g/SVMAAeSwh4tqQ-tL/s-l1600.jpg,Spidops ex,Scarlet and Violet Base Set,243,special_illustration_rare,Korean,NON_ENGLISH,,donny,2026-09-16T18:48:30.027102+00:00,
e2_16_dev_0068,v1|326621766150|0,https://www.ebay.com/itm/326621766150?amdata=enc%3AAQALAAAAoCHNgUiiE%2FjQhlDTaMiAde%2BbGAtX4ah4QBGur9sBGXWjDvGwsAVxNQ3SGwds2w4J8uVxaFvHxa1E3axTEBa7RQ80OV88x%2F28FWm5BOMLwRFXgA8H95lQa7J7YfLefiJ1U0LLiqB9%2FLMgHlAYKLy0j3a1SlTQPTYZY5XAQS3wW3MMdiCKF4Nw2C%2FGM4dHxUTYEFiAmyCI%2B6TyXtfvHG29m84%3D,Pokemon Card Archen Archeops AR set 129 130/086 sv11W White Flare Japanese,Ungraded,"[""FIXED_PRICE"", ""BEST_OFFER""]",ururu2023,https://i.ebayimg.com/images/g/bOgAAOSw0ONoQpxC/s-l1600.jpg,Archeops,White Flare,132,illustration_rare,Japanese,NON_ENGLISH,,donny,2026-09-16T18:48:31.622250+00:00,
e2_16_dev_0069,v1|307167927464|0,https://www.ebay.com/itm/307167927464,KOREAN Pikachu ex Double Rare M2a: MEGA Dream ex 044/193 NM Holo,Ungraded,"[""FIXED_PRICE"", ""BEST_OFFER""]",caleb7933,https://i.ebayimg.com/images/g/KhkAAeSwtFxql3jT/s-l1600.jpg,Pikachu ex,Surging Sparks,247,hyper_rare_gold,Korean,NON_ENGLISH,,donny,2026-09-16T18:48:32.887052+00:00,
e2_16_dev_0070,v1|227481752903|0,https://www.ebay.com/itm/227481752903?amdata=enc%3AAQALAAAAoCHNgUiiE%2FjQhlDTaMiAde%2Bff2Xnicm1JWEfLgcao2oJxjjcM5ggkN9HhCubxpaSWcsmXcfnjaU1fIq8o2Pju%2FrVgFiqxCP6Y7B34vjcN3lzBCAZUABCxa7ynruQnLY5pyQo0Y384JZyc7VbN8qnYohBBjd8eWiUEkdYy7O%2Fak%2FpmDmFKAlBsvQBcRqM6nITgATEeUO64vd9obit6DILVQE%3D,2025 POKEMON KOREAN SV10-GLORY OF TEAM ROCKET #128 ROCKET'S GIOVANNI SPECIAL ART,Graded,"[""FIXED_PRICE"", ""BEST_OFFER""]",freakishfindz,https://i.ebayimg.com/images/g/3ZgAAeSwoAJqhPrh/s-l1600.jpg,Team Rocket's Giovanni,Ascended Heroes,204,uncommon,Korean,NON_ENGLISH,,donny,2026-09-16T18:48:34.542406+00:00,
e2_16_dev_0071,v1|377117612927|0,https://www.ebay.com/itm/377117612927,Pokemon Card Korean MEGA The Start Deck 100 Mega Charizard Y ex MC 085/742 Holo,Ungraded,"[""FIXED_PRICE"", ""BEST_OFFER""]",hotcollect,https://i.ebayimg.com/images/g/ibcAAeSw8iBp4Hdi/s-l1600.jpg,Mega Charizard Y ex,Ascended Heroes,294,mega_hyper_rare,Korean,NON_ENGLISH,,donny,2026-09-16T18:48:35.552800+00:00,
e2_16_dev_0072,v1|335663423381|0,https://www.ebay.com/itm/335663423381?amdata=enc%3AAQALAAAAoCHNgUiiE%2FjQhlDTaMiAde9Ch9emFKciQRDw%2Fk69EW6Hv6BRh%2BSXe3kqxm%2FC47ILXUm44kMQ6tI9QPVFSz7c7yNdqt4q%2BH91mBluAReAHDrGaUg3sjUSvuwL3pV%2Fb4by4mV%2BV9yAXmc%2FF7t5HMRvrmmWBKNC3L%2BSV8nYQb86BpjCqcSchrH29cFDLW4Sb0z3gjPnwzN3lkXZe424bKJH82w%3D,Pokemon Scarlet Violet Base SV1 098/198 Fidough,Ungraded,"[""FIXED_PRICE""]",easy-enough,https://i.ebayimg.com/images/g/rvsAAOSwBZJnLlqn/s-l1600.jpg,Fidough,Scarlet and Violet Base Set,213,illustration_rare,Japanese,ENGLISH,,donny,2026-09-16T18:48:36.870381+00:00,
e2_16_dev_0073,v1|188036342094|0,https://www.ebay.com/itm/188036342094,Charizard EX Holo 001/021 Ex/NM XYa Mega Battle Deck Korean Pokemon,Ungraded,"[""FIXED_PRICE"", ""BEST_OFFER""]",spacecadettcg,https://i.ebayimg.com/images/g/ncgAAeSwmnlph5t5/s-l1600.jpg,Mega Charizard Y ex,Ascended Heroes,294,mega_hyper_rare,Korean,NON_ENGLISH,,donny,2026-09-16T18:48:38.608149+00:00,
e2_16_dev_0074,v1|398374868931|0,https://www.ebay.com/itm/398374868931,Jolteon ex 030/131 Prismatic Evolutions Prismatic Stamped Sealed,Ungraded,"[""FIXED_PRICE"", ""BEST_OFFER""]",rob474949,https://i.ebayimg.com/images/g/Yy8AAeSw5y9qoIYR/s-l1600.jpg,Jolteon ex,Prismatic Evolutions,153,special_illustration_rare,Chinese,ENGLISH,,donny,2026-09-16T18:48:40.426851+00:00,
e2_16_dev_0075,v1|318876084561|0,https://www.ebay.com/itm/318876084561,Grafaiai 146/193 Paldea Evolved Uncommon Pokemon NM/M,Ungraded,"[""FIXED_PRICE"", ""BEST_OFFER""]",strictlytcgshop,https://i.ebayimg.com/images/g/6ooAAeSw80Bqqd35/s-l1600.jpg,Grafaiai,Paldea Evolved,223,illustration_rare,Japanese,ENGLISH,,donny,2026-09-16T18:48:41.864236+00:00,
e2_16_dev_0076,v1|206561427930|0,https://www.ebay.com/itm/206561427930?amdata=enc%3AAQALAAAAoCHNgUiiE%2FjQhlDTaMiAde%2Fbw6i3MDDsATeOPSqKwpFmzQj1eyfc5AsPpWNrf3vbbOWysECRaAfRt9JDwxyhSsSjh26zsAdv%2BSfZBdpMvpmL3YVTL8vyYIXd3WaQ7z86mWRQFL%2B6cva0B62llXsu%2BadI1%2FZN754oGq%2FtDmr5T5iSS8ajRVbQyIcqJmeVNKHx%2FovduOy%2FBdEU7%2Bx2HAhzxvs%3D,PSA 9 Mega Dragonite ex 271/217 Me: Ascended Heroes Holo,Graded,"[""FIXED_PRICE"", ""BEST_OFFER""]",pauliepulls,https://i.ebayimg.com/images/g/eDcAAeSwv7tqqspr/s-l1600.jpg,Mega Dragonite ex,Ascended Heroes,290,special_illustration_rare,Japanese,ENGLISH,,donny,2026-09-16T18:48:46.115494+00:00,
e2_16_dev_0077,v1|398397239780|0,https://www.ebay.com/itm/398397239780?amdata=enc%3AAQALAAAAoCHNgUiiE%2FjQhlDTaMiAde%2FHqygOj90wexnLiraWZaq4guDXo9GoBGa4%2BHOddlXGrN7LmzPP%2BT16dQGXucYW0Jne82%2BsOwtgwUmePoOg4O20jEkFSvIhQNiqCAD53setF1SDYsjy%2FaEZrbOrd3WFfslE9X7SUhNLThpu22UFLnc15jF%2FMO%2FIPZObZKHyQFWyeYXOBeYSUWYL028TtiIBTc0%3D,Fidough 069 Sv: Scarlet & Violet Promo Cards Holo,Ungraded,"[""FIXED_PRICE"", ""BEST_OFFER""]",vthouseofcards,https://i.ebayimg.com/images/g/vHMAAeSwp-ZqqEWx/s-l1600.jpg,Fidough,Scarlet and Violet Base Set,213,illustration_rare,Japanese,ENGLISH,,donny,2026-09-16T18:48:47.278394+00:00,
e2_16_dev_0078,v1|407180780065|0,https://www.ebay.com/itm/407180780065?amdata=enc%3AAQALAAAAoCHNgUiiE%2FjQhlDTaMiAde%2BRldE%2FVhTGPdi%2Fih8S3%2Bgw2xjz%2BVkNRpP7QXYjNiCbwSjSavWBrcddW2da3amfDVSWyozH%2BYzkmvvAfRNZ%2Bm%2BDqFlptj%2BefKaNAQWlsLbeeyVA2SaDnWN0bCZ6XQPF0y7usyYmotjaeYlc%2BCJuvwj4BciEcoHBoo1R119Ci5RIpi%2BAnjGEI3WVxCiOMxYa4Ng%3D,Black Kyurem ex 058/207 2026 Brilliant Fantasy Pokemon Chinese,Ungraded,"[""FIXED_PRICE"", ""BEST_OFFER""]",dejourcardshop,https://i.ebayimg.com/images/g/7KwAAeSwau1qlGRQ/s-l1600.jpg,Kyurem ex,Black Bolt,165,special_illustration_rare,Chinese,NON_ENGLISH,,donny,2026-09-16T18:48:48.441760+00:00,
e2_16_dev_0079,v1|318720183873|0,https://www.ebay.com/itm/318720183873?amdata=enc%3AAQALAAAAoCHNgUiiE%2FjQhlDTaMiAde%2FVvzO8ABvC2pPGA%2BMw9%2BHdLcZ0UXhoxsMCLL9m3OJOvLjAr%2FTwojOW71RfPo7TJ5Z4hfsyyg1D5VkTNak0hCyNtf07280Ekmg8PqR%2Bla9xCMN93gVULTbJQds0ZCI7FcxYseWuACeYKwqRK0TQAy4of4XeEKTwYzPVJ%2BmgxOWbRg3WQ39LS1LXdZQeA77qWuc%3D,Grafaiai - 146/193 - Uncommon (Near Mint) Paldea Evolved - Darkness Pokémon,Ungraded,"[""FIXED_PRICE"", ""BEST_OFFER""]",premiergames,https://i.ebayimg.com/images/g/TvYAAeSwdUJqfN4s/s-l1600.jpg,Grafaiai,Paldea Evolved,223,illustration_rare,Japanese,ENGLISH,,donny,2026-09-16T18:48:49.935155+00:00,
e2_16_dev_0080,v1|318874872652|0,https://www.ebay.com/itm/318874872652,Grafaiai 146/193 Paldea Evolved Reverse Holo Uncommon Pokemon NM/M,Ungraded,"[""FIXED_PRICE"", ""BEST_OFFER""]",strictlytcgshop,https://i.ebayimg.com/images/g/7dEAAeSwNv5qqXk4/s-l1600.jpg,Grafaiai,Paldea Evolved,223,illustration_rare,Japanese,ENGLISH,,donny,2026-09-16T18:48:50.880210+00:00,
e2_16_dev_0081,v1|137707620604|0,https://www.ebay.com/itm/137707620604,Spidops EX 008/078 Double Rare Violet ex Pokemon Korean Holo Near Mint,Ungraded,"[""FIXED_PRICE"", ""BEST_OFFER""]",overload_tcg,https://i.ebayimg.com/images/g/18AAAeSwLrNqngIy/s-l1600.jpg,Spidops ex,Scarlet and Violet Base Set,243,special_illustration_rare,Korean,NON_ENGLISH,,donny,2026-09-16T18:48:53.838152+00:00,
e2_16_dev_0082,v1|287585261758|0,https://www.ebay.com/itm/287585261758?amdata=enc%3AAQALAAAAoCHNgUiiE%2FjQhlDTaMiAde%2FSLynBroW6fpNA16FKevAWDCotzCShGFmwlcVFv6OR2TKo9VNA4WMXuMGyJQwIsxfvhd9qwpVjrf3njv9KZzqmLCk2VAemQGnEtmSey04Er%2B3DrTNv9Z5Q9HyEjgJs9mNItvXvDqMegW3JSK5Vde9PZIslgkItG8ydxa1oJ1khVxs3dasMKZIP9NtJl0soE9o%3D,PIKACHU EX 057/217 Ascended Heroes Double Rare Pokemon Holo Near Mint,Ungraded,"[""FIXED_PRICE""]",bluj_tcg,https://i.ebayimg.com/images/g/W-0AAeSwFXJqp4Z6/s-l1600.jpg,Pikachu ex,Ascended Heroes,277,special_illustration_rare,Japanese,ENGLISH,,donny,2026-09-16T18:48:55.256309+00:00,
e2_16_dev_0083,v1|158037383479|0,https://www.ebay.com/itm/158037383479?amdata=enc%3AAQALAAAAoCHNgUiiE%2FjQhlDTaMiAde%2FrLNg4PuPUBeId8TApEsl%2BqnrNTn3HZdaoTN3lPqvkwUOW1BVHEc52Mfcu0f%2Bbv6poda7ScA4J1KSp7pkj6ltKXW13j6HQWskfG%2BrYJJcm1x1ADj%2FCUPRk40Fd7%2BYAL%2F93vWUPfsHW6vhaI373vTw9sSmuE5R4QQhNwr1sYw0XdYxmbDwGv5RrxfXwg5kzR38%3D,Pokemon S-Chinese Card Sun&Moon CSM2bC-185 SR Trainer Lillie's Full Force Holo,Ungraded,"[""FIXED_PRICE"", ""BEST_OFFER""]",xu7100,https://i.ebayimg.com/images/g/ACcAAeSwRXVqaEXi/s-l1600.jpg,Lillie's Determination,Mega Evolution,184,special_illustration_rare,Chinese,NON_ENGLISH,,donny,2026-09-16T18:48:56.707082+00:00,
e2_16_dev_0084,v1|377127759114|0,https://www.ebay.com/itm/377127759114,Pokemon Card Korean MEGA Start Deck 100 Pikachu ex MC 764/742 SAR CCG 9.5 MINT+,Graded,"[""FIXED_PRICE"", ""BEST_OFFER""]",hotcollect,https://i.ebayimg.com/images/g/Wk8AAeSwOiBqQ8t0/s-l1600.jpg,Pikachu ex,Surging Sparks,247,hyper_rare_gold,Korean,NON_ENGLISH,,donny,2026-09-16T18:48:59.434962+00:00,
e2_16_dev_0085,v1|406865585561|0,https://www.ebay.com/itm/406865585561,Pokémon TCG Meowth Card 0201/07 Holo Chinese ,Ungraded,"[""FIXED_PRICE"", ""BEST_OFFER""]",gaby8537,https://i.ebayimg.com/images/g/Ml8AAeSw2rlp4tcl/s-l1600.jpg,Meowth,Phantasmal Flames,106,illustration_rare,Chinese,NON_ENGLISH,,donny,2026-09-16T18:49:00.816798+00:00,
e2_16_dev_0086,v1|168553755060|0,https://www.ebay.com/itm/168553755060?amdata=enc%3AAQALAAAAoCHNgUiiE%2FjQhlDTaMiAde%2FflNzypmLNKS%2FV9wj5FBxAPp6mp4PHTkPrqYGzWWEWulnek7CggOnKor8EqTb1N8tsh0gHZIOGNYErVhxg14ie3pf7n1AZpsYeS1dJMqqzfGDWF6nWmIkN2pN%2BB10OP%2FCCD2rX9OxsP0J29U58v541apvM3d4wu3gNOAypIQAG%2FzddtvmrF4P3Mif2%2B28pBS4%3D,Pokémon TCG Team Rocket’s Giovanni 121/098 SR Korean Glory of Team Rocket,Ungraded,"[""FIXED_PRICE"", ""BEST_OFFER""]",j_bosio,https://i.ebayimg.com/images/g/YiIAAeSwU7hqYChM/s-l1600.jpg,Team Rocket's Giovanni,Ascended Heroes,204,uncommon,Korean,NON_ENGLISH,,donny,2026-09-16T18:49:01.618344+00:00,
e2_16_dev_0087,v1|257598503392|0,https://www.ebay.com/itm/257598503392,Pikachu EX SAR Korean Pokemon Card 764/742 MEGA The Start Deck 100 HOLO 2026,Ungraded,"[""FIXED_PRICE""]",koreanditto_collectibles,https://i.ebayimg.com/images/g/vEQAAeSwXWBqRD59/s-l1600.jpg,Pikachu ex,Surging Sparks,247,hyper_rare_gold,Korean,NON_ENGLISH,,donny,2026-09-16T18:49:02.504479+00:00,
e2_16_dev_0088,v1|227470834154|0,https://www.ebay.com/itm/227470834154?amdata=enc%3AAQALAAAAoCHNgUiiE%2FjQhlDTaMiAde9MFs3R2JKnvf05EcC26H5z%2B5lw9gMQusScZfu4XtHAqrsij2o7LP7Kn8a%2F9EVh290GHEk19GqhoQ7BrnZimieqH%2BrtJUknTOQdkYM5iG2v7r36UtwY8VFahDK1mz3lImXD336x5HoU5K6yzMOxfbK%2Bqi2NpPgJ%2B104Mz15%2BE%2F9j6Kbh4Aj0LrIksbmaSHBz24%3D,2024 Scarlet & Violet Series - Prismatic Evolutions Jolteon S-Chinese #135/151,Ungraded,"[""FIXED_PRICE""]",apexpro3d,https://i.ebayimg.com/images/g/Nz0AAeSwmOBqi92H/s-l1600.jpg,Jolteon ex,Prismatic Evolutions,153,special_illustration_rare,Chinese,NON_ENGLISH,,donny,2026-09-16T18:49:03.431242+00:00,
e2_16_dev_0089,v1|227363461761|0,https://www.ebay.com/itm/227363461761?amdata=enc%3AAQALAAAAoCHNgUiiE%2FjQhlDTaMiAde86Qr4EY8krlPJuOauaLxHfN0xG8LRGeO0rxEWE7OuH%2B%2BRF1TwW%2FuZ4PfRVjH4m2jVCF7CWwRNyfNdpAxrP%2FwaAamehu9Q0aDJ08akW2B4iJdhfWtXhkO%2BljjpiSA8Eaac12KtRtyyMgO6mcOMDO6qfDmkfIiF%2BQKkGZrKOYaVNDeSr71l0%2FB4RHBZqgEDgtHM%3D,Archeops 048/086 Sv11w: Pokemon card White Flare Holo (Japanese) NM,Ungraded,"[""FIXED_PRICE""]",jps_vault,https://i.ebayimg.com/images/g/TnkAAeSwlGBqGYRl/s-l1600.jpg,Archeops,White Flare,132,illustration_rare,Japanese,NON_ENGLISH,,donny,2026-09-16T18:49:04.145088+00:00,
e2_16_dev_0090,v1|336796721541|0,https://www.ebay.com/itm/336796721541,Pikachu EX 276/217 Ascended Heroes,Ungraded,"[""FIXED_PRICE"", ""BEST_OFFER""]",chick-lit,https://i.ebayimg.com/images/g/xO4AAeSwzU1qqslO/s-l1600.jpg,Pikachu ex,Ascended Heroes,277,special_illustration_rare,Japanese,ENGLISH,,donny,2026-09-16T18:49:08.007430+00:00,
e2_16_dev_0091,v1|357044186649|0,https://www.ebay.com/itm/357044186649?amdata=enc%3AAQALAAAAoCHNgUiiE%2FjQhlDTaMiAde%2B1NHZezVZ%2Fch9AaDeptNBoQRN2WDOmnEIJx3UpXKUe9ukVZ09Qvlzr5KDdRprJR7ZDLo%2FJwf1gvpM56g4AydUCbjMue8SA6BCZTxXCbz2FTh8MmRp0%2FHzE1YnVImbgc214VHUH5KPa8l%2FXh1%2Bde6Qu9HcNjkJzlVfWCRP63IfXe3OseoIkdrBWJxBuCDsXj1w%3D,Archen Archeops AR Set 129-130/008 SV11W White Flare - Pokemon Card Japanese,Ungraded,"[""FIXED_PRICE"", ""BEST_OFFER""]",animart_japan,https://i.ebayimg.com/images/g/f3gAAeSwLhBoQnd-/s-l1600.jpg,Archeops,White Flare,132,illustration_rare,Japanese,NON_ENGLISH,,donny,2026-09-16T18:49:09.760072+00:00,
e2_16_dev_0092,v1|298470211211|0,https://www.ebay.com/itm/298470211211?amdata=enc%3AAQALAAAAoCHNgUiiE%2FjQhlDTaMiAde9CJ8CKfjvK0tbq2wYVInxk4VUWFuVqqITj122zkDRcn19fie5h3bPO4NZiQ8uOzXQbZHIXrLNW8nM5h6axPumk3aGeGO3t7ZIZsLGascPYxQBLFZy0uuGnNGqpuwjONHIf4%2B9Pdye%2Fvs%2Bo7ce6H678ibThWptJLdf0tMF3NBUmN9ajYXvRdFgr9k43P9DTAHg%3D,Pokemon Chinese ID Set #PMSS1022 Trubbish R,Ungraded,"[""FIXED_PRICE"", ""BEST_OFFER""]",802toyscollectiblesandmore,https://i.ebayimg.com/images/g/Qk0AAeSwmo9qRSkS/s-l1600.jpg,Trubbish,White Flare,140,illustration_rare,Chinese,NON_ENGLISH,,donny,2026-09-16T18:49:14.268519+00:00,
e2_16_dev_0093,v1|377492388769|0,https://www.ebay.com/itm/377492388769,Pikachu ex 277/217 Me: Ascended Heroes Holo,Ungraded,"[""FIXED_PRICE"", ""BEST_OFFER""]",sheddie01,https://i.ebayimg.com/images/g/uBMAAeSw7k9qpnOb/s-l1600.jpg,Pikachu ex,Ascended Heroes,277,special_illustration_rare,Japanese,ENGLISH,,donny,2026-09-16T18:49:16.302184+00:00,
e2_16_dev_0094,v1|377462727886|0,https://www.ebay.com/itm/377462727886,Pikachu ex sv8a 236/187 UR Super Electric Breaker Korean Pokemon Card,Ungraded,"[""FIXED_PRICE""]",realk-items,https://i.ebayimg.com/images/g/vJEAAeSwCjpqlvLU/s-l1600.jpg,Pikachu ex,Surging Sparks,247,hyper_rare_gold,Korean,NON_ENGLISH,,donny,2026-09-16T18:49:17.735650+00:00,
e2_16_dev_0095,v1|206172815598|0,https://www.ebay.com/itm/206172815598,2025 Pokemon TCG card Chinese Exclusive gem Vol.3 Meowth CBB3C 02 07 Holo,Ungraded,"[""FIXED_PRICE"", ""BEST_OFFER""]",kyangtshow,https://i.ebayimg.com/images/g/~IoAAeSwu-Zpx3M5/s-l1600.jpg,Meowth,Phantasmal Flames,106,illustration_rare,Chinese,NON_ENGLISH,,donny,2026-09-16T18:49:18.778946+00:00,
e2_16_dev_0096,v1|800627439304|0,https://www.ebay.com/itm/800627439304,Korean M Charizard EX 002/021 XYA Mega Battle Deck Charizard Holo,Ungraded,"[""FIXED_PRICE"", ""BEST_OFFER""]",godspeedtcg,https://i.ebayimg.com/images/g/1k8AAeSw-RxqnxiR/s-l1600.jpg,Mega Charizard Y ex,Ascended Heroes,294,mega_hyper_rare,Korean,NON_ENGLISH,,donny,2026-09-16T18:49:23.623662+00:00,
e2_16_dev_0097,v1|117327645025|0,https://www.ebay.com/itm/117327645025,Pikachu ex 277/217 Me: Ascended Heroes Holo,Ungraded,"[""FIXED_PRICE"", ""BEST_OFFER""]",nitromikeaz,https://i.ebayimg.com/images/g/iPgAAeSwzOhqaTAg/s-l1600.jpg,Pikachu ex,Ascended Heroes,277,special_illustration_rare,Japanese,ENGLISH,,donny,2026-09-16T18:49:25.612909+00:00,
e2_16_dev_0098,v1|317900222120|0,https://www.ebay.com/itm/317900222120?amdata=enc%3AAQALAAAAoCHNgUiiE%2FjQhlDTaMiAde9JAnSdU3ZHgn7qsYDzSTSbF7XsPNtw6zaW0DlAyVJYEJCzzio%2FGlD9pP15%2B3mtkQRrzBqSZWfJVBJC8z3na2LNm7j3jASboeKxPM8U7bEe%2FlZ0f6DmPT8TVb3X0fQwgh%2BysIp1ndDxNxGb6rW4ZUyLv5mjTug3MTIuJ2bbyJRqgpeER7nAkqs5nGy7H4xIGss%3D,Pokémon TCG Meowth 020/107 70 HP Regular Chinese Card Stock,Ungraded,"[""FIXED_PRICE"", ""BEST_OFFER""]",zarddad,https://i.ebayimg.com/images/g/rLEAAeSwHthpl2pg/s-l1600.jpg,Meowth,Phantasmal Flames,106,illustration_rare,Chinese,NON_ENGLISH,,donny,2026-09-16T18:49:27.483309+00:00,
e2_16_dev_0099,v1|178308383565|0,https://www.ebay.com/itm/178308383565?amdata=enc%3AAQALAAAAoCHNgUiiE%2FjQhlDTaMiAde8vEY2dezjMeEtRl7teoHjJLxFUHZD8SZ%2BrWH84AkC0C60iB863jgH4OWsmQNl6JXFxFuvrlxKpNKDAKHcLZPJJQrErQuVtWWeepthwzNEmsVjgBb2VEssglLZvAbD%2BA%2FdHAZ9l6o%2BV5CWNo6ZXfFR2RwVWLGui2DVFCadNmw1rAwiQWQhxsT0jHLpzxdIEcgk%3D,Lillie's Determination 175/193 MEGA Dream ex Pokemon Card NM,Ungraded,"[""FIXED_PRICE""]",leafandloomtcg,https://i.ebayimg.com/images/g/iMsAAeSwR-dqVWze/s-l1600.jpg,Lillie's Determination,Mega Evolution,184,special_illustration_rare,Chinese,NON_ENGLISH,,donny,2026-09-16T18:49:28.587990+00:00,
e2_16_dev_0100,v1|227500487385|0,https://www.ebay.com/itm/227500487385,Team Rocket's Giovanni 121/098 Sv10: The Glory of Team Rocket (Korean) Ungraded,Ungraded,"[""FIXED_PRICE""]",krks_krackers,https://i.ebayimg.com/images/g/FNwAAeSw2HNqlpV~/s-l1600.jpg,Team Rocket's Giovanni,Ascended Heroes,204,uncommon,Korean,NON_ENGLISH,,donny,2026-09-16T18:49:29.515922+00:00,
e2_16_dev_0101,v1|398265752922|0,https://www.ebay.com/itm/398265752922?amdata=enc%3AAQALAAAAoCHNgUiiE%2FjQhlDTaMiAde%2BybyuSwkGNem8fq6MJgucunLlIjXKRy%2BwqdzQ7G6iKuIK6NEPJ0pFEcdPlFZxTj0G5bQ3ezPug50ca1J4xgLFXcXkplOd8r2Qc14rf%2B%2FPU2B%2F3bhR%2BLKM2JFCQURNXZM8w2aP%2BVKiiBLhGP6SBWzkq%2BTDLXB64pLrP%2FKbzwqx5xuaQffP0XEDe5I3wTleqHbE%3D,2014 Charizard Korean Card Mega Pokemon XY EX,Ungraded,"[""FIXED_PRICE"", ""BEST_OFFER""]",tho-704064,https://i.ebayimg.com/images/g/Fq0AAeSwoUJqeCLD/s-l1600.jpg,Mega Charizard Y ex,Ascended Heroes,294,mega_hyper_rare,Korean,NON_ENGLISH,,donny,2026-09-16T18:49:30.604695+00:00,
e2_16_dev_0102,v1|168606491032|0,https://www.ebay.com/itm/168606491032,2025 Pokemon TCG card Chinese Exclusive gem Vol.3 Meowth CBB3C 02 07 Holo,Ungraded,"[""FIXED_PRICE""]",kalomyer,https://i.ebayimg.com/images/g/tcwAAeSw1~Nqe5qL/s-l1600.jpg,Meowth,Phantasmal Flames,106,illustration_rare,Chinese,NON_ENGLISH,,donny,2026-09-16T18:49:36.609093+00:00,
e2_16_dev_0103,v1|257711275455|0,https://www.ebay.com/itm/257711275455,Mega Charizard X ex 223/193 M2a: MEGA Dream ex Mega Attack Rare (Korean),Ungraded,"[""FIXED_PRICE"", ""BEST_OFFER""]",mukeko86,https://i.ebayimg.com/images/g/fScAAeSw0Hxqk3mi/s-l1600.jpg,Mega Charizard Y ex,Ascended Heroes,294,mega_hyper_rare,Korean,NON_ENGLISH,,donny,2026-09-16T18:49:38.224957+00:00,
e2_16_dev_0104,v1|236356320756|0,https://www.ebay.com/itm/236356320756?amdata=enc%3AAQALAAAAoCHNgUiiE%2FjQhlDTaMiAde%2BgeaW%2BFwnG1%2FcfyHjiuHi739W5dQbdTsnp1GNABEaOkCHjWCyko8AcHXsGUBtiz22sxgXTdrJgKJFdcQsuncGLuigVk0%2BdpP1ax%2BrvbKTm6sO8Vf5tWA5T1%2BzOqdi3surevY0i4R%2ByHLOstdjH7KGjujZqzc6Z60Hu9x1Cj3XC7o516BJV2KQGtQKeUvHvIB0%3D,Jolteon ex - (Prismatic Evolutions Stamp) 030/,Ungraded,"[""FIXED_PRICE"", ""BEST_OFFER""]",makasaselitecollectibles,https://i.ebayimg.com/images/g/GdkAAeSwIhBo2dVl/s-l1600.jpg,Jolteon ex,Prismatic Evolutions,153,special_illustration_rare,Chinese,ENGLISH,,donny,2026-09-16T18:49:39.593093+00:00,
e2_16_dev_0105,v1|377484020097|0,https://www.ebay.com/itm/377484020097,Pokemon Japanese Dachsbun Ex 129 Stella Miracle Special Art Rare SAR NM Holo,Ungraded,"[""FIXED_PRICE"", ""BEST_OFFER""]",stonemillhobby,https://i.ebayimg.com/images/g/114AAeSwsVlqoWjT/s-l1600.jpg,Dachsbun ex,Stellar Crown,169,special_illustration_rare,Japanese,NON_ENGLISH,,donny,2026-09-16T18:49:40.882596+00:00,
e2_16_dev_0106,v1|227509998946|0,https://www.ebay.com/itm/227509998946,Pikachu ex 277/217 Me: Ascended Heroes Holo - PACK FRESH NM,Ungraded,"[""FIXED_PRICE""]",silaguilard-0,https://i.ebayimg.com/images/g/HoMAAeSwnWRqSMDx/s-l1600.jpg,Pikachu ex,Ascended Heroes,277,special_illustration_rare,Japanese,ENGLISH,,donny,2026-09-16T18:49:47.906270+00:00,
e2_16_dev_0107,v1|237071434513|0,https://www.ebay.com/itm/237071434513,Pikachu EX 2024 Surging Sparks Korean 234/193 SAR,Ungraded,"[""FIXED_PRICE"", ""BEST_OFFER""]",lab20-sportscards,https://i.ebayimg.com/images/g/KgMAAeSwyD9qqqd9/s-l1600.jpg,Pikachu ex,Surging Sparks,247,hyper_rare_gold,Korean,NON_ENGLISH,,donny,2026-09-16T18:49:49.184470+00:00,
e2_16_dev_0108,v1|396959888591|0,https://www.ebay.com/itm/396959888591?amdata=enc%3AAQALAAAAoCHNgUiiE%2FjQhlDTaMiAde%2FnrHjjlayMGJBKcHH4ivn0znr63vDAiNVQ6cRGR7pqjHqUAre8E3VqNaBjrM0AoChXpj87NzyFEJKD2mWKwlv1Iba2yVwK2r8BYyhHZOsh11VtA%2FmLj1RuZqvGNPAarrY3wgMtbImEWJ8FDWef2HxJxhoJoBAeaDHWYk1kN5eI%2BN1toIbD%2F0nt1RLCy4s1C10%3D,IN STOCK Pokemon S-Chinese Lillie's Full Force 185/150 CSM2bC SR Holo Mint NM,Ungraded,"[""FIXED_PRICE"", ""BEST_OFFER""]",premecollectibles,https://i.ebayimg.com/images/g/vegAAeSwbIdonYdz/s-l1600.jpg,Lillie's Determination,Mega Evolution,184,special_illustration_rare,Chinese,NON_ENGLISH,,donny,2026-09-16T18:49:50.326444+00:00,
e2_16_dev_0109,v1|407180753405|0,https://www.ebay.com/itm/407180753405?amdata=enc%3AAQALAAAAoCHNgUiiE%2FjQhlDTaMiAde%2BlhH9yerfJRn5qVZrva%2FNIapJXgOFtHFmqc%2FQSfXn3GDlYHQ5FkbRkpH7VJfX3tEwTvwfVe1wjnqhY726tGAaEJQCNrG00agQn3pNQb%2F91SJyZ4FO49U1LDHWyb0tYo2OV6uQfDQ8lbUlpZnarc--2G38i0lMOS1op05ViVpovtmxJoYQUy50SaTtQRpzQoHI%3D,Black Kyurem ex 058/207 2026 Brilliant Fantasy Pokemon Chinese,Ungraded,"[""FIXED_PRICE"", ""BEST_OFFER""]",dejourcardshop,https://i.ebayimg.com/images/g/78UAAeSww-FqlF9v/s-l1600.jpg,Kyurem ex,Black Bolt,165,special_illustration_rare,Chinese,NON_ENGLISH,,donny,2026-09-16T18:49:51.156272+00:00,
e2_16_dev_0110,v1|358898963882|0,https://www.ebay.com/itm/358898963882,Black Kyurem ex 218/207 Brilliant Fantasy Pokemon Chinese Near Mint,Ungraded,"[""FIXED_PRICE""]",nerds_cards,https://i.ebayimg.com/images/g/-EoAAeSwtAZqdozO/s-l1600.jpg,Kyurem ex,Black Bolt,165,special_illustration_rare,Chinese,NON_ENGLISH,,donny,2026-09-16T18:49:51.866229+00:00,
e2_16_dev_0111,v1|137695956422|0,https://www.ebay.com/itm/137695956422?amdata=enc%3AAQALAAAAoCHNgUiiE%2FjQhlDTaMiAde%2FmacRYQPIeRU%2F4IwcbKeRyeEkbx6TqeZlvEHjHDLcP7PjRTkknMrpkI7nM0EkQyEBHTxEPOONtqgKXLsYEcfDEhB5SMnK9ERudHHD4rbuYtUYhjjK%2BpPjtGA8PRLParEa662f8yCAxjM3n5FOMfbUXsIYEOks75bOX%2F7Enzl2dkIZDB3q%2FzEyRzEGsD%2BFh6CA%3D,Korean Pikachu ex 044/193 M2a: High Class: MEGA Dream ex Rare Holo 2025 NM,Ungraded,"[""FIXED_PRICE""]",pokesellstcg,https://i.ebayimg.com/images/g/9XkAAeSw~gJqmfc5/s-l1600.jpg,Pikachu ex,Surging Sparks,247,hyper_rare_gold,Korean,NON_ENGLISH,,donny,2026-09-16T18:49:52.680945+00:00,
e2_16_dev_0112,v1|227178671259|0,https://www.ebay.com/itm/227178671259,Pikachu ex SAR 234/193 MEGA Dream ex M2a Pokemon Card Korean NM,Ungraded,"[""FIXED_PRICE""]",kpopcollector,https://i.ebayimg.com/images/g/BR4AAeSwObdqZLjh/s-l1600.jpg,Pikachu ex,Surging Sparks,247,hyper_rare_gold,Korean,NON_ENGLISH,,donny,2026-09-16T18:49:53.641347+00:00,
e2_16_dev_0113,v1|405929931391|0,https://www.ebay.com/itm/405929931391?amdata=enc%3AAQALAAAAoCHNgUiiE%2FjQhlDTaMiAde9pk4ea4WXrZCG7EZEayIZWJ0Ps%2Fs6lHQkEXHIdYIa%2FwQLW9rWloC4hgu5251vZ%2BxwTnb931MOdNSYdD4oMLTjuCUSCgDn%2FpyELBK3mu7xYIxCW33z8pqzkagkPPgjAzGpIIfYxeP5A7uroY0u2oLDStz3e1kCWbFfcAghzdTJkorRzOiUZoGALe%2Fgi2uMlcEw%3D,Archeops R 048/086 White Flare sv11w 2025 Pokemon Card Japanese,Ungraded,"[""FIXED_PRICE""]",carroll_japanese_tcg,https://i.ebayimg.com/images/g/BxMAAeSwX8loQgRl/s-l1600.jpg,Archeops,White Flare,132,illustration_rare,Japanese,NON_ENGLISH,,donny,2026-09-16T18:49:55.653849+00:00,
e2_16_dev_0114,v1|406016742523|0,https://www.ebay.com/itm/406016742523,Team Rocket's Giovanni SAR 129/098 SV10 Glory of Team Rocket  pokemon Korean,Ungraded,"[""FIXED_PRICE"", ""BEST_OFFER""]",myeo_31,https://i.ebayimg.com/images/g/a20AAeSwfMdoZjxc/s-l1600.jpg,Team Rocket's Giovanni,Ascended Heroes,204,uncommon,Korean,NON_ENGLISH,,donny,2026-09-16T18:49:56.467877+00:00,
e2_16_dev_0115,v1|318876942085|0,https://www.ebay.com/itm/318876942085,Nintendo Pokemon TCG Meowth Chinese Holo Basic 70 HP Trading Card,Ungraded,"[""FIXED_PRICE"", ""AUCTION""]",rucus_39,https://i.ebayimg.com/images/g/dKEAAeSwmmZqhS7K/s-l1600.jpg,Meowth,Phantasmal Flames,106,illustration_rare,Chinese,NON_ENGLISH,,donny,2026-09-16T18:49:57.457121+00:00,
e2_16_dev_0116,v1|377195952079|0,https://www.ebay.com/itm/377195952079,Dachsbun ex 046/102 Double Rare SV7 Stellar Miracle Japanese NM,Ungraded,"[""FIXED_PRICE"", ""BEST_OFFER""]",rynossportscards,https://i.ebayimg.com/images/g/gY8AAeSwiwRqDLDr/s-l1600.jpg,Dachsbun ex,Stellar Crown,169,special_illustration_rare,Japanese,NON_ENGLISH,,donny,2026-09-16T18:49:59.176992+00:00,
e2_16_dev_0117,v1|317434540161|0,https://www.ebay.com/itm/317434540161?amdata=enc%3AAQALAAAAoCHNgUiiE%2FjQhlDTaMiAde%2FC%2FBgxOCGRciWUvyRXCmRrW0jZjhLvMTB5rJHWtPe0HWGBUNdzZbk5HVIoowgJ3XFfK5Tfl3XIR7kQcxFM5rwAH9nzHo%2BLJWU%2BIwXEMJyGEY04yFwax1628Xo8mte%2F6LDKk4JryPLF2bY0%2FB5cP77rIxsARfefhqRqV%2FkXD%2FkNqMR5fiJopxRYXnGmtOcTPtY%3D,Pokémon TCG Exclusive Chinese Gem Vol.3 Meowth CBB3C 02 07 Holo Card,Ungraded,"[""FIXED_PRICE"", ""BEST_OFFER""]",decksales2,https://i.ebayimg.com/images/g/dvkAAeSwBv9o2o0N/s-l1600.jpg,Meowth,Phantasmal Flames,106,illustration_rare,Chinese,NON_ENGLISH,,donny,2026-09-16T18:50:00.086095+00:00,
e2_16_dev_0118,v1|389146747080|0,https://www.ebay.com/itm/389146747080?amdata=enc%3AAQALAAAAoCHNgUiiE%2FjQhlDTaMiAde%2BZHQkUy%2F5rV2q3DYZmQKyB06Rinh6eRzW%2FxkyiPp6xqlCsHa0NVuvwUGmpmAsm5vL7VzWOhXFJqGsXxeySAvijv%2FoIEI5%2BB1tiGBdacutQ5H1VN06spHqpztuSQShhX%2FTUyw1449hWo5HB005aZbF14OgDF5OG2yKbcAUqghzwsKr8qB0FiEsPBp0772p9h%2FM%3D,Pokemon TCG S-Chinese Lillie 005/005 Gift Box New Sun&Moon Holo Full Art,Ungraded,"[""FIXED_PRICE"", ""BEST_OFFER""]",legiocollectables,https://i.ebayimg.com/images/g/608AAOSwjkhmBDZR/s-l1600.jpg,Lillie's Determination,Mega Evolution,184,special_illustration_rare,Chinese,NON_ENGLISH,,donny,2026-09-16T18:50:00.793449+00:00,
e2_16_dev_0119,v1|198639813165|0,https://www.ebay.com/itm/198639813165?amdata=enc%3AAQALAAAAoCHNgUiiE%2FjQhlDTaMiAde%2Fu3fOI0AmreFod5om%2FkoE1RDgGh9%2BiQKJsIpm0mKgNNl6duOaR3OVlz1z7JvfYK5K2fITnTDngaTOv1jbVczfsfMMlff4s5J8nk0q9MnQUqpBdgfW478AJ8roQaYThqI976KHVljhUWe0ehYd%2FwbO5UCk3KsVh%2FXEggMiLruASx93J7Uz2LyNKMs34IAj2OFI%3D,ARCHEOPS AR 130/086 SV11W SV11W: WHITE FLARE JAPANESE POKEMON NM/M,Ungraded,"[""FIXED_PRICE""]",yjktradingllc,https://i.ebayimg.com/images/g/YX4AAeSwxbpqp0Mk/s-l1600.jpg,Archeops,White Flare,132,illustration_rare,Japanese,NON_ENGLISH,,donny,2026-09-16T18:50:01.652119+00:00,
e2_16_dev_0120,v1|398189733936|0,https://www.ebay.com/itm/398189733936?amdata=enc%3AAQALAAAAoCHNgUiiE%2FjQhlDTaMiAde%2B4n%2FK2APSlC4u7ZXDtrEZOd6uRgWiZkU5M2lRQJEabR3tS474hNYW7%2BHEwi8kWtDk56HnekkghWmSfSY6NatZk2zSXwnjCUhl7%2BiEhUlQ7Lp2CFfh%2BWvCu4wTfe%2BD1uYw8AzERALGS7JrSk8twg2cnzFJU9CYhdRDS8v%2BTveInJXoPc%2FTj7ZVeahVILzgr9AU%3D,Team Rocket's Giovanni 093/098 Uncommon SV10: The Glory of Team Rocket Korean NM,Ungraded,"[""FIXED_PRICE""]",boltbeamtcg,https://i.ebayimg.com/images/g/S4QAAeSw0F5p9N26/s-l1600.jpg,Team Rocket's Giovanni,Ascended Heroes,204,uncommon,Korean,NON_ENGLISH,,donny,2026-09-16T18:50:02.388132+00:00,
e2_16_dev_0121,v1|236815637061|0,https://www.ebay.com/itm/236815637061,Pikachu ex - 044/193 M2a: High Class Pack: MEGA Dream ex NM KOREAN Pokemon,Ungraded,"[""FIXED_PRICE""]",casteliatradingpost,https://i.ebayimg.com/images/g/sYsAAeSweGNqBUi5/s-l1600.jpg,Pikachu ex,Surging Sparks,247,hyper_rare_gold,Korean,NON_ENGLISH,,donny,2026-09-16T18:50:03.133343+00:00,
e2_16_dev_0122,v1|318320365418|0,https://www.ebay.com/itm/318320365418,Jolteon ex 030/131 Prismatic Evolutions,Ungraded,"[""FIXED_PRICE"", ""BEST_OFFER""]",celsells,https://i.ebayimg.com/images/g/se4AAeSw2CpqCpbl/s-l1600.jpg,Jolteon ex,Prismatic Evolutions,153,special_illustration_rare,Chinese,ENGLISH,,donny,2026-09-16T18:50:04.794080+00:00,
e2_16_dev_0123,v1|398023408132|666318683186,https://www.ebay.com/itm/398023408132?var=666318683186,Pokemon TCG Simplified Chinese Vivid Portrayals Single Card BULK,Ungraded,"[""FIXED_PRICE""]",amventures,https://i.ebayimg.com/images/g/jkgAAeSwYflqIG97/s-l1600.jpg,Trubbish,White Flare,140,illustration_rare,Chinese,NON_ENGLISH,,donny,2026-09-16T18:50:06.546695+00:00,
e2_16_dev_0124,v1|407180837274|0,https://www.ebay.com/itm/407180837274?amdata=enc%3AAQALAAAAoCHNgUiiE%2FjQhlDTaMiAde%2BhjGJnLTj8CppR8fIr9pWTYKDxmyXlbuc%2FHsGw4l2s3jYsOda%2FBBDsMpYptmePP0iw8pZ9v2lSXCM73oIq6zlCQ8KX5uJVqu%2BY0SSFHNE8gOZTFgVSxGhwsoryTE7aMpUlXF0heR%2FImVblgBkifs7aSxcrqKCCWIIQmiTL58s70NAU6NyuxTFvUIcfRmAkjLk%3D,Black Kyurem ex 058/207 2026 Brilliant Fantasy Pokemon Chinese,Ungraded,"[""FIXED_PRICE"", ""BEST_OFFER""]",dejourcardshop,https://i.ebayimg.com/images/g/LZoAAeSwDqFqlG3D/s-l1600.jpg,Kyurem ex,Black Bolt,165,special_illustration_rare,Chinese,NON_ENGLISH,,donny,2026-09-16T18:50:07.367523+00:00,
e2_16_dev_0125,v1|398080679252|0,https://www.ebay.com/itm/398080679252,The Pokémon Company Meowth 020/107 CB3C Chinese Holo Rare 2025 70HP,Ungraded,"[""FIXED_PRICE"", ""BEST_OFFER""]",p0ke-mama0329,https://i.ebayimg.com/images/g/82YAAeSwCPVqND71/s-l1600.jpg,Meowth,Phantasmal Flames,106,illustration_rare,Chinese,NON_ENGLISH,,donny,2026-09-16T18:50:08.122548+00:00,
e2_16_dev_0126,v1|286842301025|0,https://www.ebay.com/itm/286842301025?amdata=enc%3AAQALAAAAoCHNgUiiE%2FjQhlDTaMiAde%2BgQ5CJuQMc7NiGFdcrNOKihFdgk0epi%2F4iSCIEKJUYAHiIJrCqaLmTyIJ5DMZFhADSnVChANzt6FIOzE5gbubDgcacNUEAYuHVb1ZbUnOpp3pztSZSaJLgqf18JMYfy1LExlyTSqLshHoSJHAUI%2FaKTM4hFKvPWRs6JwvBqs8ZdCtPQIK64yZVOdreiazEeyU%3D,2025 Pokemon TCG card Chinese Exclusive gem Vol.3 Meowth CBB3C 02 07 Holo,Ungraded,"[""FIXED_PRICE""]",cardallin,https://i.ebayimg.com/images/g/6DEAAeSwg3Fo89Ga/s-l1600.jpg,Meowth,Phantasmal Flames,106,illustration_rare,Chinese,NON_ENGLISH,,donny,2026-09-16T18:50:08.924095+00:00,
e2_16_dev_0127,v1|397656059364|0,https://www.ebay.com/itm/397656059364?amdata=enc%3AAQALAAAAoCHNgUiiE%2FjQhlDTaMiAde%2B0d6xpOjYZGtLtVCFl1NyB2KILNqDjFpioLPfiudOlA5kxd5ahZcJYhaA8tL18b%2BYtL1abCWIleeRo62w89LB4beSpha037k0eiYr%2BUprAFoEYzDG6JL%2FJEqeaqBel7r86pcZMvLRqmHccOwlU06VsJM%2F6LRrwAJTMU9K3zYr%2BdvHdJhMtkhTirkDs13dP7ik%3D,Dachsbun ex SR 119/102 Stellar Miracle sv7 Pokemon Card Japanese [Near Mint],Ungraded,"[""FIXED_PRICE""]",stcrecycling,https://i.ebayimg.com/images/g/h6gAAOSwwd9oDb6K/s-l1600.jpg,Dachsbun ex,Stellar Crown,169,special_illustration_rare,Japanese,NON_ENGLISH,,donny,2026-09-16T18:50:09.898633+00:00,
e2_16_dev_0128,v1|820091591879|0,https://www.ebay.com/itm/820091591879?amdata=enc%3AAQALAAAAoCHNgUiiE%2FjQhlDTaMiAde8wbVK%2B0cku075KLZkYSaQOBSQKOl4DcQM0stb%2FAXN3Pnz96fJ6uRBt4KtZvf2JJZ0Mbor3NU8AWkX8Ds7tQT4VqvDL7hdQXPjLtQ5%2BUh7yqeFZ3ZYc5oXlfD0gVM4pDHwfUN5jHeE9FA34e2INRpTNN0lnva59QZ2n4voSaQW4krN8WqDkrl3L25QNKuGZrcQ%3D,Pikachu ex Surging Sparks Pokémon TCG 033/106 Scarlet & Violet SV08 Korean Rare,Ungraded,"[""FIXED_PRICE"", ""BEST_OFFER""]",l.a.bigd73,https://i.ebayimg.com/images/g/yRoAAeSw131qnFt4/s-l1600.jpg,Pikachu ex,Surging Sparks,247,hyper_rare_gold,Korean,NON_ENGLISH,,donny,2026-09-16T18:50:11.548324+00:00,
e2_16_dev_0129,v1|405110202584|0,https://www.ebay.com/itm/405110202584?amdata=enc%3AAQALAAAAoCHNgUiiE%2FjQhlDTaMiAde%2B9ZSpp2Dky14l%2FIKX6Ukf%2BMBu0%2B5KmRi7FZ5MiP5UkkVozrWfGRvV%2Fe4B1ux9rpd7fIyRmR62Anzj1U0HbJCajpxYfPaFQFXNiaIF4CEu97sDVMmUieIQGLHRUzC1H5GtTk6BIHCjtk1hr1HU3Zoe92cwt%2Fztf2x5CyE6VESXhvhXOlqmsa9xY5971K8FH0j4%3D,Dachsbun ex SR 119/102 Stellar Miracle SV7 Pokemon Card Japanese,Ungraded,"[""FIXED_PRICE""]",carroll_japanese_tcg,https://i.ebayimg.com/images/g/CM0AAOSwd3ZmmdD5/s-l1600.jpg,Dachsbun ex,Stellar Crown,169,special_illustration_rare,Japanese,NON_ENGLISH,,donny,2026-09-16T18:50:12.476936+00:00,
e2_16_dev_0130,v1|298674156123|0,https://www.ebay.com/itm/298674156123,2026 Pokémon Mega Greninja ex 122/086 Me04: Chaos Rising Holo !! 🔥🔥,Ungraded,"[""FIXED_PRICE"", ""BEST_OFFER""]",swcardworld,https://i.ebayimg.com/images/g/aJ4AAeSw6LpqqCAc/s-l1600.jpg,Mega Greninja ex,Chaos Rising,122,mega_hyper_rare,Portuguese,ENGLISH,,donny,2026-09-16T18:50:14.311018+00:00,
e2_16_dev_0131,v1|318876062407|0,https://www.ebay.com/itm/318876062407,Marill 044/193 Paldea Evolved Common Pokemon NM/M,Ungraded,"[""FIXED_PRICE"", ""BEST_OFFER""]",strictlytcgshop,https://i.ebayimg.com/images/g/n5oAAeSw4FBqqdx6/s-l1600.jpg,Marill,Paldea Evolved,204,illustration_rare,Italian,ENGLISH,,donny,2026-09-16T18:50:15.319224+00:00,
e2_16_dev_0132,v1|278375033344|0,https://www.ebay.com/itm/278375033344,Mega Gardevoir ex Holo Promo ME: Mega Evolution Promo 032 NM,Ungraded,"[""FIXED_PRICE""]",slabhobby,https://i.ebayimg.com/images/g/FWgAAeSwUatqqDaz/s-l1600.jpg,Mega Gardevoir ex,Mega Evolution,187,mega_hyper_rare,French,ENGLISH,,donny,2026-09-16T18:50:16.392529+00:00,
e2_16_dev_0133,v1|366670644191|0,https://www.ebay.com/itm/366670644191?amdata=enc%3AAQALAAAAoCHNgUiiE%2FjQhlDTaMiAde%2Ficjl2SiDGnBzIU4WAW2WDUegVO8Jw6Va3l2rbQlazrnML%2FF8HJQUgrd0xjdyOjAmEDOiYG84YcEjEYCHeOAfVwk4iCgi6n%2FnlZNgbLG1Zi1kVOhIYkFN4Ue8Hik6NFvtCMPyNrm4YTm4DQ94qupPHU0Z2rQw7DpHktaQM936vtUhwenelynKzUV4Nb2T%2BzuQ%3D,Bianca's Devotion 197/162 Temporal Forces Pokemon ,Ungraded,"[""FIXED_PRICE"", ""BEST_OFFER""]",dakmow_74,https://i.ebayimg.com/images/g/st0AAeSw-TFqqUrF/s-l1600.jpg,Bianca's Devotion,Temporal Forces,209,special_illustration_rare,Portuguese,ENGLISH,,donny,2026-09-16T18:50:17.676393+00:00,
e2_16_dev_0134,v1|397752296455|0,https://www.ebay.com/itm/397752296455,Leafeon EX Prismatic Evolutions Stamped Promo 006/131,Ungraded,"[""FIXED_PRICE""]",eeveevault,https://i.ebayimg.com/images/g/atYAAeSwe35pwbl9/s-l1600.jpg,Leafeon ex,Prismatic Evolutions,144,special_illustration_rare,German,ENGLISH,,donny,2026-09-16T18:50:18.823898+00:00,
e2_16_dev_0135,v1|257742998099|0,https://www.ebay.com/itm/257742998099,Reshiram ex Holo Black White Rare White Flare,Ungraded,"[""FIXED_PRICE"", ""BEST_OFFER""]",bookitllc,https://i.ebayimg.com/images/g/kZQAAeSwSkFqqHM4/s-l1600.jpg,Reshiram ex,White Flare,166,special_illustration_rare,German,ENGLISH,,donny,2026-09-16T18:50:20.071160+00:00,
e2_16_dev_0136,v1|398371397458|0,https://www.ebay.com/itm/398371397458,Mega Gardevoir ex - 032 - ME: Mega Evolution Promo (MEP),Ungraded,"[""FIXED_PRICE""]",kevstcglist,https://i.ebayimg.com/images/g/2XoAAeSwPlhqn2d2/s-l1600.jpg,Mega Gardevoir ex,Mega Evolution,187,mega_hyper_rare,French,ENGLISH,,donny,2026-09-16T18:50:21.154266+00:00,
e2_16_dev_0137,v1|398085452367|0,https://www.ebay.com/itm/398085452367?amdata=enc%3AAQALAAAAoCHNgUiiE%2FjQhlDTaMiAde8Gcsy7rc9PAJo%2FHQ83sH1jwOpzDDRlBKnmiDXwpQ97SJ2J408LTh5i93juRleYQYjG%2BsLJH4nj2eSuTCTjoAhRWDwfQxcxupVp%2BkbrocWi0H%2FF8r7BAIgV7f%2FKdGKfFqpFwc1wyC5qBDRQzawVEjumS0pBnY%2FA%2Fzz6TJcFWj8gxlOFeEvUGPXGhfLBhHdzrlU%3D,Mega Greninja ex  022/086 - Chaos Rising - Pokemon TCG - Double Rare,Ungraded,"[""FIXED_PRICE""]",logiktcg,https://i.ebayimg.com/images/g/86sAAeSwwQVqNeu9/s-l1600.jpg,Mega Greninja ex,Chaos Rising,122,mega_hyper_rare,Portuguese,ENGLISH,,donny,2026-09-16T18:50:22.109118+00:00,
e2_16_dev_0138,v1|128073326884|0,https://www.ebay.com/itm/128073326884,SPANISH Pokemon TCG - Zekrom ex - 172/086 - Black Bolt - Black White Rare - NM,Ungraded,"[""FIXED_PRICE"", ""BEST_OFFER""]",bigahcards,https://i.ebayimg.com/images/g/fLYAAeSwaTJqo3p-/s-l1600.jpg,Zekrom ex,Black Bolt,166,special_illustration_rare,Spanish,ENGLISH,,donny,2026-09-16T18:50:22.972674+00:00,
e2_16_dev_0139,v1|318874898225|0,https://www.ebay.com/itm/318874898225,Marill 044/193 Paldea Evolved Common Reverse Holo Pokemon NM/M,Ungraded,"[""FIXED_PRICE"", ""BEST_OFFER""]",strictlytcgshop,https://i.ebayimg.com/images/g/fgsAAeSwcGZqqX2A/s-l1600.jpg,Marill,Paldea Evolved,204,illustration_rare,Italian,ENGLISH,,donny,2026-09-16T18:50:23.982736+00:00,
e2_16_dev_0140,v1|267785291844|0,https://www.ebay.com/itm/267785291844?amdata=enc%3AAQALAAAAoCHNgUiiE%2FjQhlDTaMiAde8ORoeeUtsIANkSQhu77nq322K5lWdBNeQVzcuNB5q9vp2epb%2FXHlYgD%2FCPbb6rKp3ceES%2B%2FI%2Bq1U6YSQ6J6bm6%2BWM4zfCRlyswa731coeGozuxBDKek2IV0hrP9iwPWSk60MEwtJQq88QUCIk%2F4oZ8b3yJpESTgzS9nPwGWgJXpn6QkYhKffr0dOH0A1pN5k4%3D,Pokemon TCG Mega Greninja EX Chaos Rising,Ungraded,"[""FIXED_PRICE"", ""BEST_OFFER""]",jconanjr79,https://i.ebayimg.com/images/g/euMAAeSwmXNqqD-q/s-l1600.jpg,Mega Greninja ex,Chaos Rising,122,mega_hyper_rare,Portuguese,ENGLISH,,donny,2026-09-16T18:50:24.846645+00:00,
e2_16_dev_0141,v1|128078423877|0,https://www.ebay.com/itm/128078423877,Marill 044/193 Common Paldea Evolved Pokemon Lightly Played,Ungraded,"[""FIXED_PRICE""]",pikachu-civic2000,https://i.ebayimg.com/images/g/zsUAAeSwShxqp27X/s-l1600.jpg,Marill,Paldea Evolved,204,illustration_rare,Italian,ENGLISH,,donny,2026-09-16T18:50:25.536728+00:00,
e2_16_dev_0142,v1|226963099185|0,https://www.ebay.com/itm/226963099185,Reshiram EX 20/86 White Flare Double Rare,Ungraded,"[""FIXED_PRICE"", ""BEST_OFFER""]",vity1369,https://i.ebayimg.com/images/g/WPYAAeSwYcxovgFy/s-l1600.jpg,Reshiram ex,White Flare,166,special_illustration_rare,German,ENGLISH,,donny,2026-09-16T18:50:26.686560+00:00,
e2_16_dev_0143,v1|398178901145|0,https://www.ebay.com/itm/398178901145?amdata=enc%3AAQALAAAAoCHNgUiiE%2FjQhlDTaMiAde8iYLaxyO1pUhdDWInPRsvvr4mI3F%2FH%2B2Vjn7ZKvHcGUUU1dze3s2tXnB647LQAmnr%2FiTNz03CCVRJVxSeNUQ7y9gJlJiEOb8FBKqQU9OXMHCg9nMxSdUCht9Nsf5PUCA%2FrDQxen1K3ilHHttVE5tJepwURm3w3s1RmUK33egyUB3VraT1BPbkiz1MiuS96AC0%3D,Leafeon ex Prismatic Evolutions Stamp Holo Promo 006/131 NM 5ban Graphics,Ungraded,"[""FIXED_PRICE"", ""BEST_OFFER""]",gemtcgstore,https://i.ebayimg.com/images/g/B3kAAeSwzDRqWDH9/s-l1600.jpg,Leafeon ex,Prismatic Evolutions,144,special_illustration_rare,German,ENGLISH,,donny,2026-09-16T18:50:27.714450+00:00,
e2_16_dev_0144,v1|147573665566|0,https://www.ebay.com/itm/147573665566,Mega Greninja ex 122/086 Gold Mega Hyper Rare Chaos Rising Pokemon ME04,Ungraded,"[""FIXED_PRICE""]",xero220,https://i.ebayimg.com/images/g/v4wAAeSwCvBqqJMx/s-l1600.jpg,Mega Greninja ex,Chaos Rising,122,mega_hyper_rare,Portuguese,ENGLISH,,donny,2026-09-16T18:50:28.720592+00:00,
e2_16_dev_0145,v1|188403226628|695914437426,https://www.ebay.com/itm/188403226628?var=695914437426,"Temporal Forces, Uncommons & Rares, SV05, TEF, Pokemon TCG",Ungraded,"[""FIXED_PRICE""]",mythias,https://i.ebayimg.com/images/g/s44AAeSwhPFqDOQ2/s-l1600.jpg,Bianca's Devotion,Temporal Forces,209,special_illustration_rare,Portuguese,ENGLISH,,donny,2026-09-16T18:50:29.592630+00:00,
e2_16_dev_0146,v1|206559855484|0,https://www.ebay.com/itm/206559855484,Pokémon TCG - Mega Greninja ex 122/086 - Chaos Rising Gold Secret Rare,Ungraded,"[""FIXED_PRICE"", ""BEST_OFFER""]",c5s_cards-collectibles-and-more,https://i.ebayimg.com/images/g/w7UAAeSwK45qqemL/s-l1600.jpg,Mega Greninja ex,Chaos Rising,122,mega_hyper_rare,Portuguese,ENGLISH,,donny,2026-09-16T18:50:30.571498+00:00,
e2_16_dev_0147,v1|800671835287|0,https://www.ebay.com/itm/800671835287,Mega Gardevoir ex Holo Mega Evolution 060/132 Double Rare NM Pokemon,Ungraded,"[""FIXED_PRICE"", ""BEST_OFFER""]",bearded_vet_tcg,https://i.ebayimg.com/images/g/2SgAAeSwgQNqqsj5/s-l1600.jpg,Mega Gardevoir ex,Mega Evolution,187,mega_hyper_rare,French,ENGLISH,,donny,2026-09-16T18:50:31.704570+00:00,
e2_16_dev_0148,v1|117406387191|0,https://www.ebay.com/itm/117406387191,Mega Gardevoir EX Mega Evolution Holo FA #MEP EN 032,Ungraded,"[""FIXED_PRICE"", ""BEST_OFFER""]",sandscards2,https://i.ebayimg.com/images/g/KlkAAeSwnvJqow6b/s-l1600.jpg,Mega Gardevoir ex,Mega Evolution,187,mega_hyper_rare,French,ENGLISH,,donny,2026-09-16T18:50:32.618297+00:00,
e2_16_dev_0149,v1|398215127013|0,https://www.ebay.com/itm/398215127013?amdata=enc%3AAQALAAAAoCHNgUiiE%2FjQhlDTaMiAde%2FOIxa1jA9W%2BnzHjCInVNJp%2FzW7xVmAcZSWWzTiDj%2BUhieiY9wsSF0h8fBF--MFFNmG6sLKSg1FM0h9ZW1FjZQWyEXNzwK50twlvWHWwJ3kZ%2F7caX0hPEGa4hYX8cTtkMLqvV0k8CGScnvtBJNVGUOun%2BV9YFKgz3oGTms0jh55jW5HgQvgYAYFsEUvVd1db48%3D,Leafeon ex Sealed Prismatic Evolutions Stamp Holo Promo 006/131 NM 5ban Graphics,Ungraded,"[""FIXED_PRICE"", ""BEST_OFFER""]",gemtcgstore,https://i.ebayimg.com/images/g/yOQAAeSwizZqZTu8/s-l1600.jpg,Leafeon ex,Prismatic Evolutions,144,special_illustration_rare,German,ENGLISH,,donny,2026-09-16T18:50:33.573592+00:00,
e2_16_dev_0150,v1|298654961294|0,https://www.ebay.com/itm/298654961294?amdata=enc%3AAQALAAAAoCHNgUiiE%2FjQhlDTaMiAde%2BdNIppjcqES2ueQrRDN1dHZ7A9p7wAd5EJSjimA1N1xAQs1Bl2zYFHG1PubHOjTabfwAefL5IwK5vwgmpllF25jppES%2BylSPbCEhZWZ46kbFOgjqvI3R5cdTqSUJJOcszPcMwqxxE5E0LO70OaMJMcw4tDYeCsopxb35VRbJgTK%2BQlKhoOtH8tc%2BC7nA8sywY%3D,Mega Lucario ex 033 Holo Promo ME: Mega Evolution Promo Pokemon Near Mint,Ungraded,"[""FIXED_PRICE""]",jimmyjimbojones,https://i.ebayimg.com/images/g/8SgAAeSwu7Nqn376/s-l1600.jpg,Mega Lucario ex,Mega Evolution,179,special_illustration_rare,Portuguese,ENGLISH,,donny,2026-09-16T18:50:34.608290+00:00,
e2_16_dev_0151,v1|327355702701|0,https://www.ebay.com/itm/327355702701?amdata=enc%3AAQALAAAAoCHNgUiiE%2FjQhlDTaMiAde%2FPBXJCmQquizI4BVUZbDOWrKtp48sVpruezjsH75TEDoCypFb0ZgbY3GBhX9afDzzQ5j21IH3E8G%2BTCcQn9tXoLRf%2FyVZ0pmhlU1WJAM1OT5Q68Dvu%2BnkllHKETXii8KHXEgqB4BbojaLJ3IiN1l%2BMReqwozOIl2i0mHmVYJYaHiLsDTvOV59%2Bh7iEWE7pajs%3D,Marill 204/193 Sv02: Paldea Evolved Holo,Ungraded,"[""FIXED_PRICE""]",oldiesbutgoodi3s,https://i.ebayimg.com/images/g/F10AAeSwpK5qph9S/s-l1600.jpg,Marill,Paldea Evolved,204,illustration_rare,Italian,ENGLISH,,donny,2026-09-16T18:50:36.373699+00:00,
e2_16_dev_0152,v1|198365634625|0,https://www.ebay.com/itm/198365634625?amdata=enc%3AAQALAAAAoCHNgUiiE%2FjQhlDTaMiAde9RoqEl%2Fqd7JxQ2wcdVApPhnJM5rPurkWjvmZkO2i80HzRlLH16kefYEBfE5Vb0yjhdbImrwrmGqVw1EvLiT9XEg1NOJv24BUU41RtLrxrKjeALeMbeLWI4o6QauaoppLks4PReD2fkVthU6J9hgsMxmSzEvoi%2FRsUklrx8SG03%2BIDEgNSZRZ%2BU7VYjQ5l46PM%3D,Reshiram ex (White Flare Stamped) 020/086 Holo Miscellaneous Cards & Products,Ungraded,"[""FIXED_PRICE""]",eyeconztcg,https://i.ebayimg.com/images/g/5LYAAeSwA7pqDBVn/s-l1600.jpg,Reshiram ex,White Flare,166,special_illustration_rare,German,ENGLISH,,donny,2026-09-16T18:50:37.767278+00:00,
e2_16_dev_0153,v1|317094720076|0,https://www.ebay.com/itm/317094720076,Reshiram ex 158/086 White Flare,Ungraded,"[""FIXED_PRICE"", ""BEST_OFFER""]",raflo-1416,https://i.ebayimg.com/images/g/o9UAAeSwXLFoenHp/s-l1600.jpg,Reshiram ex,White Flare,166,special_illustration_rare,German,ENGLISH,,donny,2026-09-16T18:50:45.721174+00:00,
e2_16_dev_0154,v1|168188713600|0,https://www.ebay.com/itm/168188713600,Bianca's Devotion #197 Pokemon Temporal Forces NM,Ungraded,"[""FIXED_PRICE"", ""BEST_OFFER""]",sweetcards99,https://i.ebayimg.com/images/g/lBUAAeSwxF1pn~Zd/s-l1600.jpg,Bianca's Devotion,Temporal Forces,209,special_illustration_rare,Portuguese,ENGLISH,,donny,2026-09-16T18:50:46.876594+00:00,
e2_16_dev_0155,v1|366533182516|0,https://www.ebay.com/itm/366533182516,Reshiram Ex White Flare,Ungraded,"[""FIXED_PRICE"", ""BEST_OFFER""]",coletrainercollectibles,https://i.ebayimg.com/images/g/m2oAAeSwWZtqUCbO/s-l1600.jpg,Reshiram ex,White Flare,166,special_illustration_rare,German,ENGLISH,,donny,2026-09-16T18:50:47.808913+00:00,
e2_16_dev_0156,v1|298676810596|0,https://www.ebay.com/itm/298676810596,Pokemon Mega Greninja ex 122 086 Chaos Rising Mega Hyper Rare NM,Ungraded,"[""FIXED_PRICE""]",odiouscards,https://i.ebayimg.com/images/g/h1MAAeSwuvJqqUih/s-l1600.jpg,Mega Greninja ex,Chaos Rising,122,mega_hyper_rare,Portuguese,ENGLISH,,donny,2026-09-16T18:50:49.391267+00:00,
e2_16_dev_0157,v1|178500326670|0,https://www.ebay.com/itm/178500326670,Mega Greninja Ex 122/086 Pokemon Card - NM,Ungraded,"[""FIXED_PRICE""]",fourfistcollectibles,https://i.ebayimg.com/images/g/G3MAAeSw6pdqqcH9/s-l1600.jpg,Mega Greninja ex,Chaos Rising,122,mega_hyper_rare,Portuguese,ENGLISH,,donny,2026-09-16T18:50:50.151811+00:00,
e2_16_dev_0158,v1|298559982597|0,https://www.ebay.com/itm/298559982597?amdata=enc%3AAQALAAAAoCHNgUiiE%2FjQhlDTaMiAde%2Bk8qc3%2BDNegAZwfH4D97KnDHvyln5fNV0DU1klx40aRQ%2F%2BwyM1YtZdXwqSBS5z5WZ%2BEir0WF45sDUWnjpsTDLyPTFQYi1grM%2FzgKI0%2FE0V4s7UsUrBACD5xD4aXGry64Y73TTG9om6SZIsbEJCxmYbkgoqWp%2BRzeVOXJupl4LyxuL8DH4cdQ1BJh0%2B4aj3Plc%3D,Reshiram ex (White Flare Stamped) 020/086 Holo Miscellaneous Cards & Products,Ungraded,"[""FIXED_PRICE"", ""BEST_OFFER""]",tyhoff12,https://i.ebayimg.com/images/g/0MoAAeSwWXRqcmXG/s-l1600.jpg,Reshiram ex,White Flare,166,special_illustration_rare,German,ENGLISH,,donny,2026-09-16T18:50:50.848639+00:00,
e2_16_dev_0159,v1|117379401402|0,https://www.ebay.com/itm/117379401402,Mega Greninja ex 022/086 (NM) Holofoil - Chaos Rising - Pokemon,Ungraded,"[""FIXED_PRICE""]",toptiertcg-yt,https://i.ebayimg.com/images/g/HvcAAeSwXm5qjwWV/s-l1600.jpg,Mega Greninja ex,Chaos Rising,122,mega_hyper_rare,Portuguese,ENGLISH,,donny,2026-09-16T18:50:51.877483+00:00,
e2_16_dev_0160,v1|188817883615|0,https://www.ebay.com/itm/188817883615,French Pokemon Card - Nidoking EX 119/182 - EV10 Destiny Rivalries,Ungraded,"[""FIXED_PRICE""]",mdpoke-05,https://i.ebayimg.com/images/g/wTsAAeSwNv5qqs9a/s-l1600.jpg,Team Rocket's Nidoking ex,Destined Rivals,233,special_illustration_rare,French,ENGLISH,,donny,2026-09-16T18:50:57.098378+00:00,
e2_16_dev_0161,v1|177593954101|0,https://www.ebay.com/itm/177593954101,"Pokémon TCG, Mega Lucario Ex 077/132 - Mega Evolution Base Set",Ungraded,"[""FIXED_PRICE""]",zeus_collectiblez,https://i.ebayimg.com/images/g/BnIAAeSwTXVpHmVW/s-l1600.jpg,Mega Lucario ex,Mega Evolution,179,special_illustration_rare,Portuguese,ENGLISH,,donny,2026-09-16T18:51:05.508530+00:00,
e2_16_dev_0162,v1|407207862769|0,https://www.ebay.com/itm/407207862769?amdata=enc%3AAQALAAAAoCHNgUiiE%2FjQhlDTaMiAde8AQO5Y7A0NttcDiQxhbnbvQ70SJkYeHWjOK%2FwQgx%2BdxHSGmqOKmtX1SQ3RF0PAYGuk%2FAA0CWXfSMHZapQ942O%2Fee3oWsnxnofnN0eZTKQduNtqCfXUrEIVCz8Hwi6V22R%2Bgg2nGZ3UCNVwVZwDo208G9W4MZWMamp4b2WVbLq7VrBO8PHR4v9uEUOHLQ254Vw%3D,Mega Gardevoir ex 032 Me: Mega Evolution Promo Holo,Ungraded,"[""FIXED_PRICE"", ""BEST_OFFER""]",ken-708271,https://i.ebayimg.com/images/g/VmEAAeSwd6tqoxPc/s-l1600.jpg,Mega Gardevoir ex,Mega Evolution,187,mega_hyper_rare,French,ENGLISH,,donny,2026-09-16T18:51:06.620289+00:00,
e2_16_dev_0163,v1|800671462203|0,https://www.ebay.com/itm/800671462203?amdata=enc%3AAQALAAAAoCHNgUiiE%2FjQhlDTaMiAde805TK24vm6kIjVGPH4IKd2jJz72JT%2Fr9oZGmzMFqL3ijOJRlwgjt7BtuprvMZwpeiAjB4z4qKi8SZtJhYCugD2HOO9d%2BO%2BV5FJ4eLSIhB6EyzhZTBZ%2BTfbwHbSAIWKTiIxLqcM4J6UCjcHYX%2FAqNXFNh3wPhzxlGSdGTuC2fhHSj0DVXNKNNtQt9GXG4Jf%2BoM%3D,Mega Greninja ex 116/086 Me04: Chaos Rising SIR Holo Near Mint,Ungraded,"[""FIXED_PRICE"", ""BEST_OFFER""]",northbound_collectibles,https://i.ebayimg.com/images/g/EnEAAeSwINFqqoHE/s-l1600.jpg,Mega Greninja ex,Chaos Rising,122,mega_hyper_rare,Portuguese,ENGLISH,,donny,2026-09-16T18:51:07.437313+00:00,
e2_16_dev_0164,v1|127280074349|0,https://www.ebay.com/itm/127280074349,Bianca's Devotion - 142/162 - Temporal Forces Pokemon 2024,Ungraded,"[""FIXED_PRICE"", ""BEST_OFFER""]",ezvj0dv,https://i.ebayimg.com/images/g/Gw8AAeSwALBoi9Su/s-l1600.jpg,Bianca's Devotion,Temporal Forces,209,special_illustration_rare,Portuguese,ENGLISH,,donny,2026-09-16T18:51:08.327157+00:00,
e2_16_dev_0165,v1|326367827262|0,https://www.ebay.com/itm/326367827262?amdata=enc%3AAQALAAAAoCHNgUiiE%2FjQhlDTaMiAde%2BbJUyIFF6Eu5P6vzQn0Yy6IXEuw8uDHv3O1nLhDaxXeo3uujOz2Yyh6Ik2nC69wL2YAJ0z4x2unfGezAvrIoQSAP4sxtbR93OnKJ3B3PIer%2BqyovzkdHKBU8Uxt17mjl0t%2FGbJjz5i041tusRHDNPW%2Fybs%2FuKf%2FOnISI9XP%2FTLnYI32NWm7hYdttFP4Sz56z4%3D,Pokémon TCG Biancas Devotion 197/162  Temporal Forces Ultra Rare  NM/M,Ungraded,"[""FIXED_PRICE"", ""BEST_OFFER""]",prodigalturtle,https://i.ebayimg.com/images/g/gv4AAOSwfCVnWHRo/s-l1600.jpg,Bianca's Devotion,Temporal Forces,209,special_illustration_rare,Portuguese,ENGLISH,,donny,2026-09-16T18:51:09.103081+00:00,
e2_16_dev_0166,v1|820123355554|0,https://www.ebay.com/itm/820123355554,Mega Lucario EX 179/132 Mega Evolutions SIR DAMAGED,Ungraded,"[""FIXED_PRICE"", ""BEST_OFFER""]",palm_oak_tree,https://i.ebayimg.com/images/g/BdoAAeSw~dlqpxp-/s-l1600.jpg,Mega Lucario ex,Mega Evolution,179,special_illustration_rare,Portuguese,ENGLISH,,donny,2026-09-16T18:51:10.066819+00:00,
e2_16_dev_0167,v1|318875998060|0,https://www.ebay.com/itm/318875998060,Marill 044/193 Paldea Evolved Common Pokemon NM/M,Ungraded,"[""FIXED_PRICE"", ""BEST_OFFER""]",strictlytcgshop,https://i.ebayimg.com/images/g/tcUAAeSwjQtqqdWS/s-l1600.jpg,Marill,Paldea Evolved,204,illustration_rare,Italian,ENGLISH,,donny,2026-09-16T18:51:10.792598+00:00,
e2_16_dev_0168,v1|388758765499|0,https://www.ebay.com/itm/388758765499,Reshiram Ex All White From White Flare Set Pokemon Card,Ungraded,"[""FIXED_PRICE"", ""BEST_OFFER""]",isa128140,https://i.ebayimg.com/images/g/tm8AAeSwq9BohFbI/s-l1600.jpg,Reshiram ex,White Flare,166,special_illustration_rare,German,ENGLISH,,donny,2026-09-16T18:51:11.973242+00:00,
e2_16_dev_0169,v1|318872201863|0,https://www.ebay.com/itm/318872201863,Mega Greninja ex 122/086 Gold Mega Hyper Rare Chaos Rising Pokemon ME04,Ungraded,"[""FIXED_PRICE"", ""BEST_OFFER""]",williamsaless,https://i.ebayimg.com/images/g/p9oAAeSwj~ZqqKcq/s-l1600.jpg,Mega Greninja ex,Chaos Rising,122,mega_hyper_rare,Portuguese,ENGLISH,,donny,2026-09-16T18:51:19.091069+00:00,
e2_16_dev_0170,v1|227523463519|0,https://www.ebay.com/itm/227523463519,Pokemon TCG Mega Lucario ex MEP 033! NM Condition! See Description!,Ungraded,"[""FIXED_PRICE""]",spegri_38,https://i.ebayimg.com/images/g/NyQAAeSwollqqeVU/s-l1600.jpg,Mega Lucario ex,Mega Evolution,179,special_illustration_rare,Portuguese,ENGLISH,,donny,2026-09-16T18:51:22.223085+00:00,
e2_16_dev_0171,v1|318867007665|0,https://www.ebay.com/itm/318867007665?amdata=enc%3AAQALAAAAoCHNgUiiE%2FjQhlDTaMiAde%2F7%2FA%2BcT3fDGFXdIA7%2F1qMUNeYbuz95VVox8ECSqW3wrCArJIiKhvBtSPE7YAJhA3UbLcLhfS%2BzGhDQiY9IJNAJLh3Xf%2FLlXAStG7AVQ5F8faniBiIyyBeL7SWzu47EuSmXFZ1D5R8t6jj%2BbaCovFVfyf8Hv5sgmEg82qVHhSbHs5%2Bi1XH0YJ8xvi1j8QJKPTY%3D,Mega Gardevoir EX 112/108 Evolutions Full Art Holo English 2016 360 HP,Ungraded,"[""FIXED_PRICE"", ""BEST_OFFER""]",ryattsells,https://i.ebayimg.com/images/g/HEoAAeSw5Q9qpx-J/s-l1600.jpg,Mega Gardevoir ex,Mega Evolution,187,mega_hyper_rare,French,ENGLISH,,donny,2026-09-16T18:51:23.253803+00:00,
e2_16_dev_0172,v1|336795813766|0,https://www.ebay.com/itm/336795813766,Mega Greninja ex 116/086 Me04: Chaos Rising SIR Holo Near Mint English,Ungraded,"[""FIXED_PRICE"", ""BEST_OFFER""]",javdelga-62,https://i.ebayimg.com/images/g/-rQAAeSwd3NqqiR6/s-l1600.jpg,Mega Greninja ex,Chaos Rising,122,mega_hyper_rare,Portuguese,ENGLISH,,donny,2026-09-16T18:51:24.013456+00:00,
e2_16_dev_0173,v1|198056928304|0,https://www.ebay.com/itm/198056928304,Reshiram ex [White Flare Stamped] 20/86,Ungraded,"[""FIXED_PRICE""]",osae7203,https://i.ebayimg.com/images/g/L-4AAeSwOI5pd7Fv/s-l1600.jpg,Reshiram ex,White Flare,166,special_illustration_rare,German,ENGLISH,,donny,2026-09-16T18:51:25.013611+00:00,
e2_16_dev_0174,v1|800668828031|0,https://www.ebay.com/itm/800668828031,Mega Lucario ex Holo Promo ME: Mega Evolution Promo 033 NM ((Pokemon)),Ungraded,"[""FIXED_PRICE"", ""BEST_OFFER""]",janda_tcg,https://i.ebayimg.com/images/g/l6MAAeSwCxdqqg8S/s-l1600.jpg,Mega Lucario ex,Mega Evolution,179,special_illustration_rare,Portuguese,ENGLISH,,donny,2026-09-16T18:51:25.963791+00:00,
e2_16_dev_0175,v1|298669270754|0,https://www.ebay.com/itm/298669270754,Mega Lucario ex 033 Mega Evolution Promo,Ungraded,"[""FIXED_PRICE"", ""BEST_OFFER""]",ogencham,https://i.ebayimg.com/images/g/QCoAAeSwKVhqnRh3/s-l1600.jpg,Mega Lucario ex,Mega Evolution,179,special_illustration_rare,Portuguese,ENGLISH,,donny,2026-09-16T18:51:26.993453+00:00,
e2_16_dev_0176,v1|198365634624|0,https://www.ebay.com/itm/198365634624?amdata=enc%3AAQALAAAAoCHNgUiiE%2FjQhlDTaMiAde8j%2BWmuVlrj6sRIPbSfOAM8DCHyhY0wLQ3ES5Xm1NsuD%2BiMMWaIK8AUyuhawb85ZKO4666UKql9nj3BT8WaoF4%2BwJtxyXWjx8YOws%2BY38%2B%2FdAu6jNvQYh7q242NuccMo87XHkoX6TQathXX4yRroLx06gDsXaHedAOEmNnvbbjx0E4a3B933iFZ3KPmAK8OM1I%3D,Reshiram ex (White Flare Stamped) 020/086 Holo Miscellaneous Cards & Products,Ungraded,"[""FIXED_PRICE""]",eyeconztcg,https://i.ebayimg.com/images/g/StYAAeSwHNFqDBba/s-l1600.jpg,Reshiram ex,White Flare,166,special_illustration_rare,German,ENGLISH,,donny,2026-09-16T18:51:27.646540+00:00,
e2_16_dev_0177,v1|168677567416|0,https://www.ebay.com/itm/168677567416,2025 Pokemon Mega Evolution #179/132 Mega Lucario ex Special Illustration Rare,Ungraded,"[""FIXED_PRICE""]",burbanksportscards,https://i.ebayimg.com/images/g/OloAAeSw90tqonVx/s-l1600.jpg,Mega Lucario ex,Mega Evolution,179,special_illustration_rare,Portuguese,ENGLISH,,donny,2026-09-16T18:51:28.374004+00:00,
e2_16_dev_0178,v1|157711563314|0,https://www.ebay.com/itm/157711563314?amdata=enc%3AAQALAAAAoCHNgUiiE%2FjQhlDTaMiAde8magCs7PCmIZW1oPy2pZ9jZMoXhrDDJeoA27fh%2Fo9USqdFqWLaelAF6JkVGQmPT%2BUQ44ryB%2BkgNClNouY%2FRhOdRg%2BAEVJgafXEwtdjbrwos3%2Bxlij4bgIcMuf6i4sWEFWNJ5cbG0Y0lYEiXD8tNqyqxKpcjyjmGctQdepCZcKXZk%2BLqWcNOnTacpUbDfSnzw8%3D,Pokemon Reshiram EX White Flare Holo Card 20/86,Graded,"[""FIXED_PRICE"", ""BEST_OFFER""]",mojoe_pc,https://i.ebayimg.com/images/g/7egAAeSwKbppoNld/s-l1600.jpg,Reshiram ex,White Flare,166,special_illustration_rare,German,ENGLISH,,donny,2026-09-16T18:51:29.653843+00:00,
e2_16_dev_0179,v1|398355197922|0,https://www.ebay.com/itm/398355197922,Pokemon TCG Mega Gardevoir EX Card 178/132 Sir Pokemon Me01: Mega Evolution,Ungraded,"[""FIXED_PRICE"", ""BEST_OFFER""]",cob_6847,https://i.ebayimg.com/images/g/pQsAAeSwoVxqmYnN/s-l1600.jpg,Mega Gardevoir ex,Mega Evolution,187,mega_hyper_rare,French,ENGLISH,,donny,2026-09-16T18:51:30.553467+00:00,
e2_16_dev_0180,v1|168670358401|0,https://www.ebay.com/itm/168670358401,Mega Lucario ex 033 Holo Promo ME: Mega Evolution Promo Pokemon Near Mint,Ungraded,"[""FIXED_PRICE""]",rescuecentercards,https://i.ebayimg.com/images/g/pyIAAeSwMfVqnmi1/s-l1600.jpg,Mega Lucario ex,Mega Evolution,179,special_illustration_rare,Portuguese,ENGLISH,,donny,2026-09-16T18:51:31.464967+00:00,
e2_16_dev_0181,v1|128042421368|0,https://www.ebay.com/itm/128042421368?amdata=enc%3AAQALAAAAoCHNgUiiE%2FjQhlDTaMiAde8JpBKHpZ6Fng54rr7SaqS8YbwuXIddPdCgrksjeFakPjuWefWafgiFea7U%2BiSkZoPKuAdg60QAc4srC1CWBfR%2BxOvU%2BCLut0lQjzl9QE69v8qnwHZeiXkidfIRWUdJX2Um8UnlKLWadzCPNu9ZFzLgkbdGla8u6AnW6uKESjlc%2FQJq%2F00mYvUc6jWI2QECTbw%3D,Mega Lucario ex 033 Holo Promo ME: Mega Evolution Promo Pokemon Near Mint,Ungraded,"[""FIXED_PRICE""]",bigdeckenergies,https://i.ebayimg.com/images/g/2dgAAeSwo5FqjHnu/s-l1600.jpg,Mega Lucario ex,Mega Evolution,179,special_illustration_rare,Portuguese,ENGLISH,,donny,2026-09-16T18:51:32.138806+00:00,
e2_16_dev_0182,v1|800548227946|0,https://www.ebay.com/itm/800548227946,Mega Gardevoir ex Holofoil NM Promo ME: Mega Evolution Promo 032,Ungraded,"[""FIXED_PRICE""]",tbt_vending,https://i.ebayimg.com/images/g/NVkAAeSwTgpqiYDu/s-l1600.jpg,Mega Gardevoir ex,Mega Evolution,187,mega_hyper_rare,French,ENGLISH,,donny,2026-09-16T18:51:33.105063+00:00,
e2_16_dev_0183,v1|407220869109|0,https://www.ebay.com/itm/407220869109?amdata=enc%3AAQALAAAAoCHNgUiiE%2FjQhlDTaMiAde%2Bc5aJ42RkSSRpZMGeiWyAAOeCVN7hrvaPVVbAQfPCb6QGtcRUYCD9Nq8PiiIS5TVsZ5Kpj7vh308ZWj0UTYdpy%2FfR1asXefkoxaocsI30EFOus7uekJhobfHVlc9paZmwKOW7JuVNGmf4V2I7LZnieJ9rAuIGaSzZvo5OdEGHojjEOk855xoSoJQXNC3QiCPU%3D,Mega Gardevoir ex Holo Promo ME: Mega Evolution Promo 032 NM,Ungraded,"[""FIXED_PRICE""]",abespokeporch,https://i.ebayimg.com/images/g/~NgAAeSwjQtqqmuC/s-l1600.jpg,Mega Gardevoir ex,Mega Evolution,187,mega_hyper_rare,French,ENGLISH,,donny,2026-09-16T18:51:33.950270+00:00,
e2_16_dev_0184,v1|800631162735|0,https://www.ebay.com/itm/800631162735,Bianca's Devotion - Ultra Rare - Temporal Forces #197- Pokemon - NM,Ungraded,"[""FIXED_PRICE"", ""BEST_OFFER""]",jb_cards270,https://i.ebayimg.com/images/g/XRIAAeSwTy1qoBPP/s-l1600.jpg,Bianca's Devotion,Temporal Forces,209,special_illustration_rare,Portuguese,ENGLISH,,donny,2026-09-16T18:51:34.775093+00:00,
e2_16_dev_0185,v1|147513961764|0,https://www.ebay.com/itm/147513961764?amdata=enc%3AAQALAAAAoCHNgUiiE%2FjQhlDTaMiAde9csHsCQ8QtYDPjIP6xopqsOLg%2BNn2YLcS7lrfi1QmcF7X1UtS2hC74jfWaO7Rppv5pXp9R4qmcB9UFuq%2FQ36cKeCc%2BUooFfdOmnWquug8VpoWzXJQ9rm%2FZrvYoeJsPlgN1OcLa1QPPkXhif%2BDtcX5ZdRdBvXtyU8CXg67XMehxrD45NZEmaBZfAe6RNq%2FpdMc%3D,Mega Greninja ex 122/086 Me04: Chaos Rising Holo,Ungraded,"[""FIXED_PRICE"", ""BEST_OFFER""]",runu-1967,https://i.ebayimg.com/images/g/JNYAAeSwHQBqhQRi/s-l1600.jpg,Mega Greninja ex,Chaos Rising,122,mega_hyper_rare,Portuguese,ENGLISH,,donny,2026-09-16T18:51:35.560869+00:00,
e2_16_dev_0186,v1|287569686838|0,https://www.ebay.com/itm/287569686838?amdata=enc%3AAQALAAAAoCHNgUiiE%2FjQhlDTaMiAde%2Bf9k4N7soJrQKYgvBi1til1HmcVgHu3dQtEAbvluY%2FDGAOUMdITN%2F7jh3TFWFNYX19EqyFEUX5TlPhZuotC6HeFFLfNGvbByp65kpWaBIVYlruMhAt%2F1L4%2BluQhdkytvBucca8jGexwWfQPEM3MidsLjUJ6U97N7ReuFUjhCScHZJN1PhqgJJs1g8imOd8YBU%3D,Mega Greninja ex 100/086 Ultra Rare Chaos Rising Pokemon Holo Near Mint,Ungraded,"[""FIXED_PRICE""]",crb_investments,https://i.ebayimg.com/images/g/gdIAAeSw5B5qnb95/s-l1600.jpg,Mega Greninja ex,Chaos Rising,122,mega_hyper_rare,Portuguese,ENGLISH,,donny,2026-09-16T18:51:36.854830+00:00,
e2_16_dev_0187,v1|178502000073|0,https://www.ebay.com/itm/178502000073,Mega Gardevoir ex Holo Double Rare ME01: Mega Evolution 060/132 NM pokemon MD3,Ungraded,"[""FIXED_PRICE"", ""BEST_OFFER""]",anth_collects,https://i.ebayimg.com/images/g/3FQAAeSwdb9qqnd5/s-l1600.jpg,Mega Gardevoir ex,Mega Evolution,187,mega_hyper_rare,French,ENGLISH,,donny,2026-09-16T18:51:37.674898+00:00,
e2_16_dev_0188,v1|157302605328|0,https://www.ebay.com/itm/157302605328?amdata=enc%3AAQALAAAAoCHNgUiiE%2FjQhlDTaMiAde92v%2BxQ%2Bb9gzB7W%2BUU4ePj7aRDr6AnXL%2FYNf68MLHUvgi3Et4oEZT2HXJ09yBPIfz1X0XKdszeq3bjIvHNJt0bCnA%2BYjr%2FtFPSgGMD1RbeZq1mTG9gvwaaiZombfCYkY%2B7dFzHAnRflgFUgFKzFpD%2FYEmaVj%2BY6kZePLkT4IoKdFZJGYjkvt4zYbucZE4NSE14%3D,Bianca's Devotion - 197/1 Temporal Forces #197 (2024) Ultra Rare Holo NM Pokemon,Ungraded,"[""FIXED_PRICE""]",acornpokemart,https://i.ebayimg.com/images/g/agkAAeSwcFlovQPH/s-l1600.jpg,Bianca's Devotion,Temporal Forces,209,special_illustration_rare,Portuguese,ENGLISH,,donny,2026-09-16T18:51:38.489188+00:00,
e2_16_dev_0189,v1|227515631222|0,https://www.ebay.com/itm/227515631222?amdata=enc%3AAQALAAAAoCHNgUiiE%2FjQhlDTaMiAde%2F6zZisKklP%2FwCpmDWiOIvaymAoersOx4SZp7CG9PQJFyPoZVD6bhCtzdOGTMN%2BJZ8TQpjkWRrIZiqw3osD5PTodjXNbaEiyDr%2FLGfi36QGP2eTDdbw2PWQrJNXcBWlP3SRL9m%2BJSNibpwU0%2BuIs9k6ykH73yPhEOso21SPww89hcS1vDMwYBUJRv6e1BBcrBg%3D,Mega Greninja ex 122/086 Me04: Chaos Rising Holo,Graded,"[""FIXED_PRICE"", ""BEST_OFFER""]",cardboardkingdomtreasures,https://i.ebayimg.com/images/g/89QAAeSwiCJqlE2k/s-l1600.jpg,Mega Greninja ex,Chaos Rising,122,mega_hyper_rare,Portuguese,ENGLISH,,donny,2026-09-16T18:51:40.073694+00:00,
e2_16_dev_0190,v1|327351968951|0,https://www.ebay.com/itm/327351968951,Dachsbun ex #067/142 | SV07: Stellar Crown | Holo | NM,Ungraded,"[""FIXED_PRICE""]",capsfan888,https://i.ebayimg.com/images/g/twkAAeSwl0BqouyA/s-l1600.jpg,Dachsbun ex,Stellar Crown,169,special_illustration_rare,Japanese,ENGLISH,,donny,2026-09-16T18:51:41.015906+00:00,
e2_16_dev_0191,v1|316916686282|0,https://www.ebay.com/itm/316916686282?amdata=enc%3AAQALAAAAoCHNgUiiE%2FjQhlDTaMiAde87xDEUJwa1gfc0jM20l%2FbliaV8xroKivgYYeO%2F1qVn81QD2LsJ4%2BXjnQ7CHct0TBA2X0IYDtishcY%2FU6OugVf%2Bd%2FQq1%2F%2BHfZFhr45%2FlZEnXM9%2BMWO3UO4cE4t1N7eQZbp8X2QHS9wicPedYF0C63nTlaxdVLu4yKc0Nz1j9EyeKqy%2FDOJJodqbrSnA89cyLnY%3D,Dachsbun ex SR SAR Set 119-129/102 SV7 Stellar Miracle - Pokemon Card Japanese,Ungraded,"[""FIXED_PRICE"", ""BEST_OFFER""]",animart_japan,https://i.ebayimg.com/images/g/oKcAAeSwN~poQZfx/s-l1600.jpg,Dachsbun ex,Stellar Crown,169,special_illustration_rare,Japanese,NON_ENGLISH,,donny,2026-09-16T18:51:42.964617+00:00,
e2_16_dev_0192,v1|800432972531|0,https://www.ebay.com/itm/800432972531?amdata=enc%3AAQALAAAAoCHNgUiiE%2FjQhlDTaMiAde%2FIMS7elA9fQ0RrykhKEes%2BX3VNwG%2FqaW1TD2daGZlauUWjB0i%2FTlXRiWXwjGdGFgDuuJm%2FT8RN6W2VZWpauLdtqH1FG8zIZtA6kiWlZBaumtzAMgWxa1hd2F2XpOPwT%2FQ0UCGEAD9pApB7jVCuFw38KorhlwcHzv1P7RFmj%2B3rfcteEPP4jdtQPJadaHBDMO8%3D,Pokemon TCG Pikachu ex SAR 234/193 M2a MEGA Dream ex Korean BRG 9,Graded,"[""FIXED_PRICE"", ""BEST_OFFER""]",koreajapanhub,https://i.ebayimg.com/images/g/22AAAeSwENVqa15~/s-l1600.jpg,Pikachu ex,Surging Sparks,247,hyper_rare_gold,Korean,NON_ENGLISH,,donny,2026-09-16T18:51:48.811185+00:00,
e2_16_dev_0193,v1|137738268189|0,https://www.ebay.com/itm/137738268189,Korean Mega Charizard EX 011/071 20th Anniversary Pokemon Card,Ungraded,"[""FIXED_PRICE"", ""BEST_OFFER""]",nuabel,https://i.ebayimg.com/images/g/5W0AAeSwuaFqqK3V/s-l1600.jpg,Mega Charizard Y ex,Ascended Heroes,294,mega_hyper_rare,Korean,NON_ENGLISH,,donny,2026-09-16T18:51:50.557878+00:00,
e2_16_dev_0194,v1|137126679513|0,https://www.ebay.com/itm/137126679513,2025 Pokemon TCG card Chinese Exclusive gem Vol.3 Meowth CBB3C 02 07 Holo,Ungraded,"[""FIXED_PRICE"", ""BEST_OFFER""]",amcmodels222,https://i.ebayimg.com/images/g/rdsAAeSwMA9ps9Lj/s-l1600.jpg,Meowth,Phantasmal Flames,106,illustration_rare,Chinese,NON_ENGLISH,,donny,2026-09-16T18:51:51.647286+00:00,
e2_16_dev_0195,v1|318822335291|0,https://www.ebay.com/itm/318822335291?amdata=enc%3AAQALAAAAoCHNgUiiE%2FjQhlDTaMiAde8fCIPOjKZe9A%2B9KCvfnBnLSXfdNuGf3gDGxnpjY2ABUY4El4%2FhmZq7MA3HmY%2F7dGo6i3aOLv2hL6A%2B%2BaBh4NbtJHcar%2BCA0e9ate%2B9xSXK36NQ2iXo%2F3cliVpbzEXqIFT6D2u2elexkiIJPBEz0mNeOo58MotM3oxFweKwTJjgPd9idStGl0mqzk%2F994mM9l4%3D,Black Kyurem ex 058/207 Brilliant Fantasy Pokemon Chinese NM,Ungraded,"[""FIXED_PRICE"", ""BEST_OFFER""]",radiant_cards_co,https://i.ebayimg.com/images/g/qoMAAeSwGGJqmgrG/s-l1600.jpg,Kyurem ex,Black Bolt,165,special_illustration_rare,Chinese,NON_ENGLISH,,donny,2026-09-16T18:51:52.473836+00:00,
e2_16_dev_0196,v1|158096057558|0,https://www.ebay.com/itm/158096057558,PIKACHU FULL ART HOLO KOREAN POKEMON CARD S4 104/100 SR,Ungraded,"[""FIXED_PRICE"", ""BEST_OFFER""]",chaisoccer,https://i.ebayimg.com/images/g/WrcAAeSwan9qW6jW/s-l1600.jpg,Pikachu ex,Surging Sparks,247,hyper_rare_gold,Korean,NON_ENGLISH,,donny,2026-09-16T18:51:53.897096+00:00,
e2_16_dev_0197,v1|398294160157|0,https://www.ebay.com/itm/398294160157?amdata=enc%3AAQALAAAAoCHNgUiiE%2FjQhlDTaMiAde%2F8VDRMogb7aaZrzcm0FSXriZ3R0VP0e09hQJNZFJaSnBygTlJOqAJ13DNL%2BmQgqB52nSTW2XmR5Wn9kt0FJ0vCERsvifz7qFjkGNLrDOpuvbglzwJ2cWasBoGp4i%2FUQpwIqbhX4C9NRSi1WY0%2F0CBWt2S56atwTvsX7XX8ySkIDLru%2BM%2F0mDpFdAguckuf%2FLc%3D,Sunflora TWM 007/167 U Reverse Holofoil Twilight Masquerade Pokemon Card NM,Ungraded,"[""FIXED_PRICE""]",holosyndicate,https://i.ebayimg.com/images/g/yHcAAeSw2bhqiPUS/s-l1600.jpg,Sunflora,Twilight Masquerade,169,illustration_rare,Chinese,ENGLISH,,donny,2026-09-16T18:51:55.217865+00:00,
e2_16_dev_0198,v1|800462869298|0,https://www.ebay.com/itm/800462869298?amdata=enc%3AAQALAAAAoCHNgUiiE%2FjQhlDTaMiAde%2FJvZs136d1Bn4jsDgH%2BDOllXsJ09eHgGCXy4rEGolitfYW0YQnI%2B33BcwbHbQVIpKHix5zReVbxB6lY%2Bnu8oNPg1Wb6t9fqVS7e0uav2BQxlB4oWm0cjvKw1v3JQvvIqhdVaCaQpRRuilAa2gqDwr0ins238gHGwYe0A2xL66Ea8iDrkGXAbfBxt8XksjUcEI%3D,Trubbish 085/115 Vivid Portrayals Indigo Pokemon Chinese Near Mint,Ungraded,"[""FIXED_PRICE""]",heyitsbher,https://i.ebayimg.com/images/g/rqAAAeSwdJpqcovH/s-l1600.jpg,Trubbish,White Flare,140,illustration_rare,Chinese,NON_ENGLISH,,donny,2026-09-16T18:51:56.585764+00:00,
e2_16_dev_0199,v1|318822117701|0,https://www.ebay.com/itm/318822117701?amdata=enc%3AAQALAAAAoCHNgUiiE%2FjQhlDTaMiAde8Pav%2BM6p25tBrNWPUgw%2FNxhwqE%2BUJQg6l83H8u84KIvGu6Dw0dmHH68zJNIyPQy6zmWmfPnturtt%2FFRprR8tdFJpTYVrAo2UdFKSTFUfIrCaucd338vTzDCgWDnq7q%2FFeLsbRf7SXPhlLUz2aNJiar573f3tcL8%2BizXIDHQdYJRwtWhLUF%2BkO7Q%2FRgbAc6CQM%3D,Black Kyurem ex 058/207 Brilliant Fantasy Pokemon Chinese NM,Ungraded,"[""FIXED_PRICE"", ""BEST_OFFER""]",radiant_cards_co,https://i.ebayimg.com/images/g/vB4AAeSwzMRqmfxH/s-l1600.jpg,Kyurem ex,Black Bolt,165,special_illustration_rare,Chinese,NON_ENGLISH,,donny,2026-09-16T18:51:58.290987+00:00,
